"gene","baseMean","log2FoldChange","lfcSE","pvalue","padj"
"METTL7B",452.54942317063,5.90845980599012,0.395686136310517,9.1124295431476e-52,1.18106199308736e-47
"C1QB",787.300084796599,4.02941156776412,0.322689585900626,6.12184401304073e-37,3.96726101265105e-33
"C1QC",715.882234985152,4.61327934713336,0.372396940339184,1.69299749376884e-36,7.3143135055793e-33
"C2",2250.1778936874,3.55197028057778,0.291153557307572,1.55168606845505e-35,5.02785078331148e-32
"FAM20A",553.194851033537,5.56055318060722,0.461491473934548,5.28655159898315e-35,1.37037990548841e-31
"C1QA",1180.72968813061,2.99831860822524,0.270931185130124,9.2072891003529e-30,1.98892790049457e-26
"ACE",63.5533529891151,4.40278457304812,0.474122122066137,1.93117489874243e-21,3.57570826608581e-18
"IMPDH2",562.047801590935,-1.35385067119406,0.154680074516436,1.25797142718529e-19,2.03807095846856e-16
"MS4A4A",1299.40535071714,1.66358919597574,0.190800863118848,1.56335357534638e-19,2.25140285445161e-16
"FYB",23829.2885872669,0.801860319477849,0.0965285384863094,9.67083929478788e-18,1.25343748099746e-14
"NCOA7",2519.95685476022,2.99731293336093,0.368014210340592,1.99287834287006e-17,2.34815420017626e-14
"CLU",2182.8521180814,3.5496578739739,0.439534788454164,3.49684099987202e-17,3.4863504768724e-14
"IFI27",13495.1063114692,12.8922878535401,1.60212810293551,3.25659093942813e-17,3.4863504768724e-14
"GAS6",635.440763848798,2.09800057596282,0.261714558233862,5.14739889446128e-17,4.76538836222233e-14
"H3F3B",16142.9776757283,0.611327613371503,0.0771634364089298,2.28380993679783e-16,1.97336403938911e-13
"SBNO2",8975.22769358379,0.721390665983073,0.091607606072887,3.26468416151625e-16,2.64459821358826e-13
"FCGR1A",5378.06167613002,2.23588673839775,0.290529647691697,9.44416420881468e-16,7.20034190061453e-13
"CXCL10",1131.41487563028,3.93104298144592,0.524122636490435,2.79869254126202e-15,2.01521411262762e-12
"ADAP2",2501.48226451554,0.838753809250835,0.112587275692144,7.53163642555465e-15,5.13776524797967e-12
"HIST1H2BK",366.578484263526,1.09983871773193,0.148626850901573,9.15083879897605e-15,5.68273358594846e-12
"JAK3",4785.41665579231,1.07151204129954,0.144780599196692,9.20742267609889e-15,5.68273358594846e-12
"SOX4",1549.1758105393,-1.24920915732722,0.169695650022547,1.07702442465548e-14,6.34514253089075e-12
"PIM3",3529.04198848085,1.16984429128408,0.15975874318473,1.38723298907711e-14,7.81735946583844e-12
"DCAF11",2053.76488168093,0.577057415253641,0.0783838126891876,2.26894671200629e-14,1.19728136565084e-11
"SH2B2",713.581536226816,1.50750968820218,0.207975070989775,2.30939234173837e-14,1.19728136565084e-11
"ITGA7",463.788405765197,3.74278834760811,0.520898960325352,2.91110173810553e-14,1.45118421644561e-11
"PIM1",3997.48000421084,1.53377872663956,0.217401169130057,9.5279801343762e-14,4.5737833526537e-11
"PLAC8",8604.94044326763,2.99369417985003,0.426685006026016,1.06301889899841e-13,4.92063855354227e-11
"MAFB",14001.150131387,0.983055695060348,0.141085884852183,2.2010761083666e-13,9.8372922208757e-11
"CASP5",214.077983864274,1.65364604508582,0.245179586712911,8.67458930482288e-13,3.74771173266031e-10
"AC025335.1",161.487514665877,-1.15259224106521,0.170977303505728,9.33862361575333e-13,3.78243439636809e-10
"MYOF",9242.65837974151,1.83406121720255,0.272897333507107,9.32412640494682e-13,3.78243439636809e-10
"RPL13",6137.61808620258,-0.828883040806293,0.124193383135,1.94109614868728e-12,7.62380217670784e-10
"JADE2",480.245816240699,0.914845158425349,0.137953031462261,2.5027669014552e-12,9.54069464992966e-10
"FZD5",293.98321110836,1.79957567597829,0.276176870836219,3.67393346764502e-12,1.36051004783277e-09
"CDKN1A",3607.25595112557,1.95116967417675,0.302958086431588,6.21756673861947e-12,2.23849673609019e-09
"CSRNP1",1384.61949665754,1.51903699546517,0.243052158182583,2.18883723783266e-11,7.66743768636461e-09
"NARS",4298.40926036156,-0.398768428973902,0.0627427145774046,4.53115364835665e-11,1.54548111674607e-08
"GBP4",7981.67561016044,2.37796350518427,0.389272619138817,5.31876228988979e-11,1.76760200100671e-08
"SLC25A25",1047.16716275627,0.812495077031451,0.131748534303981,5.52947795595898e-11,1.79168909467961e-08
"AGRN",1823.99951718474,2.87875713886131,0.476744748890852,7.60794263256004e-11,2.40503766977099e-08
"RAB37",1614.02042043949,-0.919980210996899,0.151192040257133,8.2408289354459e-11,2.54308056743606e-08
"ENPP2",106.51682837756,3.09010177095032,0.514412620266988,1.00544493339671e-10,3.03059808878017e-08
"HEG1",1774.25717107963,2.14279410628959,0.363076876903571,1.94315072041526e-10,5.72390374711412e-08
"STOM",4063.90906371122,1.39359182628265,0.239957986195928,2.71424412034774e-10,7.81762623196157e-08
"RUFY4",794.40298211553,2.88433540100601,0.503949872325753,4.75378531363634e-10,1.33943068369653e-07
"MKKS",975.82815785387,-0.543097859019637,0.0922659695313949,5.12202517515497e-10,1.41248017649327e-07
"SEZ6L",152.264914979999,-2.11744920023438,0.376827737259772,8.87949982350705e-10,2.39764994192656e-07
"PDXK",4648.58342168645,-0.668600199820497,0.116500960279769,9.20602196000787e-10,2.43508674742167e-07
"OTOF",6604.64136693936,8.804871182287,1.59772348379816,1.015398829009e-09,2.63211684455712e-07
"SLC38A10",3603.03170677145,0.496336375123678,0.0862979082450199,1.3097969187863e-09,3.26466882007486e-07
"VSIG10L",135.952696802004,1.81475857508782,0.325739282992847,1.29869692398124e-09,3.26466882007486e-07
"IFIH1",382.791376223407,1.69460778793983,0.305290412520112,1.44169770595151e-09,3.52563093713915e-07
"UNC119B",1388.90072972101,-0.786013743786424,0.139914037900042,1.5425851301405e-09,3.7024899762502e-07
"FLVCR2",1608.62654203622,0.834122689278022,0.148854488253125,1.60280464490659e-09,3.77708200047897e-07
"ANXA2R",219.295184243877,1.49398764809392,0.270192912348231,1.68245468296853e-09,3.89398127606342e-07
"PARP9",3887.71865105579,2.37387037390092,0.430717471556643,1.75995396433621e-09,4.00188830381783e-07
"PLEKHA2",5230.56546422513,0.45605333022099,0.080093333035709,2.08057966963215e-09,4.64937812036247e-07
"MCTP2",866.410516944065,1.28970741682332,0.234986747185987,2.33641079963912e-09,5.13257972442757e-07
"ACP2",1354.68368219217,1.14623986812071,0.209214570051719,2.59254085331814e-09,5.60032033330939e-07
"AKR1B1",585.616324599724,-1.08537117481811,0.198511846895537,2.63714721165386e-09,5.60328934594191e-07
"TRIM25",4697.66431425045,0.726506371951644,0.131791368117562,3.16388957498834e-09,6.61406012603611e-07
"BRWD3",1651.6199963963,-0.480505342876774,0.0863247560000542,4.05312396626498e-09,8.2476883114013e-07
"CACNA2D3",491.76234484424,-2.26065791278007,0.423001764586595,4.07261825422176e-09,8.2476883114013e-07
"TRIM13",589.963878381799,-0.788833901401571,0.145351063040969,4.46784205069734e-09,8.9088770490905e-07
"TLR7",4244.10149955905,1.27802039006449,0.239985800688545,5.42746392254057e-09,1.06583878636437e-06
"ADGRD1",559.293100784646,-1.4223250208083,0.267867029948664,5.61471329455657e-09,1.08615371657832e-06
"CD63",12822.5637016171,0.781538038571524,0.145242903979024,6.04290129159104e-09,1.15179475941634e-06
"EXOC3L1",189.17198371315,2.90905227066442,0.55388185176789,6.38137088127618e-09,1.16491476045381e-06
"MVP",15879.4653645047,0.592356351065554,0.10887684442168,6.3111411265259e-09,1.16491476045381e-06
"TLR1",4062.86712890271,0.544585297735893,0.0997357013060227,6.20881610714671e-09,1.16491476045381e-06
"MTHFD2",2851.62137108188,1.06646413124424,0.200470480292023,6.50534991410347e-09,1.16809098119228e-06
"PINK1",2117.3874046961,-0.616866300712669,0.113951355422398,6.5790171766867e-09,1.16809098119228e-06
"CR1",14259.3779367707,1.12716668781141,0.212772655461027,7.02544828319563e-09,1.23049777295268e-06
"TAPBP",11036.2912321912,0.846298115618135,0.158590802431603,7.15481245381146e-09,1.236446989518e-06
"CCR5",1432.32462287731,1.1819096658332,0.22385983146124,7.50085603339817e-09,1.26257915647888e-06
"HSPB1",391.802351279799,2.31852264254461,0.44277541067255,7.49063114629185e-09,1.26257915647888e-06
"CNTNAP3",31.5100244115678,-4.30619534890064,0.821452419517546,7.72261704748376e-09,1.28324153272355e-06
"GLUL",25665.5021254597,0.672934714010098,0.12545244904884,7.9283629014634e-09,1.30075331096034e-06
"TSPOAP1",314.350088553433,2.04940895093171,0.392059417652383,8.02882027726741e-09,1.30076924517079e-06
"ETV7",801.846712952538,4.36555610103613,0.842907665390546,8.25740164708341e-09,1.32128620676356e-06
"ADM",927.598996733121,1.23959568617179,0.236125717437704,8.63322991146596e-09,1.36457674246964e-06
"LGALS3BP",1787.28961117521,4.50556036562162,0.873253569666092,9.6888499611192e-09,1.5129781246514e-06
"ACSL1",5372.81265524855,0.99931126669584,0.190332038996678,1.0039427073627e-08,1.54797069129083e-06
"APOL1",2395.29698720573,1.80286108353023,0.345550513583679,1.02618367461661e-08,1.54797069129083e-06
"STARD4",1019.95677098569,1.50442055623014,0.289610500234308,1.02712352018372e-08,1.54797069129083e-06
"ATL2",606.541517346944,-0.562210281088884,0.105652969757902,1.23280083542638e-08,1.8365898422944e-06
"FXN",229.82648539368,-0.760061388983196,0.144645727707345,1.26122309671355e-08,1.85758097233003e-06
"RNF216",3159.22442972869,-0.408569683742213,0.0759014540486752,1.50785438019591e-08,2.19587647435047e-06
"EPSTI1",6592.38383190311,3.10923772074572,0.612385447427132,1.61979289067593e-08,2.3326817395612e-06
"AC093323.3",367.722406530008,-0.7057793863853,0.135740057986373,1.72082562927276e-08,2.45094736054991e-06
"SCO2",539.540189304588,2.07973319063457,0.411213362827729,1.92233740847228e-08,2.70819729904449e-06
"DYSF",15542.8425970948,1.56521928470998,0.305987208452288,1.99371449712399e-08,2.77855199970151e-06
"CNDP2",3392.54385698137,0.577377176766633,0.11043134465737,2.02406144955284e-08,2.79083621783557e-06
"RRAS",1571.12067484393,1.00498667077136,0.196914507417883,2.1129174247315e-08,2.88268660441526e-06
"KREMEN1",586.060757087025,1.99614078430921,0.396367718111847,2.1818924156605e-08,2.94578204160164e-06
"COQ10B",876.219907894196,0.481192795559195,0.0915985814998749,2.35371817658203e-08,3.14500425635874e-06
"KCNMA1",49.2694400278759,4.51472257218029,0.897708265098355,2.41475647131412e-08,3.17102470667482e-06
"ODF3B",3502.34076629091,1.79591765844873,0.356121637897229,2.42212364756429e-08,3.17102470667482e-06
"TAP2",7297.7046972255,1.62794147710273,0.320440175026788,2.47705201981468e-08,3.2105071228818e-06
"COQ8A",1838.71905413743,-0.993839705937174,0.196456023368533,2.63231064855129e-08,3.31236682678381e-06
"CX3CR1",7386.57100883569,1.01205129339542,0.199912784983496,2.6309619400454e-08,3.31236682678381e-06
"RPS5",8375.22209788742,-0.723318023064252,0.141361713664024,2.61170298254511e-08,3.31236682678381e-06
"UBALD2",2814.49086271757,0.510647635779132,0.0980331565302825,2.69264560139752e-08,3.35570958074166e-06
"CCR1",3980.1636136881,1.013215483183,0.201548853681257,3.13152594080052e-08,3.86549597321101e-06
"ATP10A",1207.07492759709,2.17502704575025,0.439561592788843,3.34629811123561e-08,4.09163866223818e-06
"H2AFY2",87.2453681725156,1.84316959070668,0.369914707144677,3.38558507868563e-08,4.10098768269575e-06
"IL12RB1",1279.62171256119,1.06655961777625,0.213083070680075,3.43267603035713e-08,4.11952907680173e-06
"CD38",979.50568745556,2.23702272567097,0.453061605861702,3.57850322955969e-08,4.2551358126902e-06
"RBMS1",6002.43228946104,0.558084122832678,0.108891110375662,3.67662479422384e-08,4.33206672344866e-06
"HAPLN3",85.9670420993018,3.01104425848998,0.614517222849397,4.05338291251676e-08,4.7329635972189e-06
"CD274",308.635423690872,2.8559628256236,0.584911078350395,4.39806477843694e-08,5.0895819279751e-06
"MINK1",4637.77939470978,-0.458724968088065,0.0893238512430675,4.60367451962455e-08,5.14381253869429e-06
"RNF213",48784.1941501296,1.51643756602302,0.305247400894821,4.57859639777882e-08,5.14381253869429e-06
"RPL29",14709.0961888158,-0.442292951078808,0.0858612215908575,4.60191165722784e-08,5.14381253869429e-06
"XAF1",14628.3400557079,2.29410818983503,0.466468711253665,4.5984979536427e-08,5.14381253869429e-06
"IFI44L",10640.0659266503,4.61815294248945,0.952947869854491,4.69243814819816e-08,5.19257954781074e-06
"SLC39A13",283.861936005606,0.960344113019279,0.193985967078437,4.76750996211309e-08,5.19257954781074e-06
"SLC40A1",2483.27457080327,-1.25238169201262,0.254918903879703,4.75852223250612e-08,5.19257954781074e-06
"IL1R1",198.378349253355,-1.65124229224287,0.338846153035718,5.04474294721714e-08,5.44874277824011e-06
"ARL14EP",1032.93051053526,-0.627449094377179,0.125495494612395,5.91212708810181e-08,6.3318519050123e-06
"MT2A",2080.75768999007,2.24745048583194,0.464881186374409,5.99914606386937e-08,6.3318519050123e-06
"NUP85",1404.63757863161,-0.610269962300873,0.121979935368268,6.00893283169904e-08,6.3318519050123e-06
"DDX60L",986.483350981797,2.07923196226064,0.431150206968985,6.82094531277621e-08,7.0725017759114e-06
"VAMP5",2866.15667256421,1.67241645761435,0.346308435308675,6.78898881635357e-08,7.0725017759114e-06
"SPR",164.254900457325,-1.00612549338118,0.20678680520184,7.11184315866168e-08,7.3156031094773e-06
"SULF2",2650.05456413817,-1.09625133435293,0.225862063353148,7.16880815029781e-08,7.31613562488267e-06
"CYSLTR1",911.915644636591,0.666254948800408,0.134787683948233,7.38339312247151e-08,7.4762623640901e-06
"IGF2BP3",317.309388231449,2.34184585788563,0.490313774471813,7.60563710224105e-08,7.64160174280203e-06
"BCL2A1",1868.55844897493,1.27562948899839,0.264540352288581,7.66781175801853e-08,7.64480832274448e-06
"SIGLEC12",200.045909581478,2.5874842807807,0.541518587161312,7.73416007890826e-08,7.65209532692596e-06
"ADAMTS5",13.5449392476135,-5.65355274807736,1.1587451913109,7.87854409219472e-08,7.71269648897126e-06
"TAP1",9352.15578817402,1.61957858424704,0.335088904946677,7.9144250677662e-08,7.71269648897126e-06
"CTSL",1221.78512451183,2.04980306183467,0.431169071540467,8.91509063031866e-08,8.62302161638509e-06
"PIK3AP1",11390.3218823293,0.611229779571988,0.124050061837094,9.10415580212513e-08,8.7406639519514e-06
"NCF1",29326.0580034504,1.05654939085957,0.220885095919375,1.05005115483891e-07,1.00071419249023e-05
"SERPING1",1618.37649158769,4.49190148396842,0.961491385394274,1.08069438017042e-07,1.0223999898824e-05
"LUC7L",1187.53013631388,-0.558610494497179,0.113831686375981,1.09877585518376e-07,1.03197346804614e-05
"LAP3",12084.2376815125,2.05178892294145,0.437976241911445,1.29051223914331e-07,1.20333303104579e-05
"WDR91",280.946311606821,-1.60774344938721,0.343854229058795,1.44912675589301e-07,1.34158084879495e-05
"SPATS2L",735.411564396547,2.83091942031435,0.612455885468183,1.54967932634096e-07,1.42206575531274e-05
"SQLE",615.53680217701,1.44172214117522,0.309289371146538,1.55800738565241e-07,1.42206575531274e-05
"DNASE2",2673.68945726994,0.945229403608686,0.200658504290066,1.62235744572412e-07,1.47044579398814e-05
"BATF",664.586126682727,0.575797509254436,0.119379883179496,1.65360385209393e-07,1.47809376048203e-05
"GSDMD",3969.30490079252,0.817431011811703,0.172633599876238,1.64358211311152e-07,1.47809376048203e-05
"CXCL11",32.0458581722033,4.06953998298537,0.868622165679885,1.71575053211741e-07,1.52313990731327e-05
"SIK1",515.027720160687,1.56230951835274,0.337844279635488,1.84266300250928e-07,1.62467722282468e-05
"ADAMTSL4",5975.19340466415,0.712564455887544,0.150823570817095,2.01030682740817e-07,1.76051262094847e-05
"GBP5",5172.39348937665,3.02842613814403,0.663491177118946,2.03780622945337e-07,1.77261788858692e-05
"KCTD14",342.237607438119,6.36682664362104,1.41777422817083,2.07842404777692e-07,1.7840035816713e-05
"MYO10",304.380624359163,1.67012109629155,0.363677199448026,2.0652431030667e-07,1.7840035816713e-05
"ADARB1",663.065390343958,1.66156387421908,0.362144256045322,2.0982635295221e-07,1.78918378987736e-05
"H2AFJ",1281.7361343441,0.810964379676397,0.173225989852597,2.13059873101169e-07,1.80488170932304e-05
"SOCS6",626.245768341673,-0.64272254811897,0.136485308742015,2.37953837209436e-07,1.99077590013757e-05
"STAT2",8240.70633991835,1.51544863545438,0.329488955467862,2.38075969849026e-07,1.99077590013757e-05
"RUNX1",3383.32114044948,0.628134339221253,0.133098583850409,2.42221741158146e-07,2.01245896612226e-05
"ANKRD22",870.214978962856,3.70891791203357,0.822089232720148,2.45953963382629e-07,2.03045179579762e-05
"BLVRA",5067.46448932432,1.0424895053392,0.227300739289997,2.50078995708339e-07,2.05143915403531e-05
"FBXO6",1213.40412858911,1.57721622228382,0.346366871072713,2.57511826163808e-07,2.09912627604347e-05
"B3GNT8",617.901316654092,0.960129977463626,0.208529386050586,2.68512302715424e-07,2.17511747218413e-05
"CDIP1",843.535329774806,-0.985704519464243,0.214935800539073,2.73517852153764e-07,2.20190365327015e-05
"MOV10",2134.05033712831,1.62940286820625,0.359662703579306,2.81316853159833e-07,2.25070847765716e-05
"NHS",522.422411054456,-0.903924328325095,0.197320072362033,3.03643091929286e-07,2.41442829110152e-05
"ARNTL2",270.400567771083,1.51710112398625,0.33690395330028,3.2499575026398e-07,2.56845726778747e-05
"SAMD9L",13258.2393993304,2.78388770410327,0.620970097629858,3.30289202659462e-07,2.59447173070866e-05
"LMO2",7810.51754017733,0.699514208669659,0.151444887420133,3.42176701194613e-07,2.67165796637553e-05
"BATF2",886.387713799463,2.57120154363162,0.577112909387477,3.45842584041444e-07,2.68411121662345e-05
"AIM2",929.240510511702,2.50618821763715,0.564013759018564,3.67133716301839e-07,2.82547714347522e-05
"TMEM106A",1187.66750740074,1.20361087564322,0.268036089221101,3.68417280493258e-07,2.82547714347522e-05
"CYB5R4",1069.90771519445,-0.988799015635569,0.21898977987776,3.85256264622849e-07,2.93723908575103e-05
"COQ7",495.805547650923,-0.502148532388993,0.107614183920254,4.30613839055847e-07,3.22611905664904e-05
"KMO",732.625967066849,1.53425949681202,0.345929157314252,4.29766032540172e-07,3.22611905664904e-05
"MPZL3",881.862533683894,-0.616672487139023,0.133943643068144,4.26530073017336e-07,3.22611905664904e-05
"SDC3",1169.3044247119,1.39453148293714,0.313719427544965,4.39776404484424e-07,3.27582872328886e-05
"VDR",2447.05106005507,0.806504764234218,0.178406364249959,4.6584289870656e-07,3.45016560579185e-05
"LDHB",2524.40343199073,-0.565596240138616,0.122698886303763,4.69047339210827e-07,3.45416054744974e-05
"STAT1",25501.981161485,1.80655025442849,0.40830824292741,4.87416504796958e-07,3.56915554727309e-05
"GBP2",475.032820427872,2.03174149596168,0.462195335430052,4.94409630926352e-07,3.5799124170036e-05
"SKI",856.006859541774,-0.501333987153179,0.108011169552125,4.92457239575818e-07,3.5799124170036e-05
"SRSF8",894.847082761255,-0.693996131200402,0.153071807065999,5.06491185810478e-07,3.64701792182756e-05
"RPS13",12523.4604087082,-0.580237791209382,0.127933425010536,5.53951643611618e-07,3.95851901086425e-05
"SECTM1",2589.81300335613,0.91709615777941,0.205848167333193,5.60863740073495e-07,3.95851901086425e-05
"SIGLEC1",5394.40603203288,4.54159079240904,1.05303783053015,5.61968596558153e-07,3.95851901086425e-05
"TMEM18",557.706093384842,-0.501011462660007,0.108635756639064,5.60455286055375e-07,3.95851901086425e-05
"LILRB1",13148.7413872229,1.03671045227099,0.237461272758192,5.71036515435303e-07,4.00065096030106e-05
"SON",19088.6192078847,0.286365403316146,0.0597926050303203,6.06476836185903e-07,4.20350068117941e-05
"UHMK1",8369.9027375457,0.400196702292153,0.0855178413910523,6.05938156345382e-07,4.20350068117941e-05
"APOBEC3F",445.139082298139,1.19324805846226,0.272226739660473,6.43899503831161e-07,4.43913907933813e-05
"ASB13",899.184958273329,-0.710240042586133,0.15882638842293,6.56376358317825e-07,4.50121374611499e-05
"MXI1",873.627586081345,-0.614235893107184,0.135597923018862,7.10706736662261e-07,4.84814211256819e-05
"LILRB4",4262.14888384367,1.06646420100468,0.245761316613222,7.28986316500703e-07,4.93773864328763e-05
"LY6E",16144.2402017611,3.08120543636312,0.71653777298135,7.31460396197226e-07,4.93773864328763e-05
"IDO1",185.626174875056,3.59274941186012,0.843695224506348,7.99358907226596e-07,5.36812994640617e-05
"AL078584.1",3025.51409575679,0.554138453508656,0.123065849076115,8.17075771247975e-07,5.45882426347681e-05
"VWA5A",524.04667057446,0.582332454213329,0.130011496448737,8.25886741728236e-07,5.48939387668701e-05
"FCER1A",40.5312993957457,-0.106324166976411,0.254119503087836,8.34670788588696e-07,5.51947351576433e-05
"CASZ1",371.301414440967,0.942882106918886,0.216718606022803,8.75844308293172e-07,5.76234420293797e-05
"PSMB9",6521.15618244737,1.20702836739586,0.279210752902839,8.84763965941943e-07,5.79162917301693e-05
"SPTLC2",617.46489515075,1.67410776500764,0.391212486889451,9.16813695384274e-07,5.97126749038974e-05
"IL4I1",443.815262662069,1.81260152728601,0.425682307643919,9.65061801041077e-07,6.2540830016467e-05
"USP6NL",624.675057942483,0.417004002797571,0.091360416210208,9.82688517377909e-07,6.3366297879279e-05
"DUSP5",785.496791666031,1.03359068733166,0.240543265047702,1.01704914216149e-06,6.52572966908668e-05
"ZKSCAN1",4262.54030005205,-0.355954500748699,0.0773447577033226,1.05448931055835e-06,6.73262854884076e-05
"LYPD5",43.3124817445056,3.05866910506918,0.725036165447225,1.07063841453015e-06,6.80222769153201e-05
"ARID5B",645.363040015983,1.41823277522232,0.334173930704182,1.09511526855558e-06,6.8901888328878e-05
"IL15RA",424.391891824802,1.43534373126555,0.33911259075052,1.09356003773544e-06,6.8901888328878e-05
"RPLP2",10913.2729518962,-0.453124823044917,0.10049369560212,1.10338253506127e-06,6.90866716759858e-05
"PGA3",24.0992695532776,-3.08090629304167,0.730813602505947,1.11875967770651e-06,6.97127124170869e-05
"BLOC1S1",2659.92817594543,0.649827476586993,0.148407731545313,1.14526981347012e-06,7.10231677147668e-05
"SLC36A4",408.057966880038,-0.704310362384735,0.162030109988643,1.18186404833524e-06,7.29435234784432e-05
"RMI2",54.4379252503044,2.94025480682894,0.703805878046005,1.20451966035929e-06,7.36404684807392e-05
"VIPR1",924.471933113635,-1.16440632493428,0.275038727920214,1.20350210065301e-06,7.36404684807392e-05
"RGAG4",559.408635166374,0.948433689159646,0.221837457583279,1.21640862553781e-06,7.4018179322045e-05
"APOL6",12325.0442072813,1.57723713891687,0.373124732952293,1.26097012225477e-06,7.63711857688976e-05
"ATF3",375.300240968176,2.01058058820389,0.482144161353453,1.27213265099762e-06,7.66888897189775e-05
"IL27",141.751519113199,1.8723887999454,0.448578727230026,1.28592417377833e-06,7.71614037793564e-05
"SIN3B",4280.29556712331,-0.687389178236428,0.15874375274912,1.29791813793872e-06,7.75221980913537e-05
"ANTXR2",1001.5218780378,-0.684889579118156,0.158321655686895,1.3197034141523e-06,7.84618162882016e-05
"SLC37A1",299.340323365891,0.917361545014863,0.21524902933555,1.32980742928685e-06,7.87015255296205e-05
"RBCK1",2200.50646267293,0.604502937740205,0.138451571665344,1.33771412229573e-06,7.88096033594317e-05
"ZNRF2",1298.49335688332,0.553805681209845,0.126162061409394,1.36420190599907e-06,8.00064294282987e-05
"CD300A",6775.43195802435,0.773622063698245,0.181199231602055,1.37842424109559e-06,8.04763810308106e-05
"ACADM",1480.53934233071,0.403679341369011,0.0898174482358325,1.5251896043852e-06,8.86456612665318e-05
"DOCK4",574.300325490587,0.808982385405455,0.190175239295609,1.53941618260739e-06,8.90730943873859e-05
"EML2",1201.11657577046,0.41843637264793,0.0937951165030474,1.57461991520848e-06,9.07051054267428e-05
"DHCR24",386.934767087214,1.77477054773691,0.428761061019073,1.60803724602081e-06,9.22202245383883e-05
"APOL2",1255.34579518832,1.00700276155747,0.240096250754165,1.62568184908049e-06,9.28214204666619e-05
"LRRC36",13.2348836773295,-2.98506536102944,0.716671208255676,1.69927903744852e-06,9.65980508963609e-05
"ATP8B4",631.494988628891,0.777975368457772,0.183697698078617,1.75372769843164e-06,9.7614934758969e-05
"HES4",247.896834631757,2.16985831409675,0.530288250693202,1.74669690038435e-06,9.7614934758969e-05
"PHACTR2",2452.77046041202,0.771637426108048,0.182013201042437,1.73214007682077e-06,9.7614934758969e-05
"TYMP",41517.3397582088,1.23709801020173,0.294632294302898,1.75482445789984e-06,9.7614934758969e-05
"ZNF780A",553.530778391377,-0.767967556573461,0.181471393453021,1.75012462021442e-06,9.7614934758969e-05
"PSME2",6854.04965668433,1.1032139385685,0.265329710352619,1.80126694433159e-06,9.93456207041777e-05
"ZFAND5",4894.66564629904,0.436440771370384,0.0986966548961578,1.79574126628638e-06,9.93456207041777e-05
"PARP14",19011.476339757,1.72760049515564,0.418548699859825,1.82098697783146e-06,0.000100007678896922
"RPL31",2159.18456500893,-0.439378927740935,0.0997374953415589,1.84908558358417e-06,0.000101122355480314
"HIST2H2BE",1347.18055587215,1.43966532052791,0.349961652214087,1.89968322171188e-06,0.000103076223587756
"RUBCN",1846.63758800248,0.575359675035583,0.133706625459895,1.90071888260734e-06,0.000103076223587756
"GBE1",587.782257852053,-0.441041667223675,0.100351434890316,1.91098685268527e-06,0.000103201252490224
"CUL1",4567.76638187431,1.52625680450602,0.368903632947403,1.95262411352898e-06,0.000105012286869084
"ZFP1",205.386414490596,-0.984244894708387,0.236941533781525,1.97336470606956e-06,0.000105689173369288
"PLEK",18370.7834847702,0.486048844027243,0.111665554007988,2.04531451125425e-06,0.000109091857532372
"PNN",1213.16406958066,-0.434529457613044,0.0990615662315666,2.07796466375755e-06,0.000110379098389187
"FFAR2",1891.29281868086,2.02984879219737,0.499088525643633,2.09078319660092e-06,0.000110606698004671
"HIST1H2BD",148.463484460752,2.48031711143901,0.613509799708522,2.11712788227221e-06,0.000111093499927652
"MACF1",5438.97563835955,0.44947948323955,0.102893629915602,2.11687011067657e-06,0.000111093499927652
"PLCB1",997.323530132733,-0.936468851943058,0.229000412990745,2.13198020855874e-06,0.000111321427519659
"PRUNE2",96.8501470990121,-2.24755523630385,0.557701113386681,2.13864944467209e-06,0.000111321427519659
"KBTBD11",2399.14989444354,-0.801829135736162,0.192410136550285,2.20292235706649e-06,0.000114208306679755
"ZBTB1",639.439305898709,-0.566798507108674,0.133287444570334,2.31766868729662e-06,0.000119678501418532
"HLA-B",241359.094465817,0.540682564165301,0.126861639789129,2.32775949926042e-06,0.00011972258281712
"PML",3697.2029167179,1.47448339932208,0.362371868135912,2.36450293244579e-06,0.000121131709515533
"SGK3",2631.96628944004,-0.46158096212078,0.106763026072305,2.44408420719913e-06,0.000124715651218535
"MAFF",195.40349896155,3.00169847377403,0.753149510318372,2.50055221159688e-06,0.000127096694958852
"CSMD1",35.9713264504806,-3.68642059333241,0.94741387363218,2.52390033208947e-06,0.000127782313297702
"IFITM1",8889.00706086411,4.74868967117437,1.20603817940706,2.54654786756847e-06,0.000128243379033067
"TCIRG1",21922.8143495187,0.467079687138932,0.10756505819282,2.55279621869696e-06,0.000128243379033067
"POLR1D",3514.82912732305,-0.4338328617973,0.0996835078349037,2.56404794287371e-06,0.000128311294932765
"DDB2",615.590886027407,1.45357335334873,0.360921866244787,2.59938657839781e-06,0.000129579420933131
"MAP3K6",578.495455695481,0.920543299044614,0.224386726935084,2.63950857090519e-06,0.000130880343017772
"RRBP1",5888.07475876835,0.528218806526206,0.124085455479351,2.64567933575004e-06,0.000130880343017772
"TEP1",7575.88166403365,0.549765311494089,0.129676375317048,2.71473845950567e-06,0.000133786027276247
"FUT4",2344.29371045165,0.446545823453378,0.103553436210627,2.76486431023254e-06,0.000135399450387329
"IRF2",587.60634234204,0.756371886895337,0.182817502020376,2.76837083192981e-06,0.000135399450387329
"RPS24",17917.967075264,-0.523652456743271,0.12354805051663,2.81248009761869e-06,0.000136904375840372
"RSAD2",8049.24070810413,4.75468329320944,1.21613705233067,2.84139164424505e-06,0.000136904375840372
"SMAD1",352.873173173078,1.15952926576793,0.287018895233935,2.83690243205786e-06,0.000136904375840372
"USP18",1419.20235742972,4.46716529621174,1.14073020325712,2.82603798182389e-06,0.000136904375840372
"HESX1",169.023452026226,4.2587427171959,1.08585606788642,2.90882382718505e-06,0.000139634317126464
"LRRC8C",2437.27038314676,0.454773755208883,0.10599105440836,2.9699434238646e-06,0.000141519987929077
"MYO18A",5836.46397813721,0.501977137435825,0.118086164934209,2.96856755405723e-06,0.000141519987929077
"TMEM14C",1359.30124885433,-0.661281547744007,0.159341288558973,2.99217913085278e-06,0.000142057266355248
"IFI35",4325.64829157741,1.71569819417847,0.429814845086163,3.18077576096673e-06,0.000150369794693535
"IFI6",15335.6353966473,3.49114494067219,0.889671151521744,3.19047091588012e-06,0.000150369794693535
"CHTF18",269.188840126722,-0.886624225309857,0.219286807040792,3.28692406510609e-06,0.000154354430463188
"CCL8",126.899524090901,4.08716476947084,1.05485785907648,3.43602876437237e-06,0.000160773894639098
"EPS8L1",171.673921987035,1.76224227039959,0.446989703072218,3.55828669846415e-06,0.000165321659070095
"SLC8A1",4109.53815201343,0.612304086875056,0.14792346084717,3.55873334469226e-06,0.000165321659070095
"ARHGAP18",957.462872924678,0.68990819225623,0.168717866811705,3.74129356445336e-06,0.000173181806746
"UBE2S",663.306838815159,1.13325675383709,0.285060541915605,3.77216558715963e-06,0.000173989459698135
"RPS11",30468.7048279112,-0.516130183753515,0.12357227507478,3.86259757975796e-06,0.000177528819968947
"PDE7B",47.2700030731696,-1.52821797871164,0.38896893465774,3.88582572360771e-06,0.000177965325808055
"IFIT1",8521.77509245292,4.00072847679791,1.03560709100776,3.90781613529909e-06,0.000178342270878914
"PHF20",2954.79679203124,-0.499826146016738,0.119595557236229,4.0085218385918e-06,0.000182296321228029
"RPS3",2602.94654846576,-0.501686626612423,0.120521282657065,4.09599276978049e-06,0.00018562294506687
"IVNS1ABP",2929.9735421571,-0.848846213222345,0.212125681701726,4.17877156650637e-06,0.00018740850613664
"L3MBTL4",81.4891874944948,2.65085849361205,0.68520668602807,4.15013318882928e-06,0.00018740850613664
"OLFML2B",210.627988494163,1.08264138932557,0.273429556423704,4.16538233362761e-06,0.00018740850613664
"RPL23A",14058.3034059081,-0.440009829650929,0.104588931252333,4.33529863417695e-06,0.000193757950336439
"PARP10",6039.73523697092,1.256404882403,0.319192897980182,4.97108789981497e-06,0.000221409863469078
"NLRP12",5497.32820082355,-0.521677155818622,0.12702874363342,5.13159231944714e-06,0.000227775917987515
"PIWIL4",393.865253174156,0.923686350496533,0.234977400125955,5.27114621577733e-06,0.000232583753981463
"PTPA",4650.93476280638,0.481334545575861,0.116410405537507,5.27579844692154e-06,0.000232583753981463
"UBE2L6",8447.9647401335,1.45591654527556,0.373459261290564,5.46507057677969e-06,0.000240111117781836
"ENHO",37.1106954181267,-2.0065284541552,0.52942266177921,5.56186507805319e-06,0.000242718293860766
"OAS1",14299.8840761079,1.80868856027138,0.470258879453522,5.55782268685924e-06,0.000242718293860766
"PRRC2C",10564.8992718951,0.296689110070345,0.0688623669430942,5.63685143385111e-06,0.000245045782044018
"RPL21",10443.5602451773,-0.589625249258869,0.146665115944111,5.65301202308167e-06,0.000245045782044018
"MX1",19932.3478474759,3.15821662277618,0.835956224427696,5.7061154944219e-06,0.000246523209744007
"ECT2",326.778432166394,-0.740901913798933,0.18744918357396,5.91857881714333e-06,0.000254852824083039
"DNMBP",798.953978050634,-0.930786037459876,0.239127572906096,6.02970214743097e-06,0.000258778044810771
"SDSL",231.473336614634,1.21398977156118,0.315408156570655,6.11111285158026e-06,0.000261406381746969
"ASCL2",599.298988970982,0.815071586755386,0.20777627824006,6.17624188239528e-06,0.000263323259992517
"IFI44",5506.61564810984,2.56795937896138,0.676886328471687,6.23690764900102e-06,0.000265037901766237
"SPI1",24130.8625487382,0.307352617716767,0.0722167611979972,6.65954123466809e-06,0.000282072921380827
"CD2AP",1295.89021938754,1.66326777052336,0.439139301031281,6.70742684923328e-06,0.000283175763494829
"CCDC90B",739.024670662639,0.639612391874693,0.161207218410022,6.89747873623489e-06,0.000290253967208897
"TCN2",2814.08132617491,1.8902802085514,0.500771786912366,7.08591693804607e-06,0.000297218671307492
"PCSK5",1045.05164574429,-0.524187071105272,0.13020580943783,7.19688049058628e-06,0.000300899251737061
"IFIT3",13114.3225556434,3.36283596797812,0.90174493402343,7.2396331928178e-06,0.000301713459202931
"CCNL2",4480.03155945893,-0.324736056123598,0.0770071510980254,7.26478861994295e-06,0.000301791427253463
"RNASE1",231.68686359347,2.8659903505569,0.772061405235672,7.33550790636982e-06,0.000303755648480701
"COPS3",1401.35797553039,-0.645757697819677,0.164065503626949,7.55236279295882e-06,0.000311739408151399
"DLGAP4",2176.5003174108,0.4174690930646,0.101631503856946,7.63255965431689e-06,0.000314049541840004
"DGCR8",1170.48617077634,-0.479950557604025,0.118736139752575,7.71470784191359e-06,0.000316425089680513
"C19orf66",2410.59869959499,1.04929016550226,0.277528101645999,7.89126979654632e-06,0.000321877202860484
"CMPK2",4845.53196348875,3.20290656955218,0.867895313513424,7.89730348812853e-06,0.000321877202860484
"FMO5",399.890989065646,-1.06680470235373,0.281646586513488,8.24427416322674e-06,0.000334965634575491
"TNFSF10",4958.51176279701,1.55460322373299,0.41304247866508,8.36354116525246e-06,0.000338749553258866
"CTD-3138B18.4",7.24409481928877,6.49311278392739,2.67514730605004,8.40930367139712e-06,0.000339034007346458
"IL21R",422.182177540967,1.54228387814982,0.411938776621677,8.4228802072031e-06,0.000339034007346458
"OASL",984.809286201277,3.23040936486419,0.882295642538287,8.66044242390975e-06,0.000347517010081406
"TCF25",3841.73548834465,-0.299442881243237,0.0711117983867415,8.80397617113757e-06,0.000352186219611463
"BTN3A3",2809.0567512522,1.04914840841539,0.280648684183478,9.0148313114922e-06,0.000359511472702309
"ARSG",850.066099107524,-0.646476566561048,0.166306558705743,9.2486530502918e-06,0.000367704884002552
"RASGEF1B",587.4541481532,2.50938037637432,0.685375003804442,9.37897335971338e-06,0.000371738804370653
"SAMD4A",855.679766502104,2.12103466761953,0.576272045739719,9.40747842246542e-06,0.000371738804370653
"APBB1IP",7835.99289100865,0.390374674393863,0.0956017986293585,9.55740450264491e-06,0.000376515257625473
"EFL1",175.658979902144,-1.44307647890877,0.390330440000415,9.76295987371569e-06,0.000383070078768716
"RPLP0",11338.486665387,-0.92318077633453,0.245174806850084,9.78290225078659e-06,0.000383070078768716
"IFITM3",13740.954664797,2.97006717767605,0.813687212097892,9.95625787788186e-06,0.000388683910708514
"SNTB2",934.052309708239,0.952354663006728,0.253123756512775,1.00309894514491e-05,0.000390425388228922
"SCARB1",188.616311256086,-1.08166981717819,0.291485661652913,1.04832894160998e-05,0.000406808126113979
"B4GALT5",5293.99890259374,0.869149420172661,0.231307959315422,1.10860864647117e-05,0.000428915721400385
"IGBP1",130.334361962041,-1.24394789557951,0.33791342375325,1.1315094702368e-05,0.000436473042968429
"FAM8A1",2161.24623680418,0.914590030267625,0.244936328595894,1.16402213869361e-05,0.000447682223727237
"NKG7",896.707403948221,2.03451370798904,0.561400785483057,1.18180132324241e-05,0.000453175353566417
"ATOX1",724.1876449083,0.865462142830094,0.231253960674554,1.19058275267666e-05,0.000455195960396524
"IPO5",1881.2269722944,-0.842242261208477,0.225333196916311,1.20709082171963e-05,0.000458800707926923
"SSBP2",280.543512091436,-0.92600295740724,0.249613047645261,1.20578542896098e-05,0.000458800707926923
"APOBEC3C",3998.4724633339,0.645036489000162,0.16878806434025,1.22782691809998e-05,0.000463961069547926
"HERC5",3251.18073582821,3.12076385839207,0.87131077609679,1.22735810823534e-05,0.000463961069547926
"TNFAIP8L3",15.1502216049292,2.35074269513043,0.637217871524967,1.24289651244869e-05,0.000468290165635101
"DNAJB5",86.2071609556957,-1.60988844916062,0.444901532096891,1.26494899972438e-05,0.00047412449975428
"OAS3",20596.1532900473,2.92030032753911,0.817182493341431,1.26569768470782e-05,0.00047412449975428
"ACAP1",3033.64915354328,0.610448128764321,0.159481136981591,1.28270912692883e-05,0.000479112190032409
"ADCY7",19216.0174645639,0.417758262706738,0.104797516640798,1.29012519503143e-05,0.000480497490023058
"PGM1",1190.62621314387,-0.641341161640046,0.168572528970079,1.29960198469397e-05,0.000482640152539214
"TOMM20",4600.45245859209,-0.651727084459197,0.171778133071404,1.31387139571053e-05,0.000486545347422978
"PHLDA3",39.2575408251777,3.8665607791306,1.08628758058358,1.33260500248911e-05,0.000490678790831287
"RCOR1",5751.36358082066,-0.277453146609362,0.0667284004465405,1.33142974775447e-05,0.000490678790831287
"NECTIN2",810.651806673455,0.94438080619084,0.255959445785877,1.34323383157507e-05,0.000491798126865663
"RERE",5815.59035620046,0.464757566661789,0.118354954801724,1.34068401965388e-05,0.000491798126865663
"HIST2H2AA4",843.42132319146,1.3525334974027,0.371809683330707,1.36259873403727e-05,0.000497482878643859
"PRR5L",217.061161687326,1.14209760769792,0.3140337346714,1.38832334790217e-05,0.000505451093038202
"AAK1",2175.73388365815,0.503106000794461,0.129568209216031,1.40038990982123e-05,0.000508416067820533
"XPNPEP1",1127.25096695956,0.49369356096075,0.126967334184788,1.41993980100908e-05,0.000514073736337393
"ATF5",1916.21474453335,0.788529404576093,0.212293261610472,1.48332709219294e-05,0.000535526530415394
"TBL1X",2899.38020436562,-0.687893733890112,0.183667373521989,1.48921569769639e-05,0.000536159018273416
"GCH1",6905.02715812033,1.09084459781244,0.299109166003438,1.51329634469498e-05,0.000538484701888705
"IRF8",7432.82635685101,0.365279431643853,0.0913075369270748,1.51644870140712e-05,0.000538484701888705
"MIIP",2110.2246536212,0.610705778649373,0.161126789735051,1.5034136308094e-05,0.000538484701888705
"NPM1",5786.94780217717,-0.513609452268735,0.133367407337553,1.51239016820179e-05,0.000538484701888705
"SP110",6584.18481413115,1.08329237711196,0.296845486538611,1.51329048024428e-05,0.000538484701888705
"EIF2AK2",3327.82160907623,1.78029257129395,0.498397805122089,1.5414023829074e-05,0.000545850171717563
"NMI",3366.89904954106,0.936821654535317,0.257342113319149,1.55202674255903e-05,0.000548114948509744
"ARHGAP17",3727.41859892212,0.563607479571195,0.148338922741358,1.6221108534279e-05,0.000568680387410111
"TBC1D22B",596.24322620603,0.650935805158125,0.173690166673864,1.6173011975378e-05,0.000568680387410111
"VMP1",8648.12702443008,0.822349748415225,0.224070476131168,1.62342213827437e-05,0.000568680387410111
"RB1",4322.15885486929,0.33033024814147,0.0820672617351694,1.6384704562146e-05,0.000572404732695349
"SFXN5",1683.57690219763,-0.583604870527557,0.154723813610361,1.67570694751317e-05,0.000583839724374145
"KIAA1958",1081.23937070729,1.6850602310961,0.476371619054418,1.69621845953501e-05,0.000589401808419122
"RPL30",16698.4245318845,-0.441597668766985,0.113810590775051,1.72160362539858e-05,0.000595032122367762
"SHISA4",75.2633493030453,1.35653930692056,0.381684385425713,1.71860269680103e-05,0.000595032122367762
"IL15",441.056252777188,1.05928804400124,0.294933602548836,1.74159250201835e-05,0.000600339904751592
"CRIP1",2002.1028594613,-1.04771233246617,0.291935154080609,1.76025846017618e-05,0.000605164718895053
"RAB13",102.251824210594,1.1514803932631,0.320731136239858,1.76788176900338e-05,0.000606177661588698
"PPM1K",234.195364322775,1.73518251306009,0.493703936676719,1.77579272197393e-05,0.000607283627163695
"SIK2",1085.71691466133,-0.667787910368456,0.180203460276259,1.78603537181868e-05,0.000609179064582681
"DUSP3",5669.24230785344,0.434651079504546,0.111743301916628,1.79644925738764e-05,0.000611122803805805
"DSTYK",1625.04463232538,-0.327525011951636,0.0818474176544431,1.80689645723676e-05,0.000613067669692293
"PTPRO",1245.37906643047,1.40415954797026,0.395710488588797,1.8411304494111e-05,0.000623052004042228
"TRIM14",178.825361987259,1.61837480091509,0.460080050406394,1.88246371392936e-05,0.000635380525943709
"CCNB1IP1",283.424916047979,-0.624982196004396,0.168376127476145,1.91171095879954e-05,0.000643576252909114
"CSK",14280.3537628046,0.411064672323241,0.105494464239953,1.9467479458241e-05,0.000651984499375355
"PPP1R11",2971.46495735015,0.291609892891077,0.0723098164432209,1.94293822589292e-05,0.000651984499375355
"EIF3F",2574.57408573278,-0.805684609256486,0.222301760202595,1.95234597758527e-05,0.000652174129265017
"DRAP1",4049.3742982231,0.755134345550649,0.207116919042898,2.0011930112567e-05,0.000666772817966531
"CSF2RB",14354.4619379267,0.594882528060894,0.160090246496163,2.06372402206548e-05,0.000684090205882116
"EP300",4898.13440608358,0.36860325084667,0.0939460649481168,2.0585274645028e-05,0.000684090205882116
"HLA-A",141973.720719415,0.735175711751851,0.208830269193178,2.07376801465878e-05,0.000685666000969195
"CLK4",1277.54670538983,-0.620485495051393,0.168100987450306,2.0942308761981e-05,0.000688685859391955
"PLEKHH1",32.9768100338921,8.68749141372856,3.39633179195476,2.09884202191052e-05,0.000688685859391955
"PRPF6",4096.15647307585,-0.214100025399565,0.0521235570689867,2.09342481970963e-05,0.000688685859391955
"FAM208A",3887.23855372723,0.323147136512989,0.0813610460846995,2.11696670257364e-05,0.000689397121408466
"TRIM22",19476.6354154645,1.34246587245968,0.377970458992238,2.11351814640289e-05,0.000689397121408466
"ZCCHC24",745.451468091533,-0.475860214516797,0.125467720160592,2.11491937818328e-05,0.000689397121408466
"CCT2",2300.35296567338,-0.309490290184901,0.0776885462808345,2.14462008361403e-05,0.000696652152975475
"FAM129A",6696.49516237705,0.654994598001668,0.178621576950913,2.16104069445803e-05,0.000700231211021763
"IMMT",2819.08216628791,-0.340985874770183,0.0865579693666386,2.18856439290407e-05,0.000706419667243908
"MAP3K14",1026.48444655236,-0.659285654775964,0.180256374559304,2.19104009128965e-05,0.000706419667243908
"IP6K1",1551.47941601363,-0.44271235750325,0.115972249893325,2.23579275152666e-05,0.000719059797829703
"TWIST2",35.0835724546095,2.3935378400635,0.698237745520209,2.29935259582531e-05,0.000737671014715145
"CABP5",19.7744900041489,-2.53595287774174,0.741116051459763,2.33509258679524e-05,0.000745446675306726
"IRF7",7330.67033380956,2.08740909633462,0.606823239114058,2.33006053265194e-05,0.000745446675306726
"PITHD1",1026.99793248368,-0.458313179367928,0.120993283938419,2.35895227894474e-05,0.000751213279788767
"MRPL28",291.958073886745,0.897184492239478,0.252556493534497,2.3674332970889e-05,0.000752066249107088
"GNA13",847.143459538197,0.405324953526862,0.105559921980549,2.43405512262598e-05,0.000771102826351191
"RRN3",1555.7932543428,-0.427026868280185,0.112531130083212,2.43925745547402e-05,0.000771102826351191
"PARP12",2901.20158261066,1.52384984145223,0.440797445232806,2.50922177486369e-05,0.000791290107640104
"FRY",376.779954956668,-1.31605878979653,0.382484617254472,2.51792805916082e-05,0.000792108387737461
"GPX3",107.90888057266,-1.85217970511986,0.544944932691333,2.53314813469076e-05,0.000794966900090241
"TP53",2686.95558788867,-0.279070188581607,0.0701346392130663,2.59289774714527e-05,0.000811752359921494
"IRF1",5306.18273084303,1.04933793593342,0.299971686559529,2.67562400301492e-05,0.000835632836218708
"PPT2",84.3710223274229,-0.939123278250475,0.268924941171564,2.78052636145699e-05,0.000866307744491443
"PPARGC1B",1466.62699710701,0.76466298970091,0.21565138528785,2.8411135707525e-05,0.000880949114605817
"RPL6",26950.2969524986,-0.694657056867302,0.194569395926425,2.84095360896021e-05,0.000880949114605817
"SETD6",236.5776921712,-0.626944559747035,0.173982496783023,2.86319690072925e-05,0.000885677685688587
"RPL13A",30833.8061185542,-0.559360882958896,0.153277819703722,2.8853410465426e-05,0.000890402507243777
"LAG3",55.2196968119188,5.18567778166832,1.59377353102016,2.9138187699983e-05,0.000897054752445319
"HIST2H4A",437.032867437775,1.20611418573076,0.352368137903657,2.9280271950384e-05,0.000899292902248643
"RPL39",4934.08001273175,-0.424814099868622,0.112787458291963,2.93991698755387e-05,0.000900810025429924
"PHOSPHO1",219.123940943628,-2.07524439894851,0.621385494419699,2.98402379914657e-05,0.000912168218413647
"FOXO1",1187.36638686301,-0.706260541862314,0.198983176059784,3.00389214358999e-05,0.000916081084072231
"CORO2A",754.266379277385,0.86791868603289,0.248753802568455,3.0518167573684e-05,0.000928511666484786
"NUP62",1494.41650659682,0.42265479029645,0.112445412296262,3.11461398545309e-05,0.000945398404343267
"HSD3B7",121.480697949879,2.61283423089014,0.787440972934333,3.13430513262375e-05,0.000946940065826024
"RBMX",5687.56557974983,-0.373214649980922,0.0977589849371246,3.1296131322165e-05,0.000946940065826024
"OAS2",18961.2700535495,2.42304763427673,0.722547964748244,3.19277591190914e-05,0.000962362060331497
"RPLP1",9391.07191023822,-0.64816530890584,0.180802037222394,3.27108267042348e-05,0.000983677552003683
"APEX1",3197.67457329569,-0.736527696770299,0.210304596636785,3.39070145106016e-05,0.00101728892377756
"HGSNAT",1429.88439857327,-0.935328133135682,0.272815027868823,3.45165670294351e-05,0.00103318527775637
"DCBLD1",198.898922821488,0.751170034215959,0.214736316014876,3.46123504169081e-05,0.00103366514689757
"FAM72A",175.35477459779,0.881808645215493,0.25572500533172,3.51223981602766e-05,0.00104648598288585
"RGL1",1099.55240860692,1.64275937088369,0.492654602570576,3.55097899698762e-05,0.00105560180687974
"GMIP",10737.7895889509,0.292604249811298,0.0754576180119968,3.67641594157839e-05,0.00108968061533107
"WARS",4058.75295735269,0.946676892901844,0.277290782860569,3.68243275607597e-05,0.00108968061533107
"CD302",7748.56336032565,-0.480064212401459,0.131639958679184,3.731101457284e-05,0.00110156733457535
"ENOX2",363.092512634729,-0.641806295427673,0.182150932794753,3.76120072173112e-05,0.00110793005805357
"MEX3B",107.264677180573,-1.15480802371444,0.344725078717763,3.79098869012372e-05,0.00111417243566199
"CORO1B",6116.14519433894,0.368915332618168,0.0979123022031398,3.83704296014436e-05,0.00112261656447926
"RPL36A",4712.01037376393,-0.659963604431369,0.188160661489079,3.83334337570024e-05,0.00112261656447926
"CD84",4361.1794260624,0.41784198063267,0.112771197781564,3.91415323536911e-05,0.00113968063080206
"LINC00998",246.655357252444,0.893256931638912,0.261508694062807,3.92174648050086e-05,0.00113968063080206
"TRAPPC6A",459.377701439483,-0.869148643116459,0.254689362873748,3.90531529073239e-05,0.00113968063080206
"DOCK8",26676.5267324142,0.488044251002534,0.13565101137085,3.95011399628956e-05,0.00114419598530659
"FAM89A",138.962554775395,0.939355080034074,0.276179502402908,3.95494021616658e-05,0.00114419598530659
"SP140L",985.406389508541,0.5882052671742,0.165933837542716,3.98914749749783e-05,0.00115152206492359
"TPM3",33932.0053725691,0.271379283286282,0.0698151059042836,4.05088208980257e-05,0.00116674406146514
"ZC3HAV1",1014.6021710185,0.946042166301621,0.280105639822883,4.08642644956432e-05,0.00117437191159209
"THG1L",583.514865160192,-0.443116463191587,0.121090449501953,4.10863163369173e-05,0.00117814103106811
"C7orf49",762.244938705601,-0.519016364323405,0.145002498484313,4.14910087048372e-05,0.00118549226102293
"RPL37",4872.69871076657,-0.380894128143308,0.102144309981137,4.15256142662149e-05,0.00118549226102293
"DTX3L",8593.69594843281,1.43885541424595,0.431164628850688,4.16203186213046e-05,0.00118558450472688
"PLEKHO1",14768.324880232,0.434144726215323,0.118428840422119,4.26307501345214e-05,0.00121170428178406
"PPP2CA",1229.12835690954,-0.912467494476695,0.270735995522855,4.30950984540674e-05,0.00122222225615573
"TTC9",245.172308277359,-1.31689329148216,0.400716221676059,4.32660164898656e-05,0.00122439047974923
"HORMAD1",164.891074098591,1.11107368481162,0.334150167771351,4.43813710468326e-05,0.00125321775629193
"CYP51A1",441.632853222732,0.884360282552685,0.262488381932212,4.55456579509477e-05,0.0012832984189179
"DHRS7",3353.75250062688,-0.417789112149529,0.115203018047648,4.66250018731213e-05,0.00131086041058031
"IL23A",29.9819641666596,-1.37651142200431,0.421205052714086,4.7268557170999e-05,0.00132607742314571
"RAB3D",6217.42195535119,-0.361338942489229,0.0971446793540166,4.74795986683424e-05,0.00132912111952567
"RPL19",22570.308541112,-0.393786986573064,0.107085905248359,4.76683922819282e-05,0.00133153024216826
"SP140",486.575719907642,1.26395548777266,0.384144620970494,4.78738641636264e-05,0.00133439387833282
"IFI16",14199.6526872024,0.996140366612744,0.29370056421558,4.88683601647898e-05,0.00135919059248034
"TMEM150A",541.315317593307,-0.665968536811816,0.193899353272231,4.89834875132766e-05,0.00135947533545948
"UBC",13261.5868344703,0.372982593693818,0.100840773445627,4.95866005405183e-05,0.00137327335385824
"LY96",953.263321470816,0.644701928019776,0.186844427533718,4.98918589141926e-05,0.00137878120125128
"LDLR",1863.58520516936,1.12174827933001,0.338521618527588,5.03004264136772e-05,0.00138711452499504
"BAZ1A",5102.10967967673,0.582289577275115,0.166972539714707,5.04595795021032e-05,0.00138786042995936
"CCL2",315.316303184947,3.78095788206635,1.20894517043997,5.05416343600662e-05,0.00138786042995936
"CD40",312.349245573172,1.6198963590314,0.504120445424323,5.28121790464651e-05,0.00144714302879754
"CBR4",529.173754984383,-0.471208347074163,0.132178450705108,5.35966219705961e-05,0.00146245435233873
"GNPTAB",2497.1037532284,0.268950073691523,0.070440625438681,5.35122257117722e-05,0.00146245435233873
"MT-ND2",80417.4239035398,-0.646341560411879,0.180275350504077,5.39871676349529e-05,0.00147001613385845
"SLITRK4",724.841356945465,0.709557658048695,0.209109677922034,5.41695158102381e-05,0.00147188908682704
"MPHOSPH10",1258.23468137001,-0.289462759732294,0.0765491952437348,5.43702953452503e-05,0.00147425397064809
"GEMIN4",563.870608875818,-0.478469968976915,0.134654366440768,5.4500021872913e-05,0.00147468639560506
"EDEM3",2550.28206164314,0.303460048942475,0.0806337430535842,5.49460342884478e-05,0.00148057286988061
"PRKCA",1476.16660012274,0.821914665196618,0.246395209923508,5.49093083882784e-05,0.00148057286988061
"C1GALT1C1",804.885636311092,0.474042229181309,0.13345722098429,5.5791764453123e-05,0.00150024286115545
"TPPP3",414.047188523749,-1.6635750870481,0.524602920138568,5.75565433092819e-05,0.00154449349447537
"IFI30",78845.5760600993,0.488033723689988,0.139163889192133,5.93283624990435e-05,0.00158824313806301
"RPL9",17671.9243451597,-0.584086099583184,0.169941861579434,5.95545224210032e-05,0.00158824313806301
"TPK1",554.663683338041,-0.692506621927467,0.205479964512712,5.94893427653575e-05,0.00158824313806301
"SLAMF7",2708.86830186872,2.42764766227797,0.776161207403119,6.020580283804e-05,0.00160231501146578
"CBWD5",1158.29644293561,0.611949235810085,0.179236094960684,6.07310182807271e-05,0.00161298099986989
"KIAA0753",601.442059625741,-0.393198022878546,0.108886869662819,6.20912677290783e-05,0.00164573603483964
"RFX7",280.222628633578,-0.86821747472593,0.26466596841244,6.22366248175183e-05,0.00164622223318338
"LILRA6",14222.5158229849,0.709111282955098,0.212115585848261,6.26854353293885e-05,0.00165471675622038
"DTNBP1",880.292638882977,0.500946388045157,0.143359783036962,6.30838096090918e-05,0.00166184808199886
"ARL5B",1234.19811946069,0.534651867049071,0.154477706503599,6.3251925690567e-05,0.00166289697540657
"RASL11A",140.543277861498,-1.33742226780058,0.420532115704418,6.37789577602539e-05,0.00167335844439403
"SFT2D2",4618.75466811091,0.479834179260595,0.136809976907571,6.40022962910092e-05,0.00167582578227832
"PLEKHG3",682.593468569102,-0.970822365108994,0.300470684915623,6.55696267910066e-05,0.00171340309039967
"TK2",1248.64767243656,-0.550177551547631,0.160214308891976,6.60357188808323e-05,0.00172211056823837
"CD24",63.0259737486993,-0.186051800535907,0.364113136767951,6.72563058041412e-05,0.00175041963760537
"GLG1",10703.0097021771,0.420247773893218,0.117885161169519,6.78583586635551e-05,0.00176254947222112
"HSPA6",3976.05092692503,0.61827503033891,0.183684108272708,6.88762795111576e-05,0.00178401033497744
"ITGB2",5987.31194117853,0.744412143688382,0.225110351368028,6.89598933588225e-05,0.00178401033497744
"CD300LB",5386.47541677826,-0.643339129615499,0.191994047640071,6.92502137886555e-05,0.00178795223289794
"TUBA4A",1107.79573688782,-0.544169634749933,0.15907647440444,6.99029214161105e-05,0.00180121623155906
"RPL18A",19668.0048043413,-0.401152953612559,0.11263659746549,7.02773500334463e-05,0.00180727129718948
"CYTH1",8853.7463235033,0.327640348333137,0.0895016149222461,7.1636490619685e-05,0.0018356686470842
"TET3",8360.82052681396,0.313028223107589,0.0852155239176788,7.1664866555405e-05,0.0018356686470842
"OGFR",9475.95872903152,0.484674593098294,0.139658932425706,7.2345889814702e-05,0.0018494577473143
"RPS8",22398.9041468879,-0.629611680059268,0.186845240130962,7.36619563911855e-05,0.00187939491493338
"RAB4B",2104.04837820038,0.273907281708623,0.0734699942320259,7.4249568612542e-05,0.0018906653414286
"S100A9",220089.001650092,0.573176141460566,0.16954168763387,7.58505080750205e-05,0.00192764399051047
"CYBB",100075.715756428,0.372936511834956,0.10311067492528,7.77186044760381e-05,0.00197125407556542
"HLA-F",13782.209405461,0.474114180330018,0.136924621819845,7.81365486416188e-05,0.00197798399793754
"SPAG1",32.9338671019867,4.26493034084252,1.43570079857994,8.1637287419569e-05,0.0020625748191911
"CD81",2067.36846668033,0.800585118688882,0.248069796916943,8.19685866269146e-05,0.00206691605305728
"PSMA4",4385.85449387801,0.612499404752141,0.185364052739965,8.31992704896897e-05,0.00209009169806093
"RPL17",6899.90853618011,-0.577222032706527,0.173448040672493,8.32101933646662e-05,0.00209009169806093
"BTN3A2",5335.88202477993,0.792138179495478,0.246024582978465,8.51819495982077e-05,0.00212901104428366
"PANX1",1058.09103352359,0.432765535511348,0.124251746680994,8.52072616119301e-05,0.00212901104428366
"PDCD1LG2",84.9209868927662,3.71506983276614,1.25935004765312,8.52524289779509e-05,0.00212901104428366
"ELMO2",2308.04542639789,0.893077101836967,0.284451849739152,8.68398364089956e-05,0.00216448292249422
"H1F0",4293.2775484513,1.1888301894197,0.383094094968694,8.79595077333516e-05,0.00218399076577006
"TRPV2",2563.89209082842,0.521590236659806,0.153863577536926,8.79493397590874e-05,0.00218399076577006
"CBR1",2150.20681988536,0.855299190841061,0.270272530288972,8.8423697890291e-05,0.00219131844809954
"ADAR",6515.12362421961,1.01819614939067,0.321201172548578,8.89302871251349e-05,0.00219966689203983
"RPSA",10959.9590598456,-0.46527386376271,0.135899669027086,9.02131830863396e-05,0.00222714869710866
"BASP1",3313.30380797482,-0.516056599691625,0.152994197600369,9.06060963461283e-05,0.00223259622574557
"BTF3",10835.5825374501,-0.455753587562111,0.132911478510581,9.21728117083915e-05,0.00224956747231436
"EDEM2",2032.42389752993,0.525671235565585,0.156264895628778,9.23362314073946e-05,0.00224956747231436
"FEZ2",1627.48191902951,-0.27216243580541,0.0741341753507001,9.21400315777695e-05,0.00224956747231436
"FOSL1",48.1855258423224,1.65431683735416,0.545634684905573,9.18914388120031e-05,0.00224956747231436
"GPRIN1",71.5535398732397,1.17883698542061,0.379088762645445,9.2119512627728e-05,0.00224956747231436
"PKN2",341.045078004289,-0.620680642685473,0.188948967886629,9.22572248791409e-05,0.00224956747231436
"PTGFRN",419.886421449771,1.41765965583779,0.464028497819334,9.28527589609622e-05,0.00225790733375803
"CLEC17A",62.6649066916025,-0.233215894131914,0.502782644184241,9.34000911823155e-05,0.00226272632114765
"SLC5A3",1257.95870334365,-0.39003976251451,0.111278844094811,9.32858735299209e-05,0.00226272632114765
"ZNF561",1073.3966823742,-0.311399180534047,0.0862787812962704,9.4490283426989e-05,0.00228486672294255
"CEBPB",14216.1820023113,0.396693512820034,0.113494978583724,9.4772952505211e-05,0.00228743433411553
"DHFR2",437.033073295674,0.454141159947808,0.132659991292492,9.52538495906482e-05,0.00229476792666244
"TCF7L2",1138.69143736985,0.956880771392602,0.305381668636724,9.77285427236937e-05,0.00235001788913134
"REEP5",4928.78913529179,-0.218230985231892,0.0585148689791131,0.000100279654795398,0.00240689741815399
"CFP",16514.0847965713,-0.382301726444181,0.109555503648002,0.000100591735303767,0.00240992510401503
"GCNT1",1094.38195394607,1.00057833897546,0.322156590940114,0.00010202645310916,0.00243978756226537
"MFAP3L",122.493962200892,-1.32259464790253,0.43659440864261,0.000102455755704616,0.00244554152796966
"SLC1A3",217.168990521613,1.49095021190194,0.494935162939966,0.000103681244688443,0.00247024377280681
"IFNGR2",10730.0688451517,0.543675872290438,0.166630014027614,0.000104442045349926,0.00248380431152364
"ITGAL",10611.8032580103,0.554542823272684,0.172689860917959,0.000105664875295114,0.00250828287307687
"ALAS1",1639.7147338078,0.670574688718004,0.209144510067285,0.000109668789601581,0.00259856888853034
"DPH2",586.549904841969,-0.440872876928374,0.129669066252543,0.000109970425172551,0.00260096109609751
"GART",1088.22979419313,0.610537735844422,0.188255318786358,0.00011041899979129,0.00260219929565681
"SLC25A22",136.169034465367,0.678273632932129,0.211921562729525,0.000110424320084194,0.00260219929565681
"CCL4",86.1413898429555,1.95268189204704,0.660779204307893,0.000111080544487714,0.0026129127715159
"APOL3",7034.75406653664,0.825856344240539,0.266975735685852,0.000112911435723351,0.00265116869277239
"IFITM2",8475.90360912148,1.44301973156694,0.478253734740293,0.000113422395216582,0.00265355174079806
"RARRES3",1094.36211643797,1.28481567172267,0.427261045088797,0.000113252946670715,0.00265355174079806
"ADA",349.018360291523,0.794587917730174,0.254046917873655,0.000114309854192696,0.00266469428092002
"ADNP",2825.36421414216,-0.464853726061446,0.138447910893605,0.00011426454792252,0.00266469428092002
"RPL34",10171.1264778751,-0.548376262314562,0.167991800800082,0.000115081562938276,0.00267786739181866
"HMGN3",1098.21687984796,-0.476033544312638,0.142470354856232,0.000115585701684427,0.00268477827873093
"MRPL45",822.504337929927,-0.467833390664224,0.139582230311086,0.000116353580002753,0.00269482613303744
"MTX2",299.682889589747,0.501782118435185,0.15107239684525,0.000116434120399735,0.00269482613303744
"AZIN1",5185.33910165914,-0.316657764029387,0.0908563763187071,0.000116694317212113,0.002696033948995
"PCGF5",2930.93092984047,0.526862098364322,0.160522968277201,0.0001197058495542,0.00274806152798186
"RPS15A",13071.0812604726,-0.441927845952193,0.132569448969222,0.000119727170892571,0.00274806152798186
"SND1",5786.41729069301,-0.527229703179361,0.16075523561728,0.000119916999897678,0.00274806152798186
"TSEN2",44.0506586828294,1.69035942562877,0.573939588986576,0.000119915174969244,0.00274806152798186
"XPNPEP3",356.947603361721,-1.21516626950458,0.408761351105696,0.000120006390312301,0.00274806152798186
"ARHGEF11",5052.33611332289,0.413044371596646,0.121346103627107,0.000122736936145771,0.00280244325122887
"RPL5",19369.0640788487,-0.846222696074943,0.274170059745706,0.000122813653784276,0.00280244325122887
"TMA16",503.52409946211,-0.566570903905215,0.174845925788648,0.000123162867216916,0.00280547262214138
"RPS12",13694.8075574224,-0.504458080230925,0.153687401237935,0.000125133858739006,0.00284536832125659
"FERMT3",14238.5168573687,0.349568635350322,0.100395852423729,0.000126081860194198,0.0028619036602049
"PAG1",4423.99066819586,0.617026641422461,0.192945233475799,0.000127571959053791,0.00289066461765068
"STS",15.3428857166314,-0.0433671452833075,0.217854592790227,0.000128704364543313,0.00291123432608355
"NMT2",42.9461438839172,1.85247779420211,0.635677326652151,0.000130283375851365,0.00294181678468561
"SAMD9",9580.93273232461,1.83701875805835,0.628932768809416,0.00013074348490286,0.00294707183969734
"AP1S1",673.25881089458,0.475934517349256,0.143743122605407,0.000131371111033454,0.00295607807309825
"CCDC71L",728.882797127072,0.523128055859679,0.160417218862107,0.000132741428308355,0.00298173596586584
"CRIP2",27.1142876161126,-1.7040310101927,0.58826904892849,0.000133698753111931,0.00299804418526597
"RPL27",14545.0805758696,-0.452342603463632,0.136291898387556,0.000134017602446681,0.00300000370520109
"IFT122",273.804004602695,-0.60135151460253,0.188861900735552,0.000134376700473394,0.00300285588764769
"LYSMD2",1217.29798586196,0.696114771768298,0.223325524884669,0.000138853413142908,0.00309755436789196
"ATP6AP2",11125.0022197964,-0.341870801411741,0.100313117361531,0.000143031308510748,0.00317912755091894
"FBXW7",853.101508704915,-0.447871517965105,0.134879810145492,0.000143133876793602,0.00317912755091894
"LAMP1",8724.46184571563,0.354420465482058,0.103100344071679,0.000143245929306123,0.00317912755091894
"ZCCHC2",2571.75461149986,1.20711305047542,0.408513828866375,0.000145377500005461,0.00322091927789877
"DHX58",802.642952748918,1.19017006306325,0.405021486632804,0.000145663201587025,0.00322174190404339
"GAB1",455.677739301222,-0.477010351425481,0.14560960773497,0.000146062735447525,0.003225075151849
"MS4A1",182.943412847191,-0.177836937278974,0.346081048455131,0.00014670993312284,0.00323385619592709
"ZDHHC1",124.975084241387,-0.984467834457565,0.33125216943004,0.000148417398504059,0.00326593871309187
"KLHDC2",639.571025662938,-0.475464314576903,0.145405120533751,0.000149058745890784,0.00327449221269567
"PTPRA",1060.8595241951,0.38294007954529,0.113018759519618,0.000150013422380538,0.00328988826983783
"SLCO4A1",14.9715960109452,4.58130069912842,1.58957789629233,0.000151209639794655,0.00331052050908535
"ADGRG1",101.559743695224,3.0636057010979,1.11143838100663,0.00015512034885698,0.00338071225956288
"RAB8A",4389.76021294832,0.342813552809654,0.0999004004406937,0.000155459031455866,0.00338071225956288
"VRK2",826.053887418078,0.780929825482444,0.256991698344321,0.000155242422202218,0.00338071225956288
"ZMYND11",817.046573202741,-0.53603479554697,0.167562385514746,0.000155296949938405,0.00338071225956288
"GIMAP5",4217.65475739158,0.925993346905965,0.310776262325077,0.000156533509119722,0.00339837656901292
"UBE2J1",222.97544105916,1.14709771553679,0.392936826067978,0.00015695119343131,0.00340174651850035
"MBNL2",1317.58822264935,-0.811847005883365,0.269689360400672,0.000157689939925932,0.0034120522727546
"ADGRE3",906.28722872387,-1.48529974511364,0.521000904267641,0.000158744785000366,0.00342915193064956
"ZBTB41",75.7409598662253,1.10086452201581,0.373971086247999,0.000159211888542053,0.00343351961296763
"A1BG",175.043347449325,-1.04433487696962,0.355793978494241,0.000160064162272753,0.00344616546049361
"GALNS",934.649734539536,0.53117381109276,0.166256601933586,0.000161715557880111,0.00347594584690567
"ANKRD50",2448.75322500781,-0.511121628516913,0.159929894502749,0.000166007459815424,0.00356228921633727
"PSMB8",7525.9526230307,0.500224581769935,0.155614870697219,0.000167954532669743,0.00359811355030171
"SERPINA1",37047.2930138429,0.609859553722991,0.195830852532031,0.000169336455369343,0.00361576572988806
"SRPK2",2348.00210647347,-0.317475621882828,0.09217373457896,0.000169242101005377,0.00361576572988806
"DHRS4",186.545284672605,1.92462826469708,0.688326010971505,0.000170150939447208,0.00362718145752511
"NADK",1351.56400044185,0.591278155478317,0.189233264676365,0.000171028056000228,0.00363989266636938
"TOP1MT",501.489000720944,-0.924438300416658,0.314565665146016,0.00017363098604331,0.00368923149197924
"ADGRV1",22.4878971426019,-0.169600766950562,0.330638351564104,0.000174208910071973,0.00369545283705866
"DDAH2",1121.71817736878,0.430483725745907,0.131252604005767,0.000174884931545786,0.00370311914053004
"EGR3",1335.28557367152,4.94332998400858,1.93502824911507,0.000175867337043278,0.00370311914053004
"NFIX",657.943972716122,0.595070829524187,0.191088968235492,0.000176255734134373,0.00370311914053004
"RNF19B",2512.02882868447,0.397692404927345,0.119756722632097,0.000175974032757363,0.00370311914053004
"RPL18",14085.2010071721,-0.470629965405047,0.145913471187233,0.000176284585271741,0.00370311914053004
"SMIM19",361.644398700311,-0.470322165543406,0.145602915900132,0.000175437840511198,0.00370311914053004
"NUMBL",189.359689579596,0.828697890808064,0.278496604729019,0.000177143116221785,0.00371513257176465
"XPO6",7024.92816587249,0.44968246755649,0.138230407797758,0.000177626352624003,0.00371924904096883
"RPGRIP1",215.077477554935,-0.848352101201564,0.286374090163792,0.00017876267882832,0.00373098724685
"TMEM104",1567.12262172737,-0.399496440292158,0.121469735978388,0.000178730814571226,0.00373098724685
"ABCC5",931.028925792365,-0.658764105439265,0.215674979486982,0.000179714370333237,0.00374481986155802
"GSTP1",8121.121204846,-0.467474054810513,0.145102771471774,0.000180689835541217,0.00375307845905403
"IL2RG",2210.05165144686,0.918994607554123,0.311371047315857,0.000180412216748795,0.00375307845905403
"SLC6A12",201.650996394717,1.44420272914398,0.5119194383728,0.000181080302754192,0.00375517088639532
"ST8SIA4",299.88301220872,0.408176761626854,0.123878002181525,0.000182505274355169,0.00377867549667308
"NR6A1",213.479638617396,-0.654795330383864,0.214628178241584,0.000185789671947029,0.00384054216603738
"PI4K2B",1124.41246685509,1.03994397785286,0.358439087243338,0.000193151150599875,0.0039863567880971
"C4orf46",243.386166135598,-0.577620944649138,0.186488073600769,0.000193481459703478,0.00398682543595672
"SEPT4",287.317815091216,2.07899285603912,0.758885141737782,0.000194811809624048,0.00400786645164648
"MUC1",40.6678900066161,1.9165458506019,0.694653322572812,0.000196002895655996,0.0040259802386646
"GSR",3720.11758131569,0.375440280207779,0.113125293250367,0.000196776477712315,0.00403547456903373
"PFKP",1017.19964065189,0.902843220611539,0.309166754196448,0.000197532859656369,0.00404458672038893
"PGA5",18.8674244252058,-2.54748402655112,0.950986532104705,0.000200468337617484,0.00409723511835211
"USP36",852.722485960825,-0.426191395584933,0.131548838903628,0.000200736386093171,0.00409723511835211
"MB21D2",12.4520754783932,-2.09098887734943,0.755968996893342,0.000201418720132082,0.00410469816294327
"PPOX",192.22723422272,-0.581911875872027,0.189204472992443,0.000203435483660313,0.00413928933080268
"PGBD2",611.155356486169,-0.387966101262219,0.118075710677208,0.000205374518569478,0.00417219300184796
"SMAD3",2199.43070692342,0.742336602735023,0.250641929266462,0.000208084698756647,0.00422063502438951
"XRN1",5337.73094203764,0.926761637106525,0.319313461982907,0.000208539240342269,0.00422324545949398
"CD53",21991.4876341993,0.479749993355357,0.15103975699678,0.000211538040529549,0.00427729257925661
"DGKG",703.638368589517,-0.488328897060257,0.155279822411131,0.000215837127958653,0.0043574221424799
"CPM",724.636191801657,-0.734050558122411,0.24910466780497,0.000216594847923848,0.0043659188552737
"CASP7",1478.10231466475,0.777427795381651,0.265167341810964,0.000217223750850778,0.00437179663785237
"SEPT6",1384.56568892631,0.434620856206704,0.135451759625131,0.00021854122359983,0.0043914927117479
"FAM168B",2907.51528967042,-0.718232802974228,0.243294888320625,0.000219568566231739,0.00440507113908742
"FBXO34",1131.94647642553,-0.414328247684418,0.128811888100437,0.000220236563392381,0.00440507113908742
"ST6GALNAC3",193.206976539165,-0.937573300712354,0.327332872582496,0.000219920207170045,0.00440507113908742
"TGFBRAP1",776.376540422567,-0.546337175019684,0.177407215203984,0.00022063623274026,0.00440626535061096
"RPL3",28688.4216673821,-0.722532659586983,0.245119185070143,0.000221100670262345,0.00440874736503116
"CALM2",22289.9863916462,-0.42519653778079,0.133900660263649,0.000224530931029498,0.00447026942714797
"MYCL",3836.95425059553,-0.459476181793211,0.145173829509867,0.000225386427636835,0.0044804194610445
"CMTR1",3795.816048764,1.01123870152272,0.357109190907236,0.000226817887838786,0.00450197035877259
"MAP3K8",773.782075614111,0.508249799296873,0.163258371944188,0.000227634175440866,0.00451126383469275
"PLIN3",5375.56864722086,0.305198105440211,0.090366935507208,0.000231413125138686,0.00457915345789696
"ALPK1",565.978213948284,1.1778400504351,0.424172631767744,0.000233072048886217,0.00460494942929004
"SYNE1",3146.21844383077,0.471861925139797,0.150420017914733,0.00023516224757265,0.00463917487182515
"TRIM26",3282.92423148209,0.559964952994262,0.18338024815477,0.000236321225906331,0.00465495350907593
"DGKD",5704.61321235014,-0.320729294302908,0.095763050068723,0.00023695040192585,0.00466026427824119
"CYB561",358.67816364735,0.750095517279255,0.257441115259013,0.000238139147609068,0.00466947275667343
"KIAA0895L",564.777895367454,0.785104814660567,0.271321291485298,0.000237878103808151,0.00466947275667343
"PIP4K2C",888.311101470522,0.634362078622564,0.212699822462505,0.00024229245508632,0.0047437349099302
"PPARD",676.987502766634,-0.446856549504021,0.141638361301019,0.000244780480843199,0.00478521841962098
"FAM65B",17127.0666489702,0.576121581728198,0.185874544338036,0.000248420401566942,0.00484906148299569
"SIN3A",841.605810606095,-0.441452440190728,0.139907327931961,0.000248835769785712,0.00484986528149264
"EIF3E",4104.90491248162,-0.621550335786089,0.209667554883164,0.000257360077506897,0.00500847442127161
"HBA2",15459.861245316,-0.24872600090981,0.564827732749397,0.000258002019432179,0.00500901539779745
"ZNF844",424.189630347489,0.686782271189045,0.234996703371819,0.000258160812107761,0.00500901539779745
"PIGL",191.345667061421,-0.622282130930619,0.2106767125796,0.000261974758797703,0.00507541830908374
"CEP76",163.978407034628,-0.79045805202451,0.276894081157415,0.000266080048414113,0.00512554600475389
"HILPDA",67.7549286280981,-0.933770758768595,0.334429642863917,0.000266144005956282,0.00512554600475389
"PLA2G15",1006.31816543573,0.462782272325189,0.148513529254112,0.000265186885149447,0.00512554600475389
"RFX2",174.09400851888,-0.948927644210329,0.341168424827286,0.000265526628848251,0.00512554600475389
"PHF11",2442.1707812269,0.769779798732384,0.27191536852621,0.000267694179460407,0.00514775112757616
"PAPD5",1534.2935979013,0.421557327787446,0.133290186563011,0.000269257307150439,0.00516387250226195
"SLC7A1",585.994552112349,-0.77655118487629,0.272289289346923,0.000269329358192198,0.00516387250226195
"PCTP",1648.75483053769,-0.276557879871573,0.0819276573522382,0.000271504056624973,0.0051978789924908
"RPS3A",28175.3836136449,-0.748517553133335,0.260571695924928,0.000273605851854493,0.00523039151310632
"RNF19A",536.98075239301,0.553017034723578,0.183808088021033,0.00027610074436893,0.0052625613937731
"ZBTB18",2619.42777291193,-0.521070079005775,0.171775184559338,0.000276084201896177,0.0052625613937731
"FAS",1650.41043494277,0.8321437507446,0.294964498721721,0.000278143033089045,0.00529370315986361
"RACK1",27207.1416381946,-0.517481933668456,0.171082264314418,0.000279012677607419,0.00530246820303484
"ANKRD45",21.8397606740552,0.0390056143329932,0.216552325376372,0.000282097655744227,0.00532983632084684
"SCARB2",5376.64094346001,0.689964255177504,0.238439185928777,0.00028111355502373,0.00532983632084684
"TACSTD2",87.882808080374,-0.022285311094815,0.212919969292418,0.000281758187194067,0.00532983632084684
"UXT",1006.54733030332,-0.400046191275151,0.126103591001208,0.000282068497458396,0.00532983632084684
"NUB1",3777.65051304274,0.598545138323824,0.202243434750173,0.000284670380045057,0.00537061542323723
"TOR1B",3301.14969647502,1.20229347926273,0.43785925821268,0.00028710236195202,0.00540862458322694
"KCTD9",634.531030380473,0.368013375580894,0.114445011350384,0.000293136149478142,0.0055113043056603
"TOLLIP",3747.91284312122,0.298258060742988,0.0897879588754238,0.000293403284538663,0.0055113043056603
"FILIP1L",70.6229927034462,-2.19800651360027,0.860593978014934,0.000295800533614808,0.00554829336639873
"CYLD",2584.00166089545,0.37755272070371,0.11815320740807,0.000296991243503807,0.00556257732233069
"NAT9",374.747477871231,-0.464196486744292,0.15101908127201,0.0002992516534508,0.00559258261127846
"NCEH1",1262.15231396548,-0.640340837267409,0.22068357482024,0.000299887733572913,0.00559258261127846
"NPDC1",98.5733165099053,1.02039263445499,0.372035294806352,0.000299750627079522,0.00559258261127846
"ALDH2",1174.02006622822,-1.09050675380313,0.40471413076523,0.000301097990849276,0.00560464654160581
"TBC1D3D",11.6819916281578,-0.0424885934528626,0.217563706867331,0.000301399478396671,0.00560464654160581
"RRM2",16.8709702568366,4.03393973037634,1.58246309768995,0.000306698185406431,0.00569500742271169
"DNMT1",2157.04430921118,0.501336064540066,0.165808604177862,0.000310048237290835,0.00574076457646644
"SLC16A7",1801.56946183679,0.463979122227886,0.151300810028761,0.000309687409973919,0.00574076457646644
"PTGR2",127.846458681112,-0.922295210562322,0.337672181403857,0.000314314651022334,0.0058114581910135
"TRPV6",10.6537099964858,-0.0979574745189778,0.246273237210964,0.000317872029699991,0.00586885951131279
"KDM2A",10803.1312280251,0.211973939402829,0.0617652794361121,0.000320438005305503,0.00590781932683447
"TAOK3",4683.75049827919,0.275740096751519,0.08274592582618,0.000321170051388688,0.00591290488075112
"RGS14",3272.87733511995,-0.340541368480357,0.105542804233715,0.00032366740820935,0.00595043018127857
"C4orf32",1346.32858969834,0.600803565971004,0.206316049756405,0.000325192085297524,0.00596999237612069
"APP",2421.32455998645,-0.511405241421774,0.171076740298523,0.000325896581220553,0.00597446335106023
"NT5C3A",2402.32239349695,1.3847538891533,0.526741359039857,0.000328401392888274,0.00601187917122163
"ENTPD1",3358.37001147801,-0.392337674102162,0.12499293497172,0.000329349612176149,0.00602073388351913
"NACA",7720.79678151764,-0.409654799052759,0.132219887026042,0.000332724843123559,0.00607386857989359
"NCOA5",632.574609954467,-0.605873303590099,0.209744186046123,0.000338080771890585,0.00616296045636268
"EVL",3097.94943934548,0.603172851835279,0.208162709503957,0.000339196737293413,0.00616959413543507
"LTBR",6100.41188885779,0.326101592246437,0.100819010333446,0.000339396699218055,0.00616959413543507
"GK",2410.70761607434,0.515320789244008,0.17323198190055,0.00034479431467718,0.00625893433127581
"ABCA3",91.4951876767031,0.974101777102486,0.362872072282148,0.000345849148152122,0.00626930183104847
"TPST2",721.30027187533,0.84667940785484,0.312731802028273,0.00034883958644382,0.00631467860320999
"FOLR2",337.204706588662,-0.867584418026367,0.318734108027162,0.000349981572915077,0.00632369544480445
"SPATA13",4973.05919261513,0.790570324271832,0.286215647283013,0.000350313504310593,0.00632369544480445
"IDH2",2223.85310066129,0.35326548339447,0.111037817200029,0.000352380528101966,0.00634216189923721
"RTP4",828.233613668941,1.38950559205423,0.536503993197601,0.000352804469512385,0.00634216189923721
"ZC3H7B",3685.49023213039,0.319932436478714,0.0988857334969796,0.000351827529754025,0.00634216189923721
"CFB",89.2471405317944,3.70547636744844,1.54475285089593,0.000355143021974901,0.00637535832107575
"CEACAM19",74.7456569552724,-1.39287057633967,0.541681642737767,0.000357422484775826,0.00638972803473031
"E2F2",279.592606966946,1.28310819188408,0.492008336476766,0.000357286315041002,0.00638972803473031
"RPL11",17778.4188221076,-0.416250276554229,0.135772983766733,0.000356871911409204,0.00638972803473031
"IGHV3-7",163.70995212005,3.10365515608478,1.28632284562419,0.000358255859211584,0.00639580467113132
"PMF1",1432.18437073993,-0.426334739481965,0.139367394062568,0.000363483012696508,0.00648019714932522
"NHSL1",250.546743423459,0.654164814416669,0.231181796470104,0.000368170036201536,0.00655474153737378
"ACBD5",847.81666892772,0.345133698938962,0.108596754275011,0.000370172403388181,0.00657233495933454
"UBA7",4689.90944709804,0.628828259986464,0.221920582309272,0.000370060399899576,0.00657233495933454
"UBQLN4",1287.49511089504,-0.348244456910893,0.10989808271318,0.000372118327709571,0.00659784630019664
"ALG10B",347.838932012109,0.456030831996567,0.151255935548439,0.000379449947371351,0.00670948263012288
"CD1C",522.120334688788,-1.45939701859381,0.576498431676129,0.000379111466911397,0.00670948263012288
"SREBF2",6275.18007543018,0.474572531019327,0.158742438931965,0.000380675089717979,0.00672197525590562
"SMPDL3A",793.79045167657,0.767236083128125,0.280455701951638,0.000382902979460925,0.0067521163493783
"DOCK10",4514.84079746649,0.618058710154924,0.217056825444532,0.000385103880088884,0.00676596352386106
"GPR137B",779.103884356947,0.621352610766822,0.218995530092154,0.000384282307683911,0.00676596352386106
"PGAP3",620.176141994006,-0.395384789939479,0.128227190925377,0.000385582121187221,0.00676596352386106
"RPS20",15546.1406234928,-0.311772567299223,0.0970658847318487,0.000385776332392047,0.00676596352386106
"PTPRU",90.6786451459147,2.60578258720404,1.07205663778348,0.000390057514131014,0.00683180464952982
"AP5B1",501.857442379066,0.662583009951608,0.236835411272421,0.000393488978916775,0.00686629484582054
"KYAT3",1186.15159011152,-0.325727329478265,0.102319341365004,0.000393616007286834,0.00686629484582054
"ZBED3",308.644095913561,-1.11985798383096,0.432651571373351,0.000393495969235443,0.00686629484582054
"PLAGL2",3963.83925792982,0.465406949637129,0.155684846768037,0.000395558796379962,0.00689091069876437
"RNF138",2379.16538955145,0.404479493478045,0.131823631140933,0.000397230515998814,0.00691074458773238
"SOAT1",1864.04243345371,-0.432870344780744,0.143364041746186,0.000400210306940693,0.00695325172688784
"TNS3",2045.35596078697,0.495805272683333,0.168344005482073,0.000401666814698849,0.00696921497364362
"ABHD3",2269.71242634064,0.436300088518037,0.144511130377161,0.000403005973859214,0.00698310217538673
"SLFN13",116.969067973083,1.31287701751052,0.514981482564309,0.000406570505126148,0.00703546103730308
"CCDC88C",5775.21649669375,0.390918166985809,0.126985037092964,0.000409497896508354,0.00707666964885971
"PLSCR1",5674.57341218447,1.00275757084238,0.38417496526235,0.000419141384879639,0.0072336770831225
"LMNB1",7053.84599389216,0.884472091869861,0.33083847870245,0.000423594768827404,0.00730081356219678
"AMY2B",408.365428158428,-0.539605768591938,0.187809305335228,0.000430584987013643,0.00741143694114718
"BATF3",172.092468123806,0.838352120309183,0.315088635848778,0.000435207479504398,0.00747115780378344
"SENP6",1122.21397753315,-0.293880414388418,0.0914411827101117,0.000435181066778601,0.00747115780378344
"CSTF1",310.036827040479,-0.469578070888871,0.15945916860838,0.000441675743594475,0.00757216840307936
"ELK3",3791.46999931068,0.307719018631463,0.0966093331323702,0.00044635903771538,0.0076423507104743
"RCOR3",1262.58791373928,-0.311929685724778,0.0983006523731097,0.000447110320312648,0.0076451145931032
"RNASEH2C",566.058442243015,-0.596346431903493,0.213015263263384,0.000449350919267971,0.00767330337896201
"AKAP17A",4697.71422169118,-0.358751195235893,0.118508842277393,0.000451216887412372,0.00768491731636235
"PPA1",2502.14955925551,0.813792061221051,0.303805253775548,0.000450725590863952,0.00768491731636235
"NRM",712.999289913973,-0.4112961763254,0.136567036198471,0.000454100681014378,0.00770366351652795
"P2RY6",226.278025932549,2.18033894612742,0.910067475042102,0.000453867067001169,0.00770366351652795
"SQRDL",6514.18267646826,0.609148755791372,0.218181261765085,0.000453907304854596,0.00770366351652795
"PGA4",67.8813230346818,-2.16159654961546,0.90284965735767,0.000455018036706832,0.00770913565197026
"AC009950.1",124.062888811232,1.32179770826707,0.527982622464829,0.000460000097398223,0.00778206290488812
"RPL7A",18072.0557359949,-0.494270153114814,0.171017083591416,0.000460523281232096,0.00778206290488812
"RFXANK",730.574416073042,0.36022354131776,0.116738098683916,0.00046515358456603,0.00785007240828167
"KIAA1109",3689.75577248897,0.488115487265722,0.168396706774192,0.00047525125730494,0.00800730471745374
"SCD5",55.6558421555566,-1.48305070226283,0.603496711300289,0.000475705935687013,0.00800730471745374
"SMARCB1",1548.19681305771,-0.367165842353927,0.120254787983411,0.000481106266290744,0.00808770209778772
"MAGED2",1088.50906679561,0.480546781754278,0.165558519246829,0.000482602436593126,0.00809186310567078
"STAC3",1934.99933494785,0.742593886586278,0.280128139200216,0.000482296897618571,0.00809186310567078
"OAT",467.992963459168,-0.585127732322191,0.210191426125228,0.000488180550437081,0.00817481668503232
"SELPLG",12758.6924578724,0.346676482923213,0.112142581095598,0.000491533910420466,0.0082203496941415
"WWP2",3922.76890602511,0.176572020767089,0.0524584937406953,0.000494789334477349,0.00826412959299088
"AMIGO2",36.0960030800273,4.79209504868697,2.18601158109774,0.000496900485004492,0.0082887093772757
"FUS",5068.19183848107,0.587549273473397,0.210852500233768,0.000502020997493673,0.00836336008806619
"SNRPD2",1933.78149821134,-0.253924222445115,0.0784141051345294,0.000503418410817189,0.00837587422670294
"TESK1",1091.28796541929,0.44334665460681,0.150905367590345,0.000504771523686853,0.00838762015192987
"MRFAP1",9797.35878317877,-0.278978770238519,0.0873752568328827,0.000506166307873368,0.00840002754973972
"PRPS2",1053.83890823154,0.508056511474964,0.177807157804794,0.000511347442418031,0.00846433486740753
"SPNS1",3473.74280522685,-0.304961442924551,0.0969976312050788,0.000510831462669144,0.00846433486740753
"RPL10A",8815.27276374078,-0.617730337903909,0.22405195415302,0.000512996966491118,0.00848080826873901
"PGAP1",303.454850966683,1.67720351460074,0.697570031332315,0.000517246357049832,0.00854016564805462
"CC2D2A",52.9648420329295,-1.73219066804486,0.731258949348203,0.000518500338954451,0.00854997823560895
"TBC1D10A",1251.04158891965,-0.393650101166469,0.131438082904477,0.000521365207079331,0.00858629536080712
"TIGD3",134.030795866781,-1.17851908826859,0.478454292482117,0.000522743807710444,0.00859807422809018
"NEXN",680.8277710362,1.73780765505757,0.728883312298319,0.000527654556010888,0.00866784626166936
"TCTA",1157.9171469674,0.363916798449257,0.119635295349174,0.000528750471374249,0.00867485425250841
"IGHA1",1166.40812165029,3.15931761266203,1.42321409874151,0.000535132023232011,0.00875972589953596
"TDRD7",2062.26656888316,0.930815936181003,0.363534104578065,0.000535275280644432,0.00875972589953596
"RPL7",22768.8487589011,-0.692652534904709,0.260559140841474,0.00053700615397536,0.00877696943464646
"RPS6",505.172035341871,-1.44733288379342,0.605286641217798,0.000539341544304515,0.00880403747573151
"JAK2",4230.89360701913,0.554841302741482,0.199244193151505,0.000542970987012936,0.00884901461734442
"RPS14",2401.45355154532,-0.533838592335744,0.190891995850692,0.000543462359031414,0.00884901461734442
"ACSL5",2273.70950956929,0.483475997303518,0.16896138752987,0.000545576188837865,0.00885958572485697
"PKN1",10277.6898862326,0.255061071773778,0.0793489931889319,0.000546162255548238,0.00885958572485697
"ZSWIM7",760.709149557575,-0.496605894857911,0.174840000874697,0.000545007326052221,0.00885958572485697
"SPSB1",94.7362101423109,1.22745660237852,0.502469539005931,0.000549021630294688,0.00889483668781182
"LGALS8",1803.21799037379,0.477266571896205,0.166592543257684,0.000551363901975319,0.00892163237640713
"CEP250",829.010578997792,0.502662418878138,0.177552025379507,0.000552568035858828,0.00892996797103026
"S100A8",78662.6954180056,0.542820568078657,0.192135180087926,0.000553494839078333,0.0089338064872905
"TOMM6",2366.86136479082,-0.35288654273157,0.116263766861662,0.000561209817186076,0.0090470652245631
"TOR4A",4358.26609229843,0.370802217769401,0.12272342738211,0.000563017753618127,0.00906493553371992
"TMEM140",432.56184115412,1.12291820179297,0.456035579969572,0.000567218589751193,0.00912124087067644
"CD69",101.145381910581,2.30822406499376,1.01490814329982,0.000580578906110081,0.00932451450073453
"TAF1B",550.533873499894,0.500338818567453,0.177729499520524,0.000584143251620653,0.00937014936170209
"PDE4DIP",1656.2643162273,-0.801811928115227,0.313626529174122,0.00058525622797328,0.00937639798610839
"ABL2",1126.935987044,0.320537698895885,0.1040150674886,0.000586238445482045,0.00938053887887999
"CCT6A",3590.04789481441,-0.298505721867718,0.0958766322800532,0.000591004215556286,0.00944513642148584
"CPPED1",11097.3220443517,-0.201308962639956,0.0616759367362543,0.000593050319704782,0.00946616403164246
"NUFIP2",1523.63566280539,0.501844964902152,0.178548216355239,0.000598264555949373,0.00953764687535034
"CFAP45",22.5456522125636,-1.47904128948325,0.62184726755843,0.000603077348752171,0.00959622322022717
"PLGLB1",78.9571080990389,-1.10567143177228,0.455822553953598,0.000603419637719708,0.00959622322022717
"MCF2",32.674642012838,1.20853512070005,0.493743945853431,0.000604692179320867,0.00960467565708059
"HMGCS1",1346.83748834106,0.526081304985148,0.189839931551609,0.000609158262713713,0.0096637701873102
"LRP3",1193.07501081587,-0.546773240534783,0.199290952035223,0.000610926397932224,0.00967997193594077
"RELL2",642.811802907059,0.656021006317428,0.248034891167141,0.000611688144734447,0.00968020762381339
"RP11-159D12.5",54.1593519081469,-0.858675349620856,0.342809705267154,0.000615533229628145,0.00972393657991888
"SLC2A3",5601.90710948513,0.606214912425994,0.225570745766293,0.000615951850328941,0.00972393657991888
"APOBEC3G",1594.83156707457,0.84038786129835,0.332162030329552,0.000617501150195827,0.00972470523412893
"PRKD3",1311.99110465692,-0.426403398131768,0.147497926164943,0.000617152256465208,0.00972470523412893
"SH3BP2",6132.00130050857,0.459406416659066,0.163600320016834,0.000619897299798843,0.00975059332851069
"KIAA2013",4165.29255600609,0.213260237495037,0.0657101231271309,0.000623241822868312,0.00979131789841962
"DDX41",3153.31672867738,-0.273556521638582,0.0871981402498681,0.000626457672775951,0.00982992481458728
"MYH3",189.8823759546,0.568079265113862,0.209331058910021,0.000633258597781744,0.00992462477128076
"GDPD5",931.998468144123,0.938860518774914,0.380594579069885,0.000643225514724959,0.0100686544641911
"TOE1",223.934267575448,-0.450291233511696,0.158834061329124,0.000658552790266575,0.0102961432022257
"CASP1",8944.56057771866,0.418623339820665,0.145670187885629,0.000667072955339046,0.0104167862339149
"SNRPA",1196.00899856006,0.249918634293599,0.0791176442089092,0.00066885735842087,0.0104320820968627
"KLF2",12743.8402899906,0.97999340740542,0.396007700625027,0.000672155971753315,0.0104709297474696
"GIPC1",189.580510816441,1.10924996101299,0.461820765546462,0.0006734334316764,0.010478236144007
"AGPAT3",9253.3377071809,0.369574933215144,0.125078874243592,0.000682834079174934,0.0105837677786549
"RPL41",21285.7118898771,-0.277613034038871,0.0893752557177322,0.000683482264542411,0.0105837677786549
"TALDO1",15697.797750211,-0.215222877673409,0.0669905152474266,0.000683319274896186,0.0105837677786549
"ZNFX1",7540.3312866113,1.04174626422622,0.420062950620072,0.000681864772226516,0.0105837677786549
"RFC3",266.887776955646,-0.706463715777114,0.276273091701567,0.000686995180986342,0.0106183616961514
"SNX13",400.342463392141,-0.607053535646475,0.230073181572893,0.000687354792305459,0.0106183616961514
"CALM3",8353.15303264327,0.371235007076558,0.125982931581806,0.000690907127716645,0.0106225946409673
"GRIN2D",12.2603367428197,0.0436792107507012,0.217890218003138,0.000690857236106119,0.0106225946409673
"TPT1",56724.6438317443,-0.654451223407587,0.252097102053313,0.000689124317930066,0.0106225946409673
"ZNF254",300.831485231261,-0.81398713177868,0.326910803241024,0.000690274811059348,0.0106225946409673
"TRIM5",696.325542964167,1.20426999731639,0.508525634671475,0.000693387015986417,0.0106480913675355
"STX6",3052.64439662968,-0.320606470145217,0.10601262794383,0.000696754270439265,0.0106871385788915
"DAXX",861.032284110581,0.437084489277415,0.154020732632233,0.00069981550828708,0.010721405204384
"EDARADD",32.5739758352481,3.11461293408896,1.45348557651983,0.000702398122876512,0.0107355920643897
"KCND1",174.78866506269,0.872707062385577,0.355514849584596,0.00070216269935889,0.0107355920643897
"ZNF467",539.343901843727,-0.4975896393116,0.180884643345601,0.000704207614656645,0.0107505711349408
"RAD1",436.90562274116,-0.447335570943111,0.158885884896125,0.000710776916308984,0.0108380936615068
"QPCTL",110.126601749327,-0.865853031897233,0.351768044462604,0.000711959429738721,0.0108433680009913
"FAM212B",1390.37130867422,-0.700294345956181,0.274964320003766,0.000714106890087036,0.0108633091577677
"RASSF1",3027.54581875871,-0.32789514271844,0.109258439533467,0.000718765000344664,0.0109213518985547
"RBM5",5487.99685472177,-0.32749436301552,0.109217741371951,0.000725122521748601,0.0110050503564211
"IVD",1728.3417822118,-0.350183197510714,0.118976924072494,0.000726081605522387,0.0110067177651177
"MTHFR",3267.16456870177,0.428223977627596,0.150870088310673,0.000727184708731784,0.0110105619274213
"B3GAT3",476.929848355315,0.359898292234415,0.122293172527808,0.000729849579621445,0.0110380168045199
"CRYL1",536.725505087504,-0.656449325741391,0.255337870800176,0.00073159162242296,0.0110501283760014
"STYX",1551.06386735326,0.377495094995932,0.129505134593518,0.000732808413146084,0.0110501283760014
"WIPF1",1809.62822900741,0.505641809636102,0.186086163755351,0.000733208116916997,0.0110501283760014
"ACOD1",26.5231300266092,2.49076654855454,1.13478750057977,0.000735529257863578,0.0110722354368988
"SNX7",8.03860410091355,0.0548101130654443,0.221742106790333,0.000743566929320214,0.0111802447458461
"C3AR1",1988.28585009853,1.17161045429163,0.494134846324219,0.000748585850332792,0.0112426665193086
"MOB1A",19295.322996138,0.338768376481808,0.113435745297866,0.000752170937466437,0.0112703901971127
"NGFR",32.3523437855427,2.18306082484496,1.00038289049652,0.000751439407939548,0.0112703901971127
"ARL2",584.573316666336,0.288984615186915,0.0944626684956226,0.000755339309195943,0.0113047953654603
"SRI",850.520193599617,0.443196632378513,0.158128137382001,0.000762101295894736,0.0113928430174068
"CCSER2",1364.64821315209,0.360163224141959,0.122928700736158,0.000763174029708731,0.0113957357131968
"ARSB",2083.5038853737,0.41554868108148,0.146221588613248,0.000764603948782573,0.0114039491141208
"GLDN",10.8232048575653,4.07794422520764,1.74394806929989,0.000769456093215151,0.0114631269243236
"TRIM34",1620.11609174669,0.618934039718852,0.238381500937157,0.000772306933735493,0.0114923882527506
"ST13",2887.54522430236,-0.379524782963343,0.13172336538123,0.000773307256525785,0.011494077238338
"UBFD1",1419.89448378789,0.489207498854123,0.178978363271428,0.000777359234353256,0.0115410687702778
"CBWD2",803.281942877212,0.81331543856878,0.332126108817623,0.000778417378871498,0.0115435556608163
"C19orf47",207.44398363775,0.527469261745147,0.196409146526975,0.000781860616016974,0.0115758971996445
"MT-ND1",82938.4645996889,-0.443978233590527,0.160095575418305,0.00078238453413229,0.0115758971996445
"ZBP1",1216.08720578192,2.31438098770602,1.08593046168412,0.00078686602387388,0.0116289287747199
"RHBDF2",575.309800402387,0.566703989423911,0.215117277769477,0.000789603067256608,0.0116560881033176
"ATP13A1",3421.75568979379,0.65641541596908,0.257520634935967,0.000792522664122064,0.0116739085088742
"OPTN",169.190883525448,2.35968388115721,1.11521486609027,0.000792611641679598,0.0116739085088742
"NLRC5",4539.3296032339,0.683470905780269,0.270572633728105,0.00079380870385555,0.0116782685705696
"CALML4",949.322185634072,0.406118551562855,0.143042519668924,0.000798641581805667,0.0116919262469064
"IFIT5",1785.47656489033,1.24917766076747,0.545501849747997,0.000799633129750444,0.0116919262469064
"MX2",5453.41942353848,1.77910209896269,0.804464444469958,0.00079876066868671,0.0116919262469064
"RNASE2",4022.47838560611,1.84683488976722,0.833558252109305,0.000798653565780557,0.0116919262469064
"SYNC",36.9175929493728,1.97908071058061,0.912342853831728,0.000800149570326826,0.0116919262469064
"ZNF219",122.465908840314,-0.796257824438939,0.326662364682081,0.00079802324560254,0.0116919262469064
"KIF21B",2115.56252339247,0.426954165951978,0.152462645992182,0.000812279104489717,0.011855798956409
"LAIR1",5122.42318268614,0.714491670625057,0.28525220862824,0.000814013886707913,0.0118677547644784
"TAB3",1475.78951198137,0.394383513445382,0.138355130789968,0.00081602410494424,0.0118836948586318
"JUP",1707.05394799341,2.23874021977889,1.05316552194763,0.000817817779970934,0.0118964492101047
"PRMT1",1476.57341129954,-0.346464889074083,0.118288464492444,0.00082011489245135,0.0119164900460336
"FLNB",1498.70696104174,0.754892281678108,0.305515463938564,0.000837433417508885,0.0121545067461732
"HBG1",10.2843074175922,-0.0638873244197282,0.22562822682666,0.000843710246809484,0.0122026913084383
"NEPRO",870.206871669296,-0.347546944449228,0.119418310552171,0.00084451925805641,0.0122026913084383
"PAX5",70.3489902865188,-0.15543971918759,0.305884995172314,0.00084402748987238,0.0122026913084383
"ZNF554",95.8622980141398,-0.839887271884302,0.350544782131626,0.000843372376462138,0.0122026913084383
"MRPS6",882.370594777216,-0.545265758582873,0.207568081638878,0.000848106734823514,0.0122408812806766
"TM9SF4",5981.06024482883,0.317182224419648,0.106846941355696,0.000856021233565288,0.0123413695308562
"PRPF4",1252.46105285022,-0.332695328802468,0.11331175738293,0.000858204653400613,0.0123591005696948
"CBWD3",943.575751213355,0.770293505568053,0.316726891201214,0.000864497730373868,0.0124359101924259
"MYBL2",12.073421001346,0.0418898120328041,0.217341469253431,0.000868754280608201,0.0124716313454357
"TMEM206",141.533926000696,1.29524605131704,0.579663358172393,0.000868905416628996,0.0124716313454357
"MIA3",2819.94357213211,0.399588533578404,0.141788091576232,0.000879805693678532,0.0126141168094773
"SOCS1",39.3788118947278,2.68352962662477,1.31575385025062,0.00088107597058666,0.0126183708892527
"LYRM4",343.101023090921,-0.465987726141684,0.171936907924088,0.000884477321601687,0.0126531021691826
"RPS7",850.830316897227,-0.638341387821263,0.254426785146719,0.000897639438289495,0.0128272378827675
"CDKN2AIP",1078.98218595277,-0.50166846065566,0.188872081321204,0.000899709400904877,0.0128426580893481
"ZNF600",4.28128970284429,0.0807510705851926,0.234106811778048,0.000904082441773971,0.0128908828689026
"TSPAN4",1107.27737462177,-0.640036883449548,0.25577600059663,0.000906871287839275,0.0129164381996537
"ATG9A",605.176286082123,-0.539856305536446,0.207090585861008,0.00090846816933075,0.0129249790808956
"CACNA2D2",23.6110852823486,3.29106914207826,1.64973258965122,0.000911360246684802,0.0129519080671949
"RPL12",13512.5807815319,-0.340586140102246,0.119539508485313,0.000912834462781615,0.0129586500242196
"IL7",46.8386002580788,1.44231115329329,0.6559206621041,0.000914281534728285,0.012964992310299
"SIRT5",108.270535812244,0.801551812732221,0.335185030653729,0.00091954528523425,0.0130230647650215
"USB1",3033.50370235619,0.345076054721187,0.119118476804389,0.000920386337841194,0.0130230647650215
"DMTF1",1913.08488298998,0.332664385849827,0.114105043033486,0.000922196523079972,0.0130344483485709
"RCN1",1030.51903862402,0.417280040923434,0.150456510179035,0.000925315550706896,0.0130642863319304
"AKT2",1582.93968161136,0.316460803197764,0.10739524101531,0.000926501993023831,0.0130668034075972
"NUCB1",8681.23314760572,0.482751897525232,0.18234749884544,0.000929422557441768,0.013093745398916
"CPE",10.7665600424305,0.0438750130980556,0.21793490275299,0.000936880293187666,0.01318447934854
"SUV39H1",209.781921843185,-0.519711165454336,0.198204443879126,0.000945371173577586,0.0132895398923417
"C11orf57",1097.23701919051,-0.320239291434021,0.109389653176246,0.000950656285689565,0.0133349092195048
"SMCO4",787.948628477586,0.528096221382935,0.202414315419429,0.000950128672425915,0.0133349092195048
"ECHDC2",96.4231252195053,1.07986251860628,0.479110224214964,0.000957314012435104,0.0133992947248071
"FASN",1919.30224611721,0.356620575893339,0.124629972237304,0.000957143412906495,0.0133992947248071
"PRR16",51.6270830384431,1.19357276462852,0.534846388482865,0.000960198845910577,0.0134251750181737
"STAT3",3769.55205960323,0.47564194348906,0.177902224561046,0.000963473658500253,0.0134564462153252
"FNDC3B",256.001081783495,0.556134035172402,0.21598809406793,0.000964980259530697,0.013462980779093
"SIAH1",240.974945298689,-0.784172977403346,0.331780923450503,0.000972030590294722,0.0135467618073225
"ZNF496",523.759499869675,0.695649626927022,0.285904727881148,0.00097418152264339,0.0135621554403663
"E2F6",425.855534568755,-0.403281616918381,0.145375168579428,0.0009780707120581,0.013587110931388
"TRMT61B",255.00406400012,-0.39838618703039,0.143495350885878,0.000977093192670809,0.013587110931388
"SYPL1",1790.54736079462,-0.268730168577113,0.0892279075955875,0.000981561590470197,0.013621006182103
"BST2",1677.10578945209,0.693276831721332,0.284918155717399,0.000987622514773212,0.0136879789793223
"RTN3",14013.1287275341,-0.305256509894767,0.104566411773043,0.00098849998647062,0.0136879789793223
"SIDT2",9990.94000591728,0.579100289005566,0.227987484490135,0.000990683953480182,0.013703580278609
"ATPAF2",846.670183745065,-0.319972879980063,0.109920398133749,0.000998995563988272,0.0138010180048476
"ING2",307.42555358194,-0.665447068965779,0.27245211553275,0.000999857719817291,0.0138010180048476
"SOD1",1433.79957418598,-0.357599637019407,0.126113257871942,0.00100848609573725,0.0139053066881389
"SAMHD1",6330.76366689781,0.401256128177322,0.144371047621403,0.00101395823125418,0.0139510749843795
"SPTBN1",225.818137335753,0.751795451045745,0.316695640649099,0.00101322691616854,0.0139510749843795
"PTK6",217.029257201109,0.929190242036489,0.407334578409193,0.00102176895184794,0.0140436345545082
"ACTR3",183.410515326217,0.871208517972926,0.378311220885911,0.00102332647146592,0.0140501423693536
"RAD51B",168.695257237541,0.762306115514301,0.321671884690442,0.00102645249127626,0.0140769479994909
"SHKBP1",10922.619301568,0.198277055108458,0.0634110494631418,0.0010274510305932,0.0140769479994909
"BTG1",13770.8209741572,-0.455088638787544,0.170213539856225,0.00103367719033869,0.0141472967940652
"ZNF250",75.6262262532144,-0.908107889925852,0.400258768083536,0.0010413984949145,0.0142379387052603
"LHFPL2",1716.29180575512,1.07573863888781,0.48372135932296,0.00104730836732353,0.014303649893446
"MAK",131.603023059057,-0.901742625414167,0.398146303167393,0.00104844450154918,0.0143040938785041
"LARP1",5627.21823260966,0.34453934182411,0.120745839397563,0.00105267395473129,0.0143466951916638
"MR1",4503.54376348373,0.53751444487928,0.209852095538517,0.00106009935130089,0.0144192356657337
"SLC27A3",4301.53088553969,0.477979357934291,0.181825351190715,0.0010602215561642,0.0144192356657337
"NRROS",4182.8106917637,0.385333077606237,0.138638692702599,0.00106228926369428,0.0144322129420772
"VENTX",1463.68401737782,-0.805275411971077,0.348475844432533,0.00106723816635246,0.0144842658367479
"TSPAN3",1072.77397741316,-0.778592014963651,0.334681276057435,0.00106922352800164,0.0144960315339218
"BUB1",10.8373096034085,0.0423308582638558,0.217460811681274,0.00107916253504718,0.0146112035946111
"MSMO1",432.3608404274,0.92201468904091,0.409704603004158,0.00107997323074125,0.0146112035946111
"HCFC1",2715.80475804023,0.293886422172366,0.0994971278562581,0.00108351023101464,0.0146285167751882
"SPTSSA",651.359319109898,-0.298343135800164,0.101982388348771,0.00108296804518321,0.0146285167751882
"RP11-80H18.3",423.746525027421,-0.420271721001581,0.155132106837248,0.00108650124434904,0.0146536343683745
"SOCS3",232.211882364164,1.67493156173915,0.819428353688132,0.00108956759517375,0.0146797147620031
"EEF1B2",5714.6115455404,-0.772040386537429,0.335388095099176,0.0010907258199352,0.0146800595557426
"ROBO1",21.9980728918432,2.04660368169264,1.0007643263117,0.00109758445743244,0.0147570458016409
"FBXO9",3472.94017067747,0.23726134077628,0.0781478254463745,0.00110072348928022,0.014774851551808
"GRB10",450.029789424381,0.399674573139599,0.145731555237603,0.00110118868907079,0.014774851551808
"TPCN1",3607.09383451506,-0.544532588177259,0.215502621736517,0.00110361018364898,0.0147920285318247
"GBAS",2430.89078894438,-0.297210419312736,0.101925748298175,0.001114879492388,0.0149263638873558
"RPS23",12097.1662169951,-0.600112957937788,0.243943487603481,0.00111593600855241,0.0149263638873558
"MT-ND3",18156.7580793082,-0.603350444728082,0.24632190923123,0.0011289577036649,0.0150849698940214
"IMP3",1320.65621342314,-0.251107336709891,0.0837708922045804,0.00114236611510693,0.0152484111409897
"PCID2",799.838869586009,0.42036105227898,0.15628538261,0.00115363162418077,0.0153692799593202
"SKA2",165.520059809627,0.528246655423937,0.208022301062315,0.00115379287095275,0.0153692799593202
"NRIP1",3393.19411677263,0.732898140803943,0.308643349501289,0.00115632331748284,0.0153871730163194
"HERC6",1196.91032938714,1.73121487928578,0.860078284215832,0.00116500517089582,0.0154868020717751
"GMPR",700.003321772297,2.29528957911226,1.20687396042441,0.00116693225542328,0.0154965255763741
"ACLY",3266.20565504945,0.305218218162555,0.105567120189847,0.00117477139381613,0.0155846591967767
"CCDC157",98.361208257476,-0.728069024157802,0.314314402831609,0.00118271276241793,0.0155942422316367
"GTPBP1",2547.84697462432,0.814129416659668,0.355722102650399,0.00117867283360006,0.0155942422316367
"PELI2",2411.97496493981,-0.406966617172797,0.150923738884554,0.00118259852886197,0.0155942422316367
"POLA1",286.6369840134,-0.42044118641394,0.15692855822841,0.00118212626196284,0.0155942422316367
"PSMB3",3841.74145606733,0.336210172735675,0.118797325476655,0.00117981943576493,0.0155942422316367
"ZNF85",114.654889907523,-1.55825374831287,0.777761004698887,0.0011785070651953,0.0155942422316367
"TINCR",7.57350383829912,2.78124498979495,1.25606035766988,0.00118792446910106,0.0156470417114013
"EML4",2612.02564747766,0.484958741648157,0.187806416743579,0.00119699490663648,0.0157505086141273
"GNS",10797.1704769097,0.299611519636184,0.103446100771206,0.00121448899563516,0.015964494799622
"GTPBP2",3683.12831914219,0.480563039997866,0.186787196890545,0.00121739694125243,0.0159865063379664
"NAPA",5953.69283527134,0.6288248346611,0.261853384700773,0.00122543976952023,0.0160758348712061
"FRMD3",944.748618113563,0.947558996752534,0.433223312549251,0.00122876958581554,0.0160869521229851
"IGLV1-44",47.4446979595399,3.07892571331249,1.71657622389387,0.00122779742407363,0.0160869521229851
"ZNF28",479.972000750027,0.627590570090033,0.261478131239347,0.00123520950537072,0.016154944903239
"PHF14",948.587858958254,0.54047386836918,0.216595818467487,0.00123652205319177,0.0161558088018332
"ZDHHC7",3120.21786595786,-0.335815475056619,0.11953451169221,0.00124329684469587,0.0162279661672741
"PCED1A",578.266828600704,-0.628860240989838,0.263635278769041,0.00124840313874161,0.0162782224157244
"RSAD1",982.202234296183,-0.432747983510212,0.164027543807797,0.00125060449506522,0.0162905375482817
"PPP3CA",3309.62772600564,-0.293722545755876,0.10144489264052,0.00125226582958396,0.0162958006197166
"TRMO",483.395619594446,-0.414832086119035,0.155736996196734,0.00125761539009544,0.0163490000712408
"ABI3",3261.48701605721,0.456583704362618,0.175402420781947,0.00126355637882419,0.0164097737734873
"ENPP4",269.783635570026,1.0694036134992,0.504882388025418,0.00126673732031009,0.0164346170255647
"NDUFV1",2357.57324086336,-0.284494426979895,0.0978828841272061,0.00127234907186654,0.0164909163204623
"ARHGAP23",120.491491266862,1.0383098608505,0.487233101709042,0.00127662053385535,0.0164988297852343
"POLE3",2060.79595385245,-0.37055313897176,0.135395027338831,0.00127665603609259,0.0164988297852343
"RPL22",11908.498001164,-0.49719468164881,0.196508702804491,0.00127677851049997,0.0164988297852343
"TCERG1",604.259209724305,-0.531085831415021,0.213700992627029,0.0012826128696749,0.0165577145456736
"SPIN1",1267.00520633868,-0.272180669090481,0.0932358688725736,0.00128774807586407,0.0166074654838549
"STARD13",69.2281319587339,-1.01485439576731,0.481303368828899,0.00129349189252022,0.0166637494760685
"TNK2",278.126194477429,0.696922369136742,0.300297986491882,0.00129468372212028,0.0166637494760685
"KIAA0930",14493.7150309876,0.30115548111521,0.10505224537757,0.00130292737065113,0.0167532159236204
"DDX51",605.481483065915,-0.528788996779329,0.213148751255227,0.00130490198888969,0.016761976886025
"KIAA1147",1537.50156936171,-0.580009289615051,0.239866059684669,0.00130811529867537,0.0167866162238925
"ABC13-47488600E17.1",25.0190743170206,1.31896013910985,0.646974739353387,0.00131719348057094,0.0168709512330593
"TRIM7",666.816332523458,0.631289114224276,0.266654197628146,0.00131729053683018,0.0168709512330593
"DPEP2",569.707204324871,-0.557426249216354,0.228471594227504,0.00131932884018374,0.0168803762069314
"WDFY1",5452.58334151329,0.725647338827111,0.3177059912767,0.00132145797364944,0.0168909435862628
"CD82",958.297727695778,0.666561427905137,0.288361803016351,0.00133517396176674,0.0169498161037413
"DBI",2149.66028245193,0.304433342794356,0.106830892017892,0.00133342541739553,0.0169498161037413
"DEF8",3098.61049185995,-0.562381061538549,0.231410187129207,0.00133723601727751,0.0169498161037413
"MTFR1",326.444326971006,-0.560385035067847,0.230160126192658,0.00133914140037274,0.0169498161037413
"RPL4",3956.4637709531,-0.567360281902169,0.235118656050371,0.00133886705966947,0.0169498161037413
"SLC9A9",394.582907177399,0.508201281321138,0.202631573644552,0.00133884373431534,0.0169498161037413
"SUPT20H",1870.4656286604,0.23329892810513,0.0781378554708861,0.00132981146492956,0.0169498161037413
"TSPAN17",1430.61058515758,0.379142120837591,0.139836937272042,0.00133342117904593,0.0169498161037413
"UBE2F",1553.24765687077,0.463454103862972,0.181080907963558,0.00133278688251811,0.0169498161037413
"VPS13A",587.388018036712,0.540509603039384,0.219112923414734,0.00132855673333648,0.0169498161037413
"UPF3B",588.271470090572,-0.334805602229627,0.120267953044401,0.00134476777457425,0.0170044245134214
"AKAP2",686.95397315441,2.52802536168683,1.43546272464095,0.00136467487009165,0.0172393284515184
"ATF6",2345.62772783672,-0.294926599199919,0.103355352867951,0.00137865077488459,0.0173989218045561
"IGLV8-61",12.2816838490707,3.4590102689082,1.80141778078889,0.00138125470415161,0.017414827062752
"PTRHD1",557.846593816957,-0.353763551932717,0.129169771135586,0.00138291541247214,0.017418820856221
"HIPK1",7723.35744039438,-0.183280378867087,0.060025685443027,0.00139316606733623,0.0175007973575877
"LIMK2",1667.54392111497,0.693630729592208,0.303263134800016,0.00139082994820839,0.0175007973575877
"TIFA",369.428780530008,1.118074825715,0.545474244524313,0.00139347449062807,0.0175007973575877
"SYNRG",2037.52146218794,0.322738651960032,0.115315241565322,0.00140122956479171,0.0175811581696663
"CHSY1",3465.13019322818,0.3369775116595,0.121525824395162,0.00140490248503627,0.0176101944957013
"TM9SF3",1991.35168819235,-0.387720711412969,0.145189838174669,0.00140868288608629,0.0176405206633472
"IGLV3-1",152.638457974188,3.52920867569636,2.45208520912298,0.00141314571093417,0.0176793258295538
"GUCY1A3",246.332854554931,1.31986193875756,0.664920865361541,0.00142181383106376,0.0177706162626976
"ID2",2464.53450671188,0.355523336709913,0.13014761989404,0.00142346841814256,0.0177741562307762
"ADPRH",1788.58225214656,0.670459114694649,0.29295061531062,0.00143485614063148,0.0178608992666456
"CTSA",1338.89091750766,0.559141829084223,0.231667491323517,0.00143216366830495,0.0178608992666456
"PDHX",756.535898385436,0.389200519620597,0.146034271021868,0.00143592755465201,0.0178608992666456
"SMAD4",855.064354676168,-0.483560063760485,0.19276406025932,0.00143435965621029,0.0178608992666456
"ENTPD7",360.536145768786,-0.491105528401123,0.196576312185811,0.00143839898648928,0.017874486350803
"ASXL1",1723.35921271712,-0.33821674767588,0.122789399951087,0.0014416475112304,0.017897694820936
"NPHP4",36.9596265896437,-1.24126546630866,0.621613681706408,0.00144427257710432,0.017901027345442
"TAF10",1606.67078690939,0.355136619336639,0.130242149733468,0.00144467823496122,0.017901027345442
"HELB",181.499743432825,0.564009329725708,0.235057815667199,0.00144969609477096,0.0179289227903878
"NPM3",95.0188052774667,-0.615326462246026,0.262283195885664,0.00144963644200702,0.0179289227903878
"CNP",3585.12094887621,0.72766418257842,0.320204818679107,0.00145739878742383,0.0179898530321908
"DDX60",69.6738826414673,2.34286863814206,1.31746562386159,0.00145663041352441,0.0179898530321908
"ZNF358",372.875874813491,-0.668123969314458,0.293420464516145,0.00146466458658076,0.0180623384459308
"ATG3",6965.13966880402,0.244435696479937,0.0833796718599748,0.00147460183705885,0.0181675992491632
"BLNK",129.296232668118,1.75314141055628,0.938691852686191,0.00147600767728123,0.0181676500524616
"OPN3",1311.45531821326,-0.313536815162388,0.112242961211877,0.00148006062946399,0.018200252199699
"RNF8",247.231774819352,0.655325070692967,0.285090523445898,0.00148270310142493,0.0182154643578849
"DHFR",729.822247066546,0.508927939892947,0.206362367313529,0.00148747575465054,0.0182222809603267
"HNRNPC",2327.18911038258,0.35740908650111,0.131779367139064,0.00148711730243723,0.0182222809603267
"SERF2",15627.1784434629,0.235606486859313,0.0799868085122495,0.00148467832841709,0.0182222809603267
"SHISA5",6615.65628103129,0.742448912439198,0.333069292214793,0.00151321657810355,0.0185201133794146
"BRD8",1645.40803187267,-0.374899329891178,0.140830940308889,0.0015172390386219,0.0185343404143059
"CDH26",51.8138875686459,-0.937777258805811,0.45463160363572,0.00151676798838088,0.0185343404143059
"CDHR5",27.2864830278992,1.93392556815585,1.05882176563689,0.00152011162011131,0.0185442217092103
"MDH2",866.866196970988,-0.26606577025463,0.0924167052990464,0.00152107795639183,0.0185442217092103
"PRR5",119.346529457534,1.07069510259155,0.528861839139452,0.00152234024370031,0.0185442217092103
"CLEC11A",501.386680335812,0.870082644910125,0.409356651658622,0.00152947521457755,0.0186136415550607
"CARM1",1440.67754641556,0.366258370809884,0.13640871488012,0.00153600552561309,0.0186580764924754
"QARS",6371.00918458308,-0.509617540530682,0.208617115182277,0.0015356141353629,0.0186580764924754
"ATP8B3",127.672952544547,0.589087705149419,0.250386151227745,0.0015394701558134,0.0186826523309901
"CDK6",753.068088021853,0.619020697574647,0.267438219268839,0.0015416106731809,0.0186911280964431
"NF1",1703.02163306409,0.329840931894187,0.119831407139735,0.00154475157631228,0.0187117057762462
"PLPPR2",2662.03787494437,-0.419942785608371,0.162821569504289,0.00155135896540149,0.0187741956587943
"SPINT1",119.345314868118,1.0996095466934,0.545625453050056,0.0015534534791782,0.0187820061041312
"SHC1",3660.20266471644,0.2277879686879,0.0773484740285561,0.00155684724905201,0.01880549598785
"HS6ST1",857.524324177632,-0.264394235236191,0.0921557923046059,0.00156133097080304,0.0188380582441977
"TMEM8B",205.89425279638,-0.810192312412651,0.379531111180209,0.00156244985822949,0.0188380582441977
"ADNP2",826.301044276089,0.374925659162956,0.140911785882368,0.00156762377688938,0.0188828733942967
"EIF4E3",3034.64814667022,0.570089155265957,0.24157100625146,0.00157136091004453,0.0189103145358283
"KLHDC3",3125.30107233418,-0.359253635642709,0.133986898888958,0.00157389358971388,0.0189232233917269
"EXOC6",1307.15600479303,0.571318004662981,0.242234546105481,0.00158609210288077,0.0190522147779774
"RCN2",203.995116691906,1.34261281854162,0.704299421985752,0.00159036765177336,0.0190858843839209
"ZDHHC12",848.163298446919,0.359546114112688,0.134076616504149,0.00160645639279995,0.0192611297937837
"CTPS1",34.632310727092,1.79443390785338,0.982573482009326,0.00161218709196565,0.0193119749528343
"FKBP9",415.70268369135,0.829054480459317,0.391988321117401,0.00161620859484598,0.0193367747160054
"TPX2",9.90674447857601,0.0403460268705648,0.216866476420476,0.00161873316618053,0.0193367747160054
"TRAFD1",4744.22541792728,0.504143197382168,0.206573987597265,0.00161846436043114,0.0193367747160054
"PHLDB3",86.5635623498398,-1.36578537093601,0.73364741906992,0.00162074243429682,0.0193429490708297
"IRAK4",1735.03888738173,0.288696340140789,0.102592120453279,0.00162671968861791,0.0193785973200154
"KLHL6",2674.51299463491,0.298471952681414,0.106830344005407,0.0016257333728544,0.0193785973200154
"CFLAR",16666.1702896351,0.353955710282723,0.131709092573913,0.00162913857132745,0.0193895913893251
"BCL9L",1273.31722042484,0.445454053935502,0.175862416653845,0.0016346072058015,0.0194368293526544
"SPN",1175.71318204596,0.391911838042034,0.149953544973005,0.00163779243327257,0.0194568540125076
"LILRB2",27698.4563655459,0.400919031986972,0.157285768824898,0.00165496004512331,0.0196068895291071
"LYPLAL1",350.140097007446,0.439599451937289,0.173736972349044,0.00165427446630308,0.0196068895291071
"TBCE",91.1443414257011,1.17683216783407,0.609450148364172,0.00165411556335937,0.0196068895291071
"MT-CYB",67835.1937671994,-0.665966016942877,0.307221021783744,0.00165844544381135,0.0196302387189396
"MT-ND4",115883.134243053,-0.567595340008636,0.237303047266712,0.00165996193926968,0.0196302615829145
"ING5",877.709515804739,-0.476024217984511,0.19300206585499,0.00166321240043144,0.0196328742458943
"ZNF131",532.489718353367,-0.459764483930161,0.184849289807553,0.0016618379904433,0.0196328742458943
"PTPRJ",12101.4366813942,0.396673367342357,0.153878707156086,0.00167664989598675,0.0197375652151537
"ZBTB5",339.397914208975,-0.467717369154118,0.189042256014917,0.00167482071588431,0.0197375652151537
"ZC3H8",140.110923835488,-0.507875902034944,0.210716665040798,0.00167524625765279,0.0197375652151537
"RNF103",613.82967364999,-0.315701600574081,0.114981403763138,0.00168298472181758,0.0197941605984371
"HIST1H2BO",28.8852643430472,2.04442269524963,1.17174064319568,0.00170566368149214,0.0199386525676986
"HLA-C",167520.945272858,0.637540486889583,0.282574886418848,0.00169887713493356,0.0199386525676986
"KDM3A",1723.09674493265,-0.373696507996571,0.142143181486938,0.00170298828515636,0.0199386525676986
"PPP1R2",419.12672243988,0.329193702489947,0.121000054775723,0.00170603855393703,0.0199386525676986
"TMEM160",524.161350628459,-0.362578313686621,0.13692191538031,0.00169952830546548,0.0199386525676986
"ZCCHC17",302.302505128154,-0.625713910166589,0.277031732601801,0.00170359042804937,0.0199386525676986
"ZNF33A",2016.11463656962,-0.364688064659234,0.137782121815966,0.00170132267504945,0.0199386525676986
"PARVB",1528.95337498956,-0.386112479121448,0.148212392011384,0.00171016785437182,0.0199689059103722
"AARS",349.633414934948,-0.775670700741999,0.366868201227578,0.00171750786192097,0.0200262044441627
"PPM1H",337.21895703949,-0.799331211030162,0.381650361808665,0.00171816521425113,0.0200262044441627
"MYO1G",16857.7434413521,0.284886130016351,0.101613245656008,0.00172110708161333,0.0200424697976553
"TMEM229B",1668.52438764453,0.826704593020549,0.393125604701446,0.00172788188969201,0.020103300872799
"RP11-106M3.2",32.4141750313141,1.531911040464,0.827154340438255,0.00173575558369878,0.0201767965204663
"MIOS",645.878242251168,-0.480946710579156,0.19711119347317,0.00173887832515003,0.0201949838461196
"ASPM",9.31672886052226,2.41903946295473,1.27600720024217,0.00174087471261666,0.0202000690691356
"C12orf4",364.64974760173,0.411718077120426,0.161083839799891,0.00176131848873048,0.0204190062007476
"PRRC2A",10832.2975807856,0.180093900927969,0.060270065705421,0.00177245086099846,0.0205297011701529
"FCER2",168.996011537975,-0.251860697699636,0.540514057538826,0.00179007587078849,0.020696854024344
"TPCN2",1224.71849380467,-0.540147335714337,0.231597124308417,0.00178893662596306,0.020696854024344
"PPIL3",231.152290126102,-0.519917575528373,0.219251932424221,0.00180109637699651,0.0208057131392619
"ZNF683",23.9364198109441,3.66966033495957,2.382116975731,0.00181623603717229,0.0209619192144168
"GINS4",47.9430420139369,-0.938359918673137,0.471549733949766,0.00182218669766741,0.0210118877121595
"RELL1",63.562168412743,-0.952327566052738,0.480787655434915,0.001827439985992,0.0210537330297265
"MEGF6",347.63353838197,-0.848383943749955,0.418513395366085,0.00183537252681236,0.021126343978699
"ZNF319",1005.04843110886,0.332786120422483,0.123951522894209,0.00183943804402346,0.0211543535834854
"PHF7",4.61432395053711,0.0621264553724375,0.224566933409448,0.00186396573990706,0.0214174290380633
"ZNF286A",191.316029952022,-1.00857765080188,0.523794922800386,0.00186603794470361,0.0214222478310925
"COL4A3",17.8508509915996,-0.0425165380550718,0.217499332723266,0.00187116295165374,0.0214244932692593
"UBASH3B",2002.16845950678,0.400854463990385,0.157306464289635,0.00187119252995922,0.0214244932692593
"ZNF790",60.9939189640397,-0.874080780431958,0.435323150868356,0.00187099966347651,0.0214244932692593
"ARSA",1721.17763879782,0.500350577286729,0.209892595936926,0.00187578324642614,0.0214389949590279
"DUS4L",64.5408307751376,-0.687503493497541,0.318654283126863,0.00187485105679927,0.0214389949590279
"POMP",1128.43974224849,0.42920861264373,0.171694205794518,0.00187742143958774,0.0214389949590279
"PMVK",579.902248397647,0.472904232865061,0.194870779978803,0.00188071055857776,0.0214576492515197
"SDHAF1",432.623284524882,-0.356376555386486,0.135803169638053,0.00188503170764485,0.0214880351475681
"ALKBH7",877.120636533233,-0.3811925342028,0.148031980158965,0.00189307952649705,0.021560811724893
"ATP6V1G1",3918.576049346,0.220378650316417,0.0761164038449603,0.00189480744879674,0.0215615446390295
"RP1-34B20.21",32.3211845938159,2.01009215475497,1.21462668915651,0.00190028075553723,0.0215859236393673
"TUBA1B",7771.9737925806,0.564174231477798,0.246320275621392,0.00189991875416189,0.0215859236393673
"EIF3C",1425.28849669544,-0.447531220443276,0.182348698176197,0.00191538303756311,0.0217384234236913
"CDK10",991.218947908053,-0.286417166011738,0.103863292529165,0.00191752849238557,0.0217437329744614
"PID1",1814.93187738416,-0.962377133856382,0.498618149027262,0.00192385594240617,0.0217583742316984
"PSME1",10145.2910599556,0.375143693532191,0.147718557894646,0.00192179749859984,0.0217583742316984
"RPS21",4758.89151436408,-0.425919649354807,0.171283956885865,0.00192325991278705,0.0217583742316984
"GNGT2",123.515039381209,0.891501087348894,0.445259878609312,0.00192560289819591,0.0217591448679312
"GPR34",390.056147771495,-1.27289448419559,0.712173314688168,0.0019440851546424,0.0219297542987991
"PTPN1",1749.29073741357,0.384087164007916,0.149668919535871,0.0019429354528593,0.0219297542987991
"ATP2B1",2633.02543107927,-0.635795887427516,0.291395837922283,0.0019461283259725,0.0219337123764606
"SCAPER",531.275023096898,0.355626731512835,0.135902596040332,0.00194940327007891,0.0219515341298807
"HDAC2",732.558204240999,-0.442834716026377,0.180504609659421,0.00195423967494313,0.021967823440536
"P2RY11",229.023673274992,0.551414060831653,0.240090006877616,0.00195407215116736,0.021967823440536
"PIAS3",634.879942988734,-0.345856007791879,0.131307476103531,0.00195685680817259,0.0219781811878032
"FBXO44",291.971737325107,0.74959620734127,0.359618427972193,0.001959136434306,0.0219847336147533
"RAB2B",104.493038642673,0.621686824422804,0.282330167227053,0.00196691347274375,0.0220529113496814
"TMPPE",350.865793201914,0.457836029103049,0.188271970773762,0.00196932106327188,0.0220608213492367
"RANBP9",1834.25282204131,0.215757323255855,0.074627610565848,0.00197969301187306,0.0221578593496431
"KRT80",30.0383269025857,-0.969782338365845,0.503325418379719,0.00200477812267106,0.0224192659602586
"EIF3L",12499.8305712163,-0.765689033335662,0.375121245187118,0.00201029844479085,0.0224229588149175
"RPS2",9619.6862687068,-0.462697440987025,0.188151611854841,0.00200921033300253,0.0224229588149175
"SLC25A40",948.854657688988,-0.471080828695923,0.196678521886934,0.00201010462799707,0.0224229588149175
"CALR",16141.8448164833,0.449808500981894,0.183568947250542,0.00201240134522119,0.022424493845133
"CDYL2",127.932150433454,0.749468045095761,0.363048658820019,0.00202171558209824,0.022424493845133
"CELF6",159.021380556196,1.09887980403306,0.589624592472711,0.00201794813116115,0.022424493845133
"FAM49A",5998.42775163937,-0.323354715095858,0.121078920517835,0.00201654320571584,0.022424493845133
"FCGRT",12604.864054789,-0.388255471891233,0.152830657609349,0.00202212932516258,0.022424493845133
"ICAM2",1460.20440298406,0.556469129871067,0.244943698097753,0.00202342619694776,0.022424493845133
"SYNGR3",3.84049764662008,0.0688952744198523,0.227606636277274,0.00202427727789565,0.022424493845133
"USP48",1159.70921792593,-0.462514805196215,0.192085640873852,0.00201745771081781,0.022424493845133
"BEND2",45.0866400608474,-1.4369105968063,0.837805193554038,0.00204516898833386,0.0225979840219907
"MICB",1799.44472534261,0.617373464885245,0.281596881130401,0.00204413582767529,0.0225979840219907
"RAB11FIP1",9847.06824423636,-0.397125096716283,0.157803686352188,0.00204474772368646,0.0225979840219907
"MED24",819.748003764144,0.459631132200362,0.190739235224036,0.00205968486589061,0.0227389910960887
"TJP2",1865.17632820775,0.597781937853525,0.271110722728941,0.00209204856354583,0.0230747271605887
"ZKSCAN2",181.206202976008,-0.548356349259667,0.242332686799144,0.00209365628738927,0.0230747271605887
"LMAN2",5080.79421680234,0.241249952896597,0.0854988150209876,0.00210109332883142,0.0231173774490526
"MT-CO2",59488.3144576505,-0.459663444574818,0.187146009124506,0.00210073329877218,0.0231173774490526
"CYB5R1",1584.21057290002,-0.260512053668931,0.0936543865454988,0.00211296552625369,0.0232282834484937
"FCGR3A",12715.3898513571,0.786996294740224,0.365546854825525,0.00212716608956604,0.0233645760058182
"GMPPA",756.093718576103,0.307564544539733,0.114530187129051,0.00213125085112444,0.0233896208987501
"TOR1A",2625.06006146773,0.33001609076998,0.125311816156098,0.00216073119506099,0.0236930939248608
"RPGR",103.571108469157,-0.810934635867862,0.412725381540471,0.00217313738268276,0.0238089886871947
"ATP1B2",18.3954759806021,2.76253535659116,1.81777087721923,0.00218770934916859,0.0239483960089308
"FBXO32",169.708264653339,0.496099945690074,0.213151164585967,0.00219508381508589,0.0240088450019648
"TTC39B",329.444294787209,0.720580063183341,0.351890909737717,0.00221694664894589,0.0242275257310182
"PPP3R1",4593.39126593332,-0.274084340002424,0.1003182951216,0.00222568138406697,0.0242885607150298
"SNX20",1307.5942776312,0.375061019001919,0.148144893483643,0.002226279618043,0.0242885607150298
"PDGFD",12.8665118732762,3.2246545413225,1.9729537147009,0.00222920479802643,0.0243000196696556
"POLR1B",815.537070978365,-0.469479857806202,0.199422617693476,0.00223253371101921,0.0243158566626218
"GINS3",84.9355730026762,-0.672429159468445,0.321978258004173,0.00223561179991407,0.0243289374800053
"C8orf33",785.20599516811,-0.338308207284129,0.130258284970215,0.00225393827078256,0.0244872539208824
"TRIM6",142.901657566457,1.58074749892162,0.978400433006176,0.00225218278694607,0.0244872539208824
"SMIM10",24.4340191624654,1.03195561429342,0.557702887663821,0.0022592316677005,0.0245242057328862
"PSMB10",5501.37840505987,0.417823491466999,0.170882668773445,0.00226550969627166,0.0245600044497187
"RAB39A",366.618862754766,0.776508499781362,0.392021700750918,0.00226631936747655,0.0245600044497187
"POLR3D",555.665873184648,0.615999844032796,0.28712780282106,0.00227239117870974,0.0245861270418161
"PRSS23",21.1429893767358,2.18452320227258,1.39785030065155,0.00227252374015089,0.0245861270418161
"XPR1",1247.27650659155,-0.307086581497889,0.115368332322559,0.00228004101652019,0.0246468820809993
"FLT3LG",221.991182188057,0.764185572751361,0.383866595742132,0.00230147649611552,0.0248578640551277
"AGFG1",4344.69733828898,0.378229423126283,0.152371122396647,0.00231462075803354,0.0249628808545485
"PLK2",76.918876606016,1.01412634192785,0.559163525159351,0.00231505152281207,0.0249628808545485
"EIF2S3",8503.15183201889,-0.361761715632396,0.142581339786362,0.00232336739544381,0.0250109342295243
"ZNF582",91.2754628110032,-0.769923112806689,0.38910549640796,0.00232313674107569,0.0250109342295243
"EIF3D",5548.45183760838,-0.26501083455717,0.0969058019028518,0.00232825147165243,0.0250427114722715
"BCL3",2218.64386453065,0.361030099053699,0.141870732480267,0.00233075433671615,0.0250488449072787
"AXL",258.485457536459,0.0311440625719686,0.214551182537225,0.00233567575597691,0.0250601811088315
"TMEM205",1975.47708234862,-0.304570890044331,0.114878500626889,0.00233567616537832,0.0250601811088315
"ARAP3",1661.7350496107,-0.476571367317146,0.205221834307514,0.00234063923908716,0.0250798287671218
"ZFAND4",105.407617670288,0.994121051817698,0.543206233174906,0.00234137742521544,0.0250798287671218
"N4BP2L2",1195.3865262532,0.459433791779431,0.194850651402468,0.00234462855031797,0.0250939146496046
"KCTD20",7278.35638410801,-0.347340888791498,0.135674998905412,0.00234877761846172,0.0251175797961076
"C14orf132",8.12225487003411,2.48120743594708,1.38949556185695,0.00235421778464204,0.0251550014070449
"C1QBP",1188.31885158711,-0.254289040416001,0.0921737698866051,0.00235971506832036,0.025192971170099
"AKAP13",26026.3226832951,0.284327324960219,0.10496072787137,0.00237583694783405,0.0253442161982528
"RPL35",6401.12240474725,-0.30047272063824,0.113469937992576,0.00237909401184045,0.0253580900390329
"ZPR1",149.960742546034,0.689647767612013,0.338861573383951,0.00238231927501393,0.025371602402182
"AMMECR1L",795.5357664547,-0.426029518396532,0.177570496139645,0.00239356658754571,0.0254704569303612
"CFL2",232.594036037091,-0.6466284311962,0.311779624213804,0.00241107449188675,0.0256357149215293
"ERGIC3",3409.24017107379,-0.372909091394879,0.149195829303382,0.00242729978764209,0.0257870758587124
"MS4A14",1764.76745047056,-0.630322863490846,0.301824861725374,0.00242937393286435,0.0257879734183906
"TTC31",1141.63065195248,-0.228842463384787,0.0818449335590323,0.00244095033860184,0.0258896541232556
"CYSLTR2",56.7255182943472,-1.05723923132479,0.598368261722695,0.0024524479162545,0.0259903331501018
"BRICD5",107.727105299832,-0.525711408377213,0.236481925391468,0.00246215680414488,0.0260483035556131
"HSH2D",3709.35875396205,0.87452028762832,0.467059065548539,0.00246595698346866,0.0260483035556131
"LARS",1378.31387142846,-0.537779373202395,0.244822622599943,0.00246295298053251,0.0260483035556131
"SLC36A1",2620.53213877361,0.327454932230353,0.126394323936119,0.00246509941034176,0.0260483035556131
"PEBP1",967.667235564525,-0.430501186501761,0.18068100162748,0.00246829674673464,0.0260517867544199
"BMPR2",2576.53799287737,0.483148123263622,0.21029436594376,0.00247297979346965,0.0260799764875184
"WDR44",1060.18412013674,0.304493921687585,0.115580277293011,0.00249485098407621,0.0262678827007406
"WSB1",5592.52954499899,0.54399580001924,0.247195736790291,0.00249426831002702,0.0262678827007406
"RPS25",10152.6156937421,-0.284292685444148,0.106418809602179,0.00251292787053213,0.026436735495103
"IL1B",2248.77101569191,0.913206300821902,0.499596546271205,0.00251743153120822,0.0264626359091563
"EEF1A1",12141.4358838964,-0.628461255212622,0.30214417295883,0.0025360272443293,0.0266365065751637
"ARHGDIA",9966.52900649091,0.255769400081462,0.0936910677093244,0.00254458969260333,0.0267047991950055
"SPIB",64.3279805474421,-0.138369930063944,0.282108501027619,0.00255568807119308,0.0267995736980045
"KSR1",715.989156655777,0.485951132732318,0.213612473583336,0.00255861607854516,0.0268085877073757
"SCAF11",5832.96348191758,0.21545823989169,0.076738928515253,0.00256532768067778,0.0268207575849917
"SNX33",1180.98398353928,-0.307740535200649,0.117691955000465,0.00256481173915699,0.0268207575849917
"SSBP1",1407.86394159954,-0.186890217418852,0.0654724524993399,0.00256598560337858,0.0268207575849917
"ZNF527",129.849971657589,0.676198881572849,0.334527933668467,0.00256999393315463,0.0268410083542443
"ABHD16A",2401.03254318265,0.340339407629726,0.133533247579843,0.00257413247503939,0.0268625853534505
"GALC",3385.01631441075,0.274258239096084,0.102186086654332,0.00258673819623215,0.0269724165417256
"NEURL1B",12.4039696518856,1.75010306569797,1.10870597426463,0.00259148771682683,0.0270002188889008
"VPS51",3419.94255857531,-0.402943161425965,0.166869258135917,0.00259627804870299,0.0270284014371401
"POLB",778.456306700347,0.472910877440635,0.20625927499119,0.00259923281994416,0.0270374450877177
"TAF7",3298.80651533207,0.438140323668249,0.187468628734795,0.00260314048812354,0.0270563784014187
"ISG20",562.052669798711,1.96084206401335,1.45771652881693,0.00260892273787181,0.0270947496839396
"SUPT5H",5105.08237452227,0.25349949961091,0.0930411600580898,0.00261344605615665,0.0271199954634478
"RPS27L",1096.85473459253,0.608235493692892,0.293997291742168,0.00261606722356889,0.0271254778277411
"CTSD",44976.0577118653,0.406017306222297,0.176993444156074,0.00263065321318097,0.0272549131063457
"SLC22A15",830.077744506895,-0.362644173608252,0.145730936773786,0.00263627321451746,0.0272913235889463
"MMP2",4.03436052494199,0.0616225024571768,0.224267814683035,0.00264117306457103,0.0272984402630822
"TRIT1",793.446842499099,-0.489257978987414,0.217375844822788,0.00263917806000177,0.0272984402630822
"CMPK1",4514.18782504105,-0.25773178480921,0.0951680372836096,0.00264733515325301,0.0273403274273404
"CTNND1",2753.43831460368,-0.282969592598773,0.106126409325435,0.00265709857790787,0.0274193110416114
"OSGIN2",1351.27235185526,-0.416784806772776,0.176450329436943,0.0026623855085833,0.0274301896476536
"OXSR1",3548.79029077886,0.214382319417093,0.0766163335147696,0.00266136910942387,0.0274301896476536
"CD300E",38755.7553778758,0.422402757454619,0.173069684332828,0.00266541129094287,0.0274395518204214
"RIC8A",2291.3571929423,0.275193466142049,0.102968028656108,0.00267361012570992,0.0275021117772431
"MKNK1",688.912201808616,0.366838371177774,0.147892168873412,0.00267945402231022,0.0275403676313742
"C4B",36.7106068068117,0.019640729604126,0.2125140347207,0.0026986520510116,0.0277157125460867
"PCBP2",17091.274967513,-0.452019702045274,0.192170268544609,0.00271288405162166,0.0278398180467683
"NT5C2",2235.8768656156,0.450502206544355,0.19491220192709,0.00272052294696565,0.0278961217686881
"COX4I1",10292.8730613521,-0.315310685795167,0.124046704957188,0.00272911027110123,0.0279620539318127
"WNT16",5.03395914512149,-0.0814571822159772,0.234240497524982,0.00273864276891659,0.0280375583948878
"RARG",613.712845395267,0.422663110040498,0.179367489492705,0.00274954381119672,0.0281269434387693
"POLR1E",267.709201998309,-0.504357689463788,0.228357779487466,0.00275223888470135,0.0281323092938598
"CNKSR1",10.6477994715494,2.07363647476566,1.29612372149691,0.0027610758808502,0.028156022416758
"RPL15",18172.9452156204,-0.463102392242475,0.203458529158062,0.00275749960368905,0.028156022416758
"SLC25A5",8106.18421984735,-0.536840260501702,0.249495693672149,0.00275900540932277,0.028156022416758
"ICOSLG",554.315580183432,-0.687244492013491,0.351928741331686,0.00277556910270598,0.0282716070873862
"MPO",743.305685672947,0.864243068810312,0.480294939435832,0.00277677307478147,0.0282716070873862
"ABTB2",47.2271461221746,2.15512706029411,1.76225919164068,0.00278954311345502,0.0283570731713651
"KAT2B",2380.44820035899,0.452911441807437,0.197197879606311,0.00278850707682896,0.0283570731713651
"RASSF2",16179.0253419157,-0.213437804651068,0.0768353659503301,0.00280394514068034,0.0284811386899356
"TMEM43",2941.56311194876,-0.272267172911475,0.102346636784878,0.00282490404058643,0.0286715593344094
"APOBEC3A",12761.829985527,1.37118442728438,0.873567380415813,0.00285382364117656,0.0288289478987028
"CASP4",6461.30801313158,0.335858385672327,0.133335543707893,0.00285087121672687,0.0288289478987028
"CNIH1",2603.76073894907,-0.326217352597534,0.128648829646975,0.00285598095069319,0.0288289478987028
"LGALS12",303.343726583209,-1.092002325063,0.674460624651229,0.00284991155821219,0.0288289478987028
"SNX29",3324.4886319723,-0.359995379314708,0.146088327940054,0.00285398015943961,0.0288289478987028
"SYMPK",2720.20514935827,0.287453467845866,0.109529223252707,0.00284712437326945,0.0288289478987028
"TMEM144",273.272629661542,0.756640003457798,0.401789550581526,0.00284711658371837,0.0288289478987028
"PIN4",376.509392131453,-0.407816788106453,0.172514865908796,0.002864596167919,0.0288934092859129
"CSNK1E",565.77698679119,-0.512947214555568,0.236058850689899,0.00286685600285196,0.0288937174595367
"EEF1G",6150.77216141487,-0.571669485222354,0.274545720828809,0.00287942215874692,0.0289968044414401
"THAP12",1749.65207365628,-0.271684880683648,0.101792852790793,0.00288155883964006,0.0289968044414401
"FAM124B",65.8541611451185,-0.979889805783808,0.58445120844046,0.00289003084648566,0.0290594955789765
"VTI1B",983.986796926539,0.333795878130287,0.132574445656878,0.00289515238812583,0.0290884264360456
"ZNF586",630.403283052216,-0.299211329533737,0.115621793497913,0.00290326026905064,0.0291472938397872
"TRIP6",317.670075910389,0.745857813907693,0.396209289428546,0.00291350441100414,0.0292275005193689
"SERPINB8",3591.7058243602,-0.277171131895969,0.105290787592801,0.00291812711975757,0.0292512340287532
"RPL14",18153.8558150129,-0.334815615423231,0.133540091926107,0.00292885882293711,0.0293361199413353
"LCOR",2599.10040227633,0.20894715439542,0.0752881282806254,0.00293486597174816,0.0293735890809482
"REV1",546.680292834822,-0.390078570972267,0.163257951790868,0.00295397427477868,0.0295420220489247
"LILRA1",11720.1874095079,0.305272966570482,0.118724444101574,0.00299302863714409,0.0299095174757321
"HIST2H2BF",22.0154375091654,1.25319479906637,0.796428045420079,0.00299840919429954,0.0299171528616754
"RP5-966M1.6",296.679165204938,0.543129123276262,0.256774860038985,0.00299686187393986,0.0299171528616754
"PHB2",2969.93263493937,-0.402844844902999,0.17098257583888,0.00301132319249448,0.03002289222917
"DST",1015.11932411632,-0.78973427378939,0.435605124018494,0.00301605805713509,0.0300469857636648
"GAA",10551.1508833549,-0.254967406977963,0.0956270046814694,0.00303428049588134,0.0302053068411045
"BMI1",834.815227663071,0.285245041029165,0.109519546539281,0.00304090123648048,0.0302479822916527
"MRPL1",323.313250566885,0.37776065543099,0.157168680641261,0.00305003258235538,0.0303155462422608
"MAP3K4",1134.32762084561,-0.316614315420383,0.125126753591454,0.00306079590724494,0.0303992151370127
"TCEAL1",150.195304290317,-0.485685896236059,0.221322235457282,0.00306539010399997,0.0304215322648879
"FOXN3",6658.80831838079,0.282818746310776,0.108404124940119,0.00307326070993203,0.0304763060913764
"MFSD10",2002.72744468014,0.264551930822924,0.100015401517085,0.00309394620208941,0.0306567989580452
"THAP9",181.761508632674,-0.573955187804657,0.280852158134478,0.00309619241077703,0.0306567989580452
"TNIP2",1372.40650012406,0.305137051770491,0.119455992076846,0.00311264809076356,0.0307962075606003
"SSR2",5648.68479743206,-0.224604677466085,0.0827529735257052,0.0031304419477485,0.0309486331691597
"CUX1",7342.34323975323,0.29651729371775,0.115104183121203,0.00315955338871757,0.0312126306944881
"ZNF74",313.12517003122,-0.383218759617316,0.161536892318261,0.00317727067508018,0.0313637511193558
"SOS1",2093.75563220956,0.304865930429753,0.119812547602817,0.0031859885115469,0.0314258729818564
"RPL24",7778.86460968071,-0.33342188277433,0.134681323067391,0.00319263261493341,0.0314674610814844
"KARS",2688.21156883266,0.319545735597147,0.127112791500521,0.00319826168224436,0.0314989891060556
"PSTPIP2",3066.55111133842,0.57426063874201,0.283945505488102,0.00320737396739216,0.0315647486646695
"CALM1",11950.4213528497,0.291259972617964,0.113233087884315,0.00321766412683205,0.0316180020832981
"SEC11A",5303.51000049551,-0.424462264411287,0.184913064487732,0.00321657716442097,0.0316180020832981
"JAKMIP2",19.0479002447687,1.58817791343041,1.12402702142961,0.0032272139426146,0.0316638303635336
"LSM4",1129.17755350074,-0.430209761063177,0.189291720885679,0.00322604516228382,0.0316638303635336
"SPTBN5",177.943753511635,1.19005924169488,0.803170209516576,0.0032358486149375,0.0317245339623336
"CCDC103",44.0479410157584,-1.07230795343223,0.690785751256563,0.00326676435477915,0.0319792543823962
"ZNF276",2370.81853104743,0.233208170843437,0.0865941664447479,0.0032645597976175,0.0319792543823962
"MVB12B",1211.99914175249,0.780149338188382,0.43956948246623,0.00327324700802944,0.032018531676279
"AC145212.1",181.284257733068,-0.870533378817745,0.518210224485599,0.00327975606787477,0.0320338495823096
"DCUN1D4",609.751571142794,-0.517535554130057,0.246058910800307,0.00327829057745096,0.0320338495823096
"ATP6V0D1",9316.77442609173,0.212777962851561,0.078025848507874,0.003292273167258,0.0321318919584571
"IGLC2",359.87357570032,1.99531186174217,2.21889250578963,0.00329562449347602,0.0321403980887454
"IL1RN",3088.25235310826,0.723054741038323,0.394921476924319,0.00331190907745407,0.0322749274833701
"SPTAN1",2293.13372636269,0.345001236247896,0.141347585511133,0.00332534756322896,0.0323815400202934
"MAPK8",889.573461769838,-0.366021934859669,0.15299332548645,0.00333526491522008,0.0324293837705683
"PUSL1",286.478674869936,-0.405207508362036,0.175465798984332,0.00333390570166611,0.0324293837705683
"TMEM173",4105.18777889395,0.35387640608112,0.146053021305945,0.00334079179997698,0.0324587725033745
"COX20",606.896842501486,0.40027374715252,0.172568161999367,0.00335381201155421,0.0325608670275311
"SLC35F6",1429.10902906849,0.375453116214548,0.158225180861458,0.00335874937943898,0.0325843942416981
"GAPT",4743.1081844358,-0.462287511282733,0.210370636506255,0.00336638713148845,0.0325853200979998
"GHDC",1040.78509628074,-0.265164049491842,0.101700578940226,0.00336284460399824,0.0325853200979998
"SP100",7868.22290505338,0.507975388489948,0.240017430538994,0.00336441598563182,0.0325853200979998
"ERLEC1",1325.84574113995,0.224900545281514,0.0836393456532597,0.00338384842358773,0.0327298950881497
"SLC25A3",5341.09181188495,-0.333207576698068,0.135886547074615,0.0033945234093107,0.0328086636152692
"IGHA2",368.343618037815,1.95413631626673,2.43304830082889,0.00344261554636248,0.0332486885964263
"RBM3",2014.77930381144,-0.368928990362194,0.155671895987143,0.00344983881121836,0.0332936417216687
"LENG9",271.32826179294,0.496446010229908,0.233702238051283,0.0034762975745008,0.0335240274279054
"KCNRG",11.2791533182691,-0.255955247134127,0.532055212690497,0.00348273721843625,0.0335611576863585
"ACACB",373.951017813159,-0.553432218645253,0.274798929445113,0.0034921203646898,0.0335766854946176
"EMC3",845.428331010721,-0.305471027289262,0.121731282567047,0.00349151171388874,0.0335766854946176
"NBEAL2",12670.616049703,0.292407519497983,0.114868071155526,0.00348830805150529,0.0335766854946176
"SPPL2A",1062.20533021082,0.397596693420772,0.172192767360967,0.00350434232252872,0.033669222270048
"FCRLA",42.2285629887312,-0.120519190479939,0.263316646752042,0.00351264390244842,0.0337177786941217
"GNB4",7250.32223369211,0.369057010853939,0.155967312496536,0.0035172005859465,0.0337177786941217
"TMEM65",1012.06732197554,-0.361558867197419,0.151895053472667,0.00351505699372579,0.0337177786941217
"MSL3",2901.26349454885,-0.231284409616065,0.0868141787382862,0.00353711223249396,0.0338836006247999
"CACNA1A",43.6401395658575,0.963148352648184,0.616130754391858,0.00354004641601905,0.0338866629232074
"TMX4",3435.30678373398,-0.289505291604208,0.11432981555208,0.00354433220889724,0.0339026492690164
"DENND1B",926.041806791092,0.615180299322082,0.320224740898646,0.00355565815631107,0.0339859036607284
"PNPLA6",10169.0688846637,0.321123711039621,0.13023099205493,0.00357281526012567,0.0340996013155293
"TNFSF13B",11066.3083230147,0.578035564336499,0.284976095479806,0.00357118657268576,0.0340996013155293
"UBE2Z",4441.35856428502,0.387080950993459,0.16675290527098,0.00357547282217192,0.0340998552230834
"ABCD1",2372.79618468041,0.33501905088045,0.137533822757859,0.00358880165170468,0.0342018075056943
"ETS2",2457.0986184988,-0.515447747728229,0.250245629139757,0.00359795436178114,0.0342638401785785
"DNTTIP2",2018.26054771126,0.221319391463773,0.08243525627526,0.0036168205591565,0.0344182167894474
"ARL8A",2723.14743069547,0.208006636568905,0.0768567764468694,0.00362865914858863,0.0345055401502987
"ST3GAL2",613.657680781332,0.387472335675948,0.167644733851902,0.00364427039121496,0.0346285839740008
"CDKL1",53.2259855034679,1.49109783692218,1.22040912375678,0.00365217680315228,0.034652901570759
"ITGB3BP",114.121669281728,-0.809826796677733,0.485486718590712,0.00365031517678946,0.034652901570759
"TMEM123",20355.7677512797,0.771121569837799,0.44971536429981,0.00366644537316342,0.0347628372213395
"DBP",569.315431935354,-0.487888328582241,0.232326711311328,0.0036714784962891,0.0347851116888911
"SRGAP1",81.8145431896451,0.755222568190208,0.434955339675114,0.00369452273277121,0.0349778737322481
"IRF4",555.532784838524,-0.782571178594661,0.467084076841244,0.00370136618248216,0.0350170854679937
"ITGB7",2558.16144240428,0.878940153497337,0.547552584806983,0.00370522196158308,0.0350279955099039
"EEF2",61405.7455642212,-0.585280118954244,0.303300261478485,0.00371161513373041,0.0350628598748395
"PMEPA1",65.0826830315081,-1.07341952591335,0.75487721949292,0.00371666107001697,0.0350849556653241
"NSD1",4133.84077444763,0.335731199164793,0.13879649797456,0.0037249184357042,0.0351373128421849
"ZNF431",480.485132847303,-0.555147273589616,0.280913263675795,0.00373230819833275,0.0351814156789752
"SLC31A2",5899.69546505307,0.463693969443402,0.214897043303214,0.0037422623602021,0.0352240104942479
"USP32",2955.52550703943,0.276250698817924,0.108407725877096,0.00374107519261792,0.0352240104942479
"FMN1",731.537711941441,0.761778160689712,0.446548923612673,0.00375595380552147,0.0353174912700487
"SAP25",975.481779492608,-0.278933698028077,0.109945834978476,0.00375764373593065,0.0353174912700487
"SERPINI1",24.8231457598559,1.15471301709928,0.820574879319902,0.00376891284773445,0.0353977387097726
"C19orf33",15.6301926971352,-1.2260188116714,0.91103734200153,0.00378412040655992,0.0355148331567148
"FAM92A1",49.0287279490469,0.933251861602779,0.598730922023859,0.00380376643186839,0.0356733840256484
"POLR3C",674.767510497709,-0.323682568481035,0.133043911956413,0.00380816591544068,0.0356888202675537
"ACVRL1",403.69698097383,0.801845583009555,0.482769521329747,0.0038248238806669,0.0358190334662743
"COA1",580.195609579549,0.39574298137803,0.173993884059183,0.00383505847287583,0.0358727054921479
"PDP1",2747.11711964251,-0.238084397393503,0.0907647297590026,0.00383609056493458,0.0358727054921479
"MGMT",178.107350672045,-0.54336620875427,0.273959455292179,0.00384864554156883,0.035964163564725
"UBE2N",1240.7689659248,0.241813552603714,0.0924015871377669,0.00386199430661268,0.036062902167152
"AQP9",9069.41097352634,0.55604261417541,0.287045329952764,0.00387696497959809,0.0361766329017789
"RMND1",255.457007711585,-0.355589518614092,0.1510990570373,0.00388122976218356,0.0361903733436411
"CLEC12A",11526.3038584277,0.543744780386147,0.274212134994593,0.00392708200107351,0.0365915958417784
"HBA1",8015.85184591494,-0.165536600577881,0.315518443238128,0.00394096537162859,0.0366945777167228
"ZMYM4",2258.99508553146,-0.305807486718537,0.124393911497884,0.00395389281501048,0.0367885174266697
"WBP2",5197.81950898757,0.177229440685597,0.0648212237661709,0.00397074053103263,0.0369187718957776
"CNOT8",4263.40193916854,-0.274021240126927,0.108204914484386,0.00399782333659828,0.0370907575273087
"PCBD2",541.104700740413,-0.328920518622842,0.137020350295219,0.00399666339530685,0.0370907575273087
"SLC4A1",30.1536721563135,-0.148226890286291,0.292344186286306,0.00399491353523451,0.0370907575273087
"ZNF660",28.7234149339561,-0.267046130834955,0.574036412228776,0.00400693530006389,0.037148704166043
"CD80",25.4445847499697,1.68110453001097,1.72019423513646,0.0040101552910861,0.0371519819355017
"DUSP12",543.137700820249,-0.365823366482884,0.158075946668155,0.00402043617643928,0.0372206237734496
"ACTA2",211.335210053912,0.879919231505811,0.57464092638741,0.00402899985119969,0.0372648835966042
"PRR29",13.4079868987724,0.0794447053195158,0.232984178314693,0.00403096727123209,0.0372648835966042
"HLA-E",83069.2091909716,0.287254710489852,0.114211428166703,0.00404405150221576,0.0373591956665848
"CYP2R1",326.625703474841,-0.44512590251643,0.208179549703961,0.00405797215367486,0.0374344320880995
"SMCHD1",11473.4454101985,0.474118804142468,0.22972929326161,0.00405512642044178,0.0374344320880995
"ADGRA2",7.7832734233863,0.0361973241830754,0.215715789773661,0.00408265013186908,0.0376352975527419
"DIAPH2",2607.55556401005,0.236420771982432,0.0906448713182286,0.00408751515624251,0.0376533645629418
"RXRA",22983.3088359653,-0.241594203447934,0.0934088691838735,0.00409085338246336,0.037657351342406
"KCNK7",28.8883547133737,1.72735219127888,2.01898899992725,0.00411336438761666,0.0378108622892904
"UBA52",13023.9324472087,-0.250434398533078,0.0983016564158191,0.00411077717513637,0.0378108622892904
"PSMC2",2679.82090048932,0.354188512837592,0.151517237904918,0.00411693849363465,0.0378168956881635
"FNBP4",2996.42770915097,-0.278223205066306,0.11117039341767,0.00412565814829277,0.0378701524504409
"CCDC170",413.822823817317,-0.609602616090864,0.331826493352588,0.00415150239212409,0.0380804122465112
"PTPN6",21059.9543616932,0.265550638137878,0.104689149087558,0.00416539043615272,0.0381537988996293
"ZNF347",76.8422709715247,0.839004626790638,0.538842523273386,0.0041630630569326,0.0381537988996293
"RPS15",11736.9328040003,-0.170764072278978,0.0625030937708488,0.00419487888867542,0.0383967692627981
"CCR2",23727.680698622,0.332138842715064,0.140001660823107,0.00421047624815459,0.0385123377927534
"ARNT",2630.21858810346,-0.309764982018979,0.127742237252055,0.00421661537447122,0.0385412918677867
"ATXN7L1",563.998926358859,0.302478543512062,0.123722151943182,0.00424163218412817,0.0387426319510114
"TFRC",81.5848877400934,-0.202331592995103,0.378801707661651,0.00425336200147559,0.0388224119022008
"EPT1",830.409319715263,0.544602514030001,0.283247023207825,0.00427260596288385,0.0389537728827482
"PIP5K1A",1867.93852902655,0.307657745677452,0.126598393609622,0.00427376475883558,0.0389537728827482
"CCDC97",2222.83642732733,0.291619167055779,0.118259812848217,0.00428592371338108,0.0389689310452085
"EXOSC7",435.485497590226,-0.251618611674268,0.0986294036940226,0.00429316165138098,0.0389689310452085
"FANCA",793.427290533894,0.621331918329944,0.341817767512859,0.00429294357065206,0.0389689310452085
"JCHAIN",344.759704065195,0.0763947418542856,0.231407088323421,0.00428307118122363,0.0389689310452085
"PATL1",1673.71270879049,0.55104356249178,0.287032017507292,0.00429346759760495,0.0389689310452085
"TRIM47",15.9211971957205,1.56760538688076,1.55869759293996,0.00427949802469457,0.0389689310452085
"GAREM1",7.71413193909089,0.0358709709142438,0.215632011691433,0.00430834659326457,0.0390492868498616
"ZNF583",36.7541354158903,-0.265667518197637,0.566533188253295,0.0043053355810227,0.0390492868498616
"AGPAT4",784.400726834601,-0.496413240111838,0.247081138684304,0.00431460182592483,0.0390786542738027
"RALB",6545.01169420324,0.18038923128983,0.0675569616308786,0.00435569141946499,0.0394232657036911
"AIM1",7577.56446405052,0.298816060054156,0.121630332378625,0.00437637512022167,0.0394728042515524
"CMTM2",129.447259926551,-1.052658823632,0.840236742609252,0.00437639223126926,0.0394728042515524
"CTNNBL1",2352.54326192786,0.226750230433083,0.0870791550541556,0.00437091301691272,0.0394728042515524
"DDX56",1577.7217872249,-0.17625594997601,0.0652387995219056,0.00437504253806773,0.0394728042515524
"MIB1",2785.6149706737,-0.26757057970473,0.106508920347324,0.00436590059023624,0.0394728042515524
"GPR160",651.673421357044,-0.454406385450776,0.218010587606826,0.00439302588686304,0.0395952771346536
"EIF3K",5132.42223262126,-0.259574751891445,0.102855887661449,0.00440489634569099,0.0396471260670146
"PMP22",47.3322838171368,-0.107360200353051,0.251759929638606,0.00440484281299874,0.0396471260670146
"REC8",630.717221032153,0.851172465389592,0.572577838919804,0.0044124872139745,0.039687888119586
"UBA3",3513.0369081924,0.226728071541567,0.0871584344859869,0.00446572631517603,0.0401388895776675
"OAZ2",6693.581800273,-0.322136652751299,0.136161276966907,0.00447463350139714,0.0401764431047
"RPS6KC1",1785.40539683454,0.309031022199861,0.128348813308486,0.0044761039922218,0.0401764431047
"BTBD11",465.646080376117,-0.472312207798988,0.233637688794603,0.0044850705841073,0.0402290656336434
"GPR84",266.844542617764,0.959512709436432,0.710632118634834,0.0044970047593391,0.0403082148587787
"C4orf33",301.008226519632,0.539976423123356,0.282468631574597,0.00452974848709998,0.0405736490264705
"CBWD7",257.715611469841,0.72038710056555,0.441523849650539,0.00455061250542957,0.0407323816870668
"AMFR",3644.95785539814,-0.363608471144673,0.161980741555698,0.0045727864902028,0.0409026126290673
"AEN",519.186280321848,0.887676678435229,0.627205383704058,0.00457675347117585,0.0409098632689035
"AHR",6608.57383382162,-0.401904041234582,0.184283591629939,0.00458641776120809,0.0409116039938183
"ARMC6",963.841037003311,-0.302745532278733,0.125704672411815,0.00458300500186542,0.0409116039938183
"PIEZO1",11518.1259273854,0.280012997540666,0.112998244879667,0.00458335915261771,0.0409116039938183
"ISCA2",565.487488389017,0.43552524429706,0.206752451085056,0.00460356957792124,0.041036358527811
"HBB",19838.3363770096,-0.115697165658751,0.258183309079136,0.0046128018624309,0.0410621737218179
"TADA3",1904.03008327158,0.301287553279073,0.124747489547611,0.0046126189985743,0.0410621737218179
"PATJ",24.943951223013,1.37634581390998,1.38507708530052,0.00461899752024598,0.0410891056004861
"C21orf2",558.840187942329,-0.531597401749899,0.278817093588826,0.00464171788146945,0.0412628981218968
"CDKN2D",1897.38351482512,0.314135900168033,0.131882068124065,0.00465049692867106,0.0413126049982903
"VCPIP1",271.800568708959,0.507387793683403,0.259169467815612,0.00466228772029378,0.041388980234745
"GIMAP4",21618.7700582375,0.723576592852912,0.406989281675483,0.00466836697241963,0.0414145820188438
"GBA",3097.10185465999,0.332916319142747,0.142631197452087,0.00468874639165128,0.0415669233804325
"SARNP",1344.91016919601,-0.255419311782163,0.101714734089425,0.00469718773206017,0.0416132947335829
"DEK",1176.02281544724,0.347618137952038,0.151347015599264,0.00470188451435152,0.0416264516328621
"TSEN34",1863.07909001325,-0.320372531893557,0.135896554849122,0.00471079783988621,0.0416768947459148
"ACBD4",264.688488198854,0.371661857237622,0.166075552769812,0.00472988159263858,0.0417337909651307
"ERO1B",559.735800152085,-0.314580718092494,0.132805654810208,0.0047281267414965,0.0417337909651307
"LSM11",305.561064009077,-0.34279202226813,0.149061843261731,0.00472878864738935,0.0417337909651307
"WDR54",63.5524740970908,-0.577038557832884,0.318118620471682,0.0047301087051753,0.0417337909651307
"KAT8",1984.72473196945,-0.269501175378942,0.108896740926399,0.00474928452858047,0.041874473996552
"RAB32",2785.50416296471,-0.335642957185914,0.144945663533893,0.00475816596133638,0.0419242617436307
"APEH",489.752236042916,-0.364199715677905,0.161898730525246,0.00476286428218603,0.0419371494303079
"RAB10",13369.0686358873,0.290360945168935,0.119120888983723,0.00478070213408284,0.0420656350032911
"CACNB4",119.695797391854,-1.07234216717184,0.990091025054744,0.00479248618392388,0.0421407146742452
"C12orf29",202.340339404995,-0.517108818025444,0.270867633771374,0.00481661884205347,0.0423242012283763
"ACOX1",1389.25232423287,-0.275224181679358,0.112462250465545,0.00482566119705455,0.0423749287093659
"TMCO1",2792.91699667254,0.180933901090806,0.0680139817848484,0.0048346059836826,0.0424247313165269
"SELL",34537.8806722818,0.609460028827237,0.331007293758155,0.00484688390697546,0.0425036957498707
"LCP2",2784.75290553922,0.492460887981537,0.250919842568631,0.0048647758513833,0.0426317510546172
"HEXA",2412.67915365446,-0.161862330483188,0.0601893138348518,0.0048703537797982,0.0426517941486246
"MAD1L1",725.275009153777,0.709497839728923,0.446483577983824,0.00488611079338907,0.0427608926354597
"MNAT1",36.4998479835344,1.10400039361974,1.04365606361518,0.00492306253221233,0.0429971788948815
"OXA1L",4914.05729724325,-0.397713071860335,0.183602569910272,0.00492119885214145,0.0429971788948815
"SIGLEC7",1689.96288321384,0.369337890517359,0.166179655020532,0.00492236623912648,0.0429971788948815
"MEST",83.6740608340038,-0.663932525107781,0.404124343174935,0.00494461977260969,0.0431563749985146
"LNPEP",6266.26773817597,0.248713654165218,0.0991114979045575,0.00497011192301829,0.0433233656384301
"NRN1",62.5416184318147,1.27214837561463,2.34061716542712,0.00497043782920651,0.0433233656384301
"SLC37A2",5742.94636842281,-0.330523088465013,0.143541351390453,0.00500150957936312,0.0435648962756219
"INPP5B",1394.54708408895,-0.27861604348478,0.114608989441113,0.00502583126252588,0.0437179859017436
"ITFG2",849.74889972832,-0.334988663836279,0.145966218906798,0.00502255684296004,0.0437179859017436
"CD79A",186.434428725286,-0.161281210562067,0.308545221436639,0.00502993288928221,0.0437243193682003
"RNF103-CHMP3",9.19830082839588,0.0312273474039432,0.214554491311816,0.00503883846732045,0.0437723762566624
"SSB",4797.31179276224,0.549844689792983,0.299640500552501,0.00504887038754147,0.0438301467467683
"KIF26B",90.5469453270164,1.23643905479827,2.10414825597657,0.00507205898364275,0.044001978906957
"ANKIB1",1703.68001275807,0.431411782226355,0.208316311058417,0.00509438331593849,0.0441660883999189
"INPP1",432.6735371893,-0.40648205100352,0.191785657172751,0.00511927545371083,0.0443347458984269
"ZKSCAN8",1140.07291431896,-0.394064211994734,0.183669739397285,0.00512067854408958,0.0443347458984269
"FBXL19",1505.44821594481,0.30851425393822,0.130942247272374,0.00513088792635167,0.0443683439141081
"PABPC1",72621.1603925644,-0.526124398725965,0.267414187701702,0.00513140556494468,0.0443683439141081
"ARHGAP27",15542.0604920069,0.207554724115888,0.0802650667908323,0.00513973116305661,0.0443877954682931
"ZNF180",379.173834928677,-0.327299608012651,0.141928239365768,0.00514050466768829,0.0443877954682931
"SNTB1",3696.74234094447,0.469529792093181,0.236782558286756,0.00514448717392873,0.0443926086959323
"LRRC70",8.33589902473457,1.89749119007354,2.01443210958498,0.00517084925515068,0.04459040398936
"NEU1",1952.37888411831,0.28661874744105,0.119174293995792,0.00518111189461202,0.0446491963205228
"RBL1",251.641089921995,0.54795406669359,0.300039975264128,0.00519429731957295,0.0447330814345416
"N4BP1",155.441741928447,0.515182509683764,0.273900995561622,0.00522461527476277,0.0449643018434265
"HK3",26823.6791036666,0.282147375969355,0.116999831580989,0.00524295389991829,0.0450921867928606
"TRAPPC2L",411.530833773953,-0.540808939057414,0.297760329203822,0.00525226296318882,0.045142294606028
"MLC1",292.357517439453,0.653312364987128,0.403032637069023,0.0052796279955653,0.045347421107039
"POLR3B",277.519878418735,-0.554479804943656,0.309595517897334,0.00528661536265044,0.0453773653743791
"GID8",1391.89457248591,-0.339882736741864,0.150371149425543,0.00530083757383041,0.045469328785186
"PATL2",49.7812308883866,1.03549446218408,1.00073296520531,0.00531429563158239,0.0455546201593515
"ZNF395",192.413962183453,-0.589431492464093,0.344077746791523,0.0053324039152186,0.0456796345969255
"ARHGEF40",1438.64411149511,-0.464588216153848,0.236148992584301,0.00535939634914742,0.045880055340534
"IDNK",151.700352509646,0.47403815817372,0.242931327006936,0.0053628797037967,0.045880055340534
"TNFRSF1A",7716.58847873496,0.218687406288507,0.0858345448651849,0.00539757343202053,0.0461464045200647
"SUN1",617.695368929997,-0.507026129762153,0.271316296329733,0.0054052932992693,0.0461819422886153
"C20orf24",6795.55447634701,0.233960357244971,0.0931571457374906,0.00541823626906794,0.0462620291721934
"DCP1B",302.760378861414,0.398834824487932,0.188478385282882,0.00543038086060428,0.0463351983767558
"ACAD8",630.678930194783,-0.331496277385111,0.145865234486385,0.00545310150655896,0.0463383973144748
"CEP19",143.280743227332,0.420646938667422,0.20388866333048,0.00545049608072658,0.0463383973144748
"CREBBP",6243.03691584849,0.189852449299279,0.0729810786982896,0.00544286036802253,0.0463383973144748
"CYSTM1",300.238944937463,0.451213585625828,0.226283367202276,0.00544266086050266,0.0463383973144748
"EEPD1",426.955566862969,-0.422243009102318,0.205931793177185,0.0054481241201478,0.0463383973144748
"FBLN2",5.38121512830784,-0.0324404388128447,0.214820094120954,0.00544938601528869,0.0463383973144748
"PHLDA2",57.1370053227535,0.971907854854642,0.862339101042415,0.00547008316419616,0.0463383973144748
"RNF123",1647.6216513076,0.254275843553851,0.103270265316047,0.00546517332778221,0.0463383973144748
"RPS16",17786.4036338202,-0.439321142298538,0.210632502791849,0.00546270877297361,0.0463383973144748
"SIAE",385.695659260414,0.443901557383572,0.221037698019648,0.00546652378819183,0.0463383973144748
"ZNF429",385.597933374529,0.857441435412111,0.67126836864954,0.00546200899841435,0.0463383973144748
"NUBP1",1609.79981605801,-0.186806262499409,0.0717420419534238,0.00548163447813448,0.0464059206212286
"ARHGAP24",1039.70861920689,-0.318072182444371,0.138188281125616,0.00549714476008317,0.0465068493703904
"ARL1",1068.7588605519,0.250235257867796,0.101382395663264,0.0055050645533179,0.0465131301665928
"IGLV3-10",17.4645843566053,0.0504415630839145,0.219924481529717,0.00550333702011956,0.0465131301665928
"GLTP",3029.93399181464,-0.227796731121113,0.0905274103743406,0.00551146791490567,0.0465181201973445
"RPL37A",14318.9614670726,-0.419461169396026,0.198015635138747,0.00551283331711451,0.0465181201973445
"FHL1",16.4340312534131,0.0768440489112711,0.231452170501592,0.00553058295178514,0.0465769237414472
"FLT3",781.175892185503,0.559642945158883,0.318115889677961,0.00552950730803168,0.0465769237414472
"WSB2",1908.27497002195,0.391328229535882,0.184210457974173,0.00552872177760207,0.0465769237414472
"POC1B-GALNT4",601.791276208518,0.490795580479681,0.258196115790054,0.0055423642188635,0.0466396006929971
"PTGR1",24.1669390801125,0.0895467589958797,0.238850339901565,0.00554522217945441,0.0466396006929971
"CTDSPL2",897.87468672117,-0.276844289054659,0.115743930238929,0.00554935850135076,0.0466441216186817
"CMSS1",82.6038671871244,-0.617464266716427,0.375761741806387,0.00558648327154909,0.0469208321967623
"HIRA",1279.22581570304,0.476426922556187,0.247402407007915,0.00558951970618015,0.0469208321967623
"TST",639.302675164391,-0.389073259751886,0.18349511075159,0.00560073494056569,0.0469845472910497
"B3GNT2",1168.89087195871,0.301245164190972,0.128793498975111,0.00560673110679976,0.047004425533785
"CECR5",1425.9084879764,-0.328564181003589,0.145515970865222,0.00564232393239282,0.0472722433663499
"BEST1",1214.38051825607,0.398338142172414,0.189895579340985,0.0056527711425713,0.0473291775057278
"ARMC7",793.339739748144,-0.234719360889763,0.0942405835446791,0.0056866904479493,0.047536242890936
"G6PD",6796.2035187557,0.275121643228137,0.11484325876429,0.00568162246754448,0.047536242890936
"RIOK3",5156.31658705373,0.196257179360604,0.0761995205286331,0.005688504955161,0.047536242890936
"CD83",399.367598313424,1.06092405689097,1.40775346411192,0.00569927986313092,0.0475955968466752
"CEP57",1479.59970950709,-0.187838197111793,0.0726348674213665,0.00571865273813801,0.0477266311262117
"CS",4294.66605554276,-0.245721769401805,0.100234334127326,0.00577618539214249,0.0481757650370391
"ATRN",3581.56715806347,-0.463132523658341,0.241513179220644,0.00578409746966529,0.0481861079609444
"SIGLEC10",6110.42323875553,0.448069464987325,0.225786819979895,0.00578486104368717,0.0481861079609444
"RIMKLB",411.420669318425,0.59575655706859,0.355145895957277,0.00579567168049309,0.0482451513493069
"C17orf62",1805.20043574533,0.298651426479412,0.128330434498525,0.00584817529378302,0.0486509627616956
"S100P",360.466825984869,-0.635229782129891,0.406855842946067,0.00587144214838331,0.0488131890219346
"ZC3H12D",396.291262070695,0.671318124097763,0.444216269967752,0.00588140838910039,0.0488647013661091
"PARP2",160.935508447356,-0.565904161158721,0.334038233858033,0.00591788863829299,0.0491362938122456
"MPP7",1354.93075861327,-0.542577060284605,0.31137675514468,0.00592429936780813,0.0491580307977984
"BST1",6676.17275506007,0.300691345388817,0.129042223186416,0.00594717747113159,0.0493162937961206
"PTGER2",1959.76805217207,0.540694993666404,0.309015607934556,0.00595310309614105,0.049333867793532
"HIST1H1C",12.7746126950988,1.10522339293332,1.11147644423686,0.00597123457837438,0.0494525056679299
"EFCAB2",103.436261012102,0.697294280101585,0.480652720073049,0.00597835635808428,0.0494597345003374
"SLC38A7",915.658246588325,0.245431959265221,0.10021138789818,0.00597973952334146,0.0494597345003374
"ANKMY2",368.116046234161,0.507407884808324,0.278915442560812,0.00599753333309527,0.049575273935107
"EIF3CL",46.6167770168919,-0.0123545055787971,0.211699224765774,0.00603577287991954,0.049859561693204
