"gene_id","baseMean","log2FoldChange","lfcSE","pvalue","padj"
"CTRB1",34788.057763711,-7.85285277391896,1.01129185396638,6.34909626940306e-31,1.4752125181958e-26
"FAM24B-CUZD1",3918.00857715974,-6.86236933085813,0.835429035652241,4.24540563225227e-29,4.93209999326908e-25
"CPA1",83044.0400719043,-7.51394827046746,1.05676798980319,1.47440182146794e-27,7.26762151855998e-24
"CEL",79259.8794458134,-7.47170208666431,1.0745957542738,1.40981449517187e-27,7.26762151855998e-24
"ERP27",1977.30877317832,-6.27905304630583,0.775968584555573,1.56393835131482e-27,7.26762151855998e-24
"PNLIP",233188.852288955,-7.71041689559057,1.09712462690922,5.47546509473759e-27,2.12037385793713e-23
"PLA2G1B",15349.0333701064,-7.38341420836298,1.04523435475363,1.09167880144103e-26,3.62359385021176e-23
"CLPS",29869.8614727434,-7.93602050837029,1.08117764562758,2.14894411864978e-26,6.24133957460346e-23
"SYCN",4069.73909497445,-7.85959962942586,1.18592660239773,3.23020397625557e-26,8.33930993203312e-23
"AMY1A",12037.3220628733,-8.10507046291012,1.22996175977606,4.35840541924046e-26,1.01267549916052e-22
"COL17A1",514.072574331002,5.2240397914677,0.632437937860717,6.16245150805172e-26,1.30167782535983e-22
"CTRB2",28417.010326664,-7.68947962593175,1.0381620491837,7.07347253708035e-26,1.36960111999218e-22
"SERPINI2",1589.03493128823,-7.39650733970165,0.969672053966472,3.54015891664756e-25,6.32735326371584e-22
"PNLIPRP1",8463.60539958058,-7.43004720300992,1.08700279480487,4.52653640443107e-25,7.51243381121114e-22
"CPA2",27377.1404010311,-7.41562720904596,1.06492362272376,4.940919940064e-25,7.65348498715913e-22
"PRSS1",195514.905335807,-7.48593405703952,1.11223672702589,8.20211450894558e-25,1.19110081634594e-21
"CELA2A",30073.1211506068,-7.39135128460867,1.15745280534218,2.3932853562623e-24,3.27105795604438e-21
"CUZD1",3915.13100628903,-7.06058124436524,1.00151872416732,6.57408504212252e-24,8.48604810853983e-21
"CTRC",24688.7653614935,-7.18604609254795,1.12247187564815,1.11630988507177e-23,1.36512948313908e-20
"CPB1",131467.838643238,-7.44364820253473,1.12988038880647,1.56403059596529e-23,1.81701254486267e-20
"CLPSL1",159.428584890888,-6.58003933934055,0.827356678681071,1.81849237917754e-23,2.01203192524715e-20
"CELA2B",7334.61565840771,-6.98221026162477,1.14363175608109,3.57834693354332e-23,3.77922231822177e-20
"GP2",71568.2865251412,-6.79523758389245,1.18706809817875,4.86414545348241e-23,4.91384433094191e-20
"LOC100506281",3294.55712325715,-6.7327029894174,1.03099625351653,5.33201894071951e-23,5.16206083698408e-20
"ONECUT1",211.187894692222,-5.22205082269653,0.689330914386467,6.2941397967773e-23,5.84977352712482e-20
"AQP8",460.334694636626,-7.98629460853617,1.25740750388312,8.25711799520261e-23,7.37900525455895e-20
"CELP",9475.80319127328,-7.57961507065205,1.22225951950774,1.05457568820063e-22,9.07520967234878e-20
"AMY2A",123693.787354146,-7.45885012287172,1.22385980134104,1.89965764251742e-22,1.57637661871044e-19
"GAMT",96.4811477429792,-3.92889745647912,0.467518199222521,2.8279296716199e-22,2.26575675586512e-19
"CELA3B",30142.9497675252,-7.55990561548258,1.19443981054474,3.90118841522873e-22,3.02147042759465e-19
"AMY1C",2772.50917991486,-6.90836219456503,1.07105972356464,5.03535066732015e-22,3.7740765404898e-19
"FGL1",587.324605220462,-5.56081251313247,0.759229607300498,9.37548249296516e-22,6.80747924137642e-19
"TMPRSS4",369.809720754911,5.91314611614879,0.849649319141483,1.4116554170682e-21,9.93933745926652e-19
"AMY1B",1997.5138703673,-6.93317206097608,1.1502211893535,1.55261876935724e-21,1.06103226782398e-18
"ALB",2943.2052690782,-7.15701766231761,1.23400331416433,2.77580319288318e-21,1.82052599087964e-18
"MATN4",150.128255636639,-5.75334660720376,0.791384921098955,2.82069875927122e-21,1.82052599087964e-18
"ANKRD62",163.019541647666,-5.82118780015768,0.818983156219359,3.06788185304864e-21,1.92654688798879e-18
"CTRL",3563.87229038954,-6.36555916921814,0.966969777652489,6.55910198292833e-21,4.01054564666684e-18
"SERPINB5",327.668130700738,7.25725958363185,1.07281569253474,9.96323457763902e-21,5.9357886002934e-18
"ACADL",132.125703179031,-4.46594171175881,0.593249915137414,1.47667170025042e-20,8.44100802909291e-18
"EGF",590.153701410632,-5.55371365262659,0.856369168446696,1.48948280263744e-20,8.44100802909291e-18
"PRSS2",72785.7788105068,-6.69207905305882,1.19313188616018,1.62087330539201e-20,8.96690267875794e-18
"PLAC8",298.286724416173,4.08902392022353,0.539105778570076,2.08696383910807e-20,1.12768848375991e-17
"AMY2B",48152.4574226068,-7.02689279662033,1.12976319568494,4.25577428794871e-20,2.21048809105776e-17
"AQP12B",456.804023275706,-6.36976798976414,0.958867814494726,4.28112606402407e-20,2.21048809105776e-17
"CELA3A",77353.906579325,-7.39583715257591,1.26938251562556,4.8180294885303e-20,2.43362859056525e-17
"DPP10",87.0671985778907,-5.34579825994867,0.757244998393255,5.90528065063718e-20,2.91934459399053e-17
"LOC105373359",96.1274013453775,-6.00679008635263,0.856720172008681,8.72918767821249e-20,4.22547241048474e-17
"UGT1A10",71.8905030408466,6.44993260002534,0.894904616292863,1.33764517194163e-19,6.34289501429874e-17
"LAMB3",911.522741480744,4.19893198281822,0.585631683656058,1.52365149776981e-19,6.94157697072189e-17
"DTNA",206.012808368903,-2.6262345842445,0.321460329923539,1.50920442820493e-19,6.94157697072189e-17
"LOC101928535",63.7208199986614,-5.61889107982839,0.791009421786211,1.56166500566098e-19,6.97793969356399e-17
"SLC30A2",144.46433967759,-5.68426869782571,0.859203417293186,1.87826859410067e-19,8.08177236739427e-17
"SFN",131.947112313914,5.7624928614126,0.857719731663512,1.84923216283635e-19,8.08177236739427e-17
"PDIA2",2440.07438236313,-6.42729692503995,1.1327599486082,2.27997836410363e-19,9.63187223453596e-17
"SDK1",210.348628447304,-2.42152098623417,0.296055028875902,2.32484207032398e-19,9.64601883999601e-17
"TMED11P",148.633611709466,-5.56193904311987,0.804235938218662,2.74567510147595e-19,1.11922387689112e-16
"ECE2",26.1565473017541,-5.11853517207505,0.684956777468641,3.15437303956675e-19,1.26365271679885e-16
"RBPJL",1479.13614510209,-6.85537870227954,1.22637922832961,3.25740546805297e-19,1.282810441529e-16
"TSPAN1",438.53350156987,4.61029986536165,0.648221196138926,4.54774903179612e-19,1.76111581256305e-16
"GNMT",151.559920647809,-5.47044411654129,0.824197977909643,6.0827870986851e-19,2.31694357767128e-16
"ACSL5",609.20617552787,2.52514910111598,0.312380937012309,8.51350671567278e-19,3.1905052990106e-16
"SLC6A14",467.409795185748,5.28921825839701,0.807008698004136,9.2898252307799e-19,3.42617601963763e-16
"KLK1",3544.30476983961,-6.38284874244173,1.03824810507934,1.02670821580179e-18,3.72743209283667e-16
"GALNT5",412.277791226296,5.37383294517265,0.859852622892545,2.04919081069143e-18,7.32506899791005e-16
"LAMC2",1395.5525247675,4.44503700586697,0.671408610184689,2.3350154963171e-18,8.22031591771633e-16
"VTCN1",80.5706033122948,-3.00215812304704,0.390332835543476,4.53082978424306e-18,1.57125119458041e-15
"RIMS1",59.5709943406027,-4.25275098831207,0.629552454110628,8.25386970207863e-18,2.82027444893819e-15
"ADAM7",43.6482712071711,-5.75952101181088,0.847755243512869,1.06574448445157e-17,3.58877870959887e-15
"CYS1",99.1511738561315,-2.77099919219101,0.368669617470622,1.53977558584088e-17,5.11095510528755e-15
"IGHG1",811.113271054625,4.04999051503997,0.612800997702657,1.61193335758793e-17,5.27510867092331e-15
"LOC105377862",208.648591625961,-3.6456503849276,0.527336546317194,2.4924420344999e-17,8.04331814883404e-15
"IGHG3",198.349137903258,4.27807553658845,0.647295494364982,2.92062489434664e-17,9.2959889616636e-15
"PAIP2B",427.213635144872,-4.14881508435979,0.621870561056616,3.49937395953874e-17,1.09875613445787e-14
"KRT19",1168.29532737384,3.48951221569051,0.506007019205775,4.15084278738064e-17,1.28593109553052e-14
"CORO2A",182.705952230796,3.90117268444896,0.563272607229366,4.22574688635819e-17,1.29191090663859e-14
"LOC105370733",71.4101990139324,-4.62665185567409,0.708535648761076,6.22715764808041e-17,1.87906503835258e-14
"LINC01754",32.9687829147898,-5.5686109003947,0.854306602213784,6.67552693113539e-17,1.98853677237091e-14
"PRSS3",8621.76769556177,-5.67595139911965,1.00500087027943,6.81089304185033e-17,2.00317847882775e-14
"MX2",93.0305816915081,1.9886047161896,0.255579267122178,7.70711301775272e-17,2.23843463709356e-14
"FXYD2",157.295030461839,-3.68887870267827,0.558382567314354,9.79866005685085e-17,2.81076378297444e-14
"105373323",26.6114894653335,-5.21529748956754,0.786904835868438,1.07178834382927e-16,3.03695148400891e-14
"AOX1",700.360514024427,-3.8170315690017,0.585838612660313,1.27770375772815e-16,3.57680082057994e-14
"FER1L4",82.0386126986933,3.39830228209123,0.480035479162659,1.4717452529293e-16,4.07095249426335e-14
"CSMD3",64.6131229136656,-5.61964495297896,0.986812677455305,1.49541211697203e-16,4.08775300445237e-14
"IGHG2",425.476088017459,4.18862896983118,0.657138077894691,1.58144681914408e-16,4.27266474916427e-14
"SLC1A2",272.978687073167,-4.65548512826325,0.761763946501265,1.69892122487245e-16,4.5372913402197e-14
"C19orf33",172.675588548692,4.21108320276726,0.633584505893518,1.74993534516589e-16,4.62042588010563e-14
"NRCAM",465.947236483412,-2.96612626431461,0.426597523728135,2.03705070546838e-16,5.3180756338829e-14
"LOC105379749",116.795772079738,-4.87950662404643,0.809523438983243,2.221493522235e-16,5.73515577657002e-14
"COCH",82.7025409076307,-3.07106817756874,0.443793342212951,2.51011611071367e-16,6.40907119037716e-14
"GRPR",63.4990181397355,-4.55820304168443,0.687498498085004,2.71099800728123e-16,6.84674333686732e-14
"KIF1A",255.544025471337,-4.05185371877305,0.617918698501719,3.42612171047339e-16,8.55977827342464e-14
"AKR1B10",308.048358986896,4.7153847516811,0.764586960373552,4.02545867561997e-16,9.95016301362022e-14
"PNLIPRP2",16810.0517249364,-6.74164265666332,1.44341620322917,4.48937525444755e-16,1.09800667407462e-13
"C18orf61",38.4269049100779,-5.27095984559975,0.83859279571027,4.54968331257701e-16,1.10116553924715e-13
"107985902",53.9314847008516,-5.62881902907663,0.98348840001318,4.71310383619864e-16,1.12895842921727e-13
"MAT1A",79.313128931559,-3.96788336348893,0.603025984930289,4.94525905557163e-16,1.17248055261436e-13
"LOC105374197",56.1447824370659,-5.56355558081767,0.963885737239704,5.87817833116284e-16,1.37959064166231e-13
"LOC105376917",27.5701595195056,-5.8623745952865,0.908204134802344,6.12028880816488e-16,1.42204910457711e-13
"FXYD6-FXYD2",163.663019334955,-3.07089870629177,0.456700758674143,6.38732994164296e-16,1.46940209103044e-13
"SDC1",488.441559522089,2.83062694208638,0.41388232792249,6.75324352938348e-16,1.53004162857732e-13
"PTK6",60.219276333771,2.77273185629338,0.385656505549325,6.78262482218481e-16,1.53004162857732e-13
"BNIP3",438.913080540169,-3.16573373740425,0.472230293856166,7.17298575647439e-16,1.60254157742002e-13
"UGT1A5",25.355690190843,6.05767444838494,0.966585225718536,8.51174370519831e-16,1.88352728562174e-13
"PAK3",1150.92628411521,-3.26258851951485,0.50024663896513,9.47433806794606e-16,2.07675702838422e-13
"BHLHA15",111.571645578425,-5.31962666048037,0.962358334636226,1.04334038164604e-15,2.26560876332202e-13
"PTF1A",76.245326224165,-7.23610172251654,1.28475766636511,1.25555851213395e-15,2.70119463235485e-13
"CSDC2",44.65824255122,-3.27931963430975,0.490744308421733,1.28127304705575e-15,2.73122745397618e-13
"CTNND2",123.513214092186,-4.26803801935366,0.73334683260211,1.31848147847161e-15,2.7849924683898e-13
"PWRN2",17.0965399838853,-4.49959551949315,0.680400726012652,1.36080350320336e-15,2.84849273846217e-13
"CEACAM6",1216.2639798014,4.67382349781228,0.854092673667131,1.37413407398821e-15,2.85071475081393e-13
"IL1RN",81.6073105395311,3.3184874281363,0.49356148949589,1.55135403482366e-15,3.18988592912635e-13
"LOC107986324",27.4048411526063,-6.43417291697626,1.04200258289951,1.60899011386895e-15,3.27937590313553e-13
"NPHS1",97.0466057776031,-4.71460753235465,0.799282779078601,1.70061957909155e-15,3.43599094958193e-13
"LOC105375587",104.359407394949,-6.39750263144156,1.23229398221844,1.92578713257263e-15,3.81414780412085e-13
"LOC101929124",39.6769196740801,-4.65679468637937,0.741368845836055,1.93174587040981e-15,3.81414780412085e-13
"TEX11",89.7520472954794,-4.97168965144424,0.863198537611303,1.93703223966542e-15,3.81414780412085e-13
"KAAG1",21.8693964324872,-3.85874292051575,0.581697558052302,1.96510971273243e-15,3.83691799792756e-13
"IL2RG",57.1276722536417,2.7520518759225,0.388185969467174,1.98549380816563e-15,3.8444123860607e-13
"TDH-AS1",25.1550606639553,-7.4151318314127,1.2521419615743,2.08094505376123e-15,3.99593044001176e-13
"LOC107986855",64.0806983335712,-5.05868502810655,0.888855657738307,2.15183025163624e-15,4.09817835219411e-13
"KIRREL2",108.389881631309,-4.23007965061106,0.722075626464159,3.01764824273589e-15,5.70041113170476e-13
"SLC16A12",383.731539096981,-4.44962618018713,0.82752359942921,3.13277728280592e-15,5.87016775532222e-13
"PEX5L",132.57434938738,-4.05706145742825,0.664502876081514,3.26193863416672e-15,6.0632915331891e-13
"ALKAL2",74.2848214620505,-3.69437233116325,0.60796512231936,3.40904752860401e-15,6.2864459783424e-13
"NEXMIF",44.0074394491092,-2.54964434274099,0.363437954452255,3.48835122270653e-15,6.38203469760521e-13
"SLITRK1",15.9135955792325,-4.58348688283075,0.66172490382285,3.602293795611e-15,6.53900752664231e-13
"FXYD3",977.81641412383,4.21273449260883,0.705183781698908,4.05086283460813e-15,7.29626340791628e-13
"SLC9A2",54.3424961032364,5.1748490168603,0.826706957620168,4.57797799657303e-15,8.18225528849033e-13
"B3GNT3",138.583149782908,3.78109943440729,0.612351697133719,5.04712471057876e-15,8.95190401910669e-13
"AOC1",202.866633944345,5.09028666184515,0.895617466499309,5.59940759298262e-15,9.85622995628418e-13
"LINC01152",51.394183473486,-4.51085041580174,0.747098702517429,5.84287218908456e-15,1.02074537829609e-12
"IGKV3-20",197.478623434955,3.4948395633601,0.558304433283042,6.38400709335354e-15,1.10515046402747e-12
"TMC7",52.8731801639639,3.28609453059055,0.488580722865645,6.42114536878454e-15,1.10515046402747e-12
"CAMK2N2",23.1216981330248,-4.02679287267064,0.615925477322041,7.23444745812879e-15,1.23597343154134e-12
"BACE1",1084.64278653026,-2.84383868875555,0.432874739312457,8.24469823958007e-15,1.39828878537696e-12
"IAPP",373.332847451866,-4.78934849395299,0.85902678884637,9.16961650040492e-15,1.54388434338339e-12
"GRB14",106.959551697628,-3.35203089566227,0.547896195617241,1.10527272087753e-14,1.84755479637334e-12
"UGT1A1",41.9212769990464,6.35492389730789,1.0325207041511,1.21744127166868e-14,2.02051771051584e-12
"COCH-AS1",35.6829159846418,-2.67563911354635,0.39376872748783,1.25932851491534e-14,2.07521262723814e-12
"KLF15",115.159831746147,-4.06635296512831,0.719022872294063,1.30327537541445e-14,2.1325072780109e-12
"ARMC3",89.6744975449972,-3.46607913162077,0.548013577178313,1.3984293714529e-14,2.25642405872972e-12
"P2RX1",215.369369781925,-3.8699717958579,0.634034404924266,1.39542891565511e-14,2.25642405872972e-12
"DCDC2",269.140571705332,-3.51502789707083,0.568192083003019,1.43192762693833e-14,2.29454058013187e-12
"VILL",139.414822671925,2.78160203389257,0.420240807985221,1.67549050452406e-14,2.6664398542888e-12
"PKHD1",1250.0266514898,-4.04443235798936,0.708078065603217,1.82018862789637e-14,2.87701243327701e-12
"UGT1A4",25.5228367599389,5.59556924446178,0.909997047305175,2.1258352018473e-14,3.30826398177338e-12
"AQP12A",186.618574108569,-6.28109695606346,1.28512795708021,2.13574175711645e-14,3.30826398177338e-12
"DAPP1",61.4725479666758,2.49873429603921,0.368884712093582,2.11270710086887e-14,3.30826398177338e-12
"MISP",168.54912757401,3.86717685802476,0.625822956836393,2.33725154469868e-14,3.59642646629628e-12
"TBC1D24",128.758266787976,-1.53220868507358,0.213790840972042,2.51077981964257e-14,3.83802428351283e-12
"BCAS1",182.945805982079,4.12694415444281,0.736168419968014,2.62723912107848e-14,3.98979744955938e-12
"MSLN",122.586902168797,5.31007908386117,0.995090062374974,2.67825049567307e-14,4.04085391343921e-12
"LINC03141",34.0133670444656,-4.93836642404659,0.888586245396554,2.73030124344648e-14,4.09280963815994e-12
"AMBP",124.411088322248,-4.55812538095684,0.909568855412857,2.92754024207857e-14,4.3603459951728e-12
"GUCA1C",44.9296515022144,-8.23240820245728,1.51670029182513,3.01135239163092e-14,4.45660973372894e-12
"BEX1",88.209556556447,-3.59064950210982,0.622835959764198,3.32073958216199e-14,4.88337874629961e-12
"IGKC",1549.7590443125,3.36379972148027,0.568164475838087,3.95147031574984e-14,5.7743655840533e-12
"PLIN5",110.608941133523,-3.90834052823483,0.708451210680171,4.1670087928221e-14,6.01706403420093e-12
"LOC102724560",145.812672148845,-3.95284730125698,0.705235545979537,4.16934499464752e-14,6.01706403420093e-12
"UGT1A9",22.1388066621211,5.94636509482875,1.00769021621831,4.485777624646e-14,6.43376809312653e-12
"TPST2",975.430880959109,-3.34968083551595,0.552325126483227,4.59479536163377e-14,6.54969755997305e-12
"OSBPL3",238.639853673579,2.09172725179387,0.311284945015517,5.12361129795693e-14,7.2589700309774e-12
"CBS",178.841054136384,-3.93410182667835,0.716766232253237,5.15495039801307e-14,7.25910742411113e-12
"LOC105376767",126.156696608314,-5.89024362659292,1.26335782994592,5.53301467264661e-14,7.69817939634396e-12
"UGT1A3",22.4658547029061,5.98086358788066,1.01144598466652,5.51359951242562e-14,7.69817939634396e-12
"LOC102723517",23.0856098712889,-5.3812609986192,1.01994632016149,7.04188434652628e-14,9.73917754711536e-12
"IGHGP",96.4823247673058,4.26956445309199,0.802083017331746,7.14040167468138e-14,9.81699603024981e-12
"GPHA2",84.6921173257607,-4.5936883234908,0.812040796976227,7.54777475867773e-14,1.02557044747297e-11
"MYEF2",161.867229832952,-1.78033503498273,0.259251157862097,7.51499749870329e-14,1.02557044747297e-11
"RBP1",222.887615650579,-2.66473826781847,0.416303902245381,7.80791124889898e-14,1.054748941094e-11
"JPT1",203.123632929294,2.80832225547753,0.450912175594027,8.41911698573072e-14,1.13074094314135e-11
"TMEM225",25.4927695101933,-5.50126294049012,1.04802851701078,8.48215801914557e-14,1.13266058376349e-11
"CRYBG2",33.2690020892482,4.30129930188482,0.680000604711963,9.0083412735433e-14,1.19605033994731e-11
"IGLC3",277.719304876836,3.2292493609095,0.546315087124537,1.02653126112412e-13,1.35519624160334e-11
"C2CD4B",196.838825144814,-3.86993919093073,0.736977486111782,1.16038355961361e-13,1.52324926596736e-11
"SLC38A3",53.5155918662656,-5.19825520795417,1.07013266447627,1.34731125254248e-13,1.75869533442834e-11
"RNF212",41.9148442096548,-3.22771493843076,0.52525555987555,1.3700384106301e-13,1.77837108776482e-11
"BRSK2",140.666921669759,-4.20128337209,0.825657710126474,1.41754283192457e-13,1.82981153887597e-11
"CECR2",52.375402934828,-2.8919570341762,0.466949944772023,1.47083214000087e-13,1.88810965596245e-11
"GSTA2",263.611505132023,-5.35362738608439,1.12406592261565,1.56606284189436e-13,1.99931154568216e-11
"TMEM97",706.728749387815,-2.94888985254076,0.482792390719175,1.60916580378121e-13,2.04311297545664e-11
"MFSD2A",70.9866066969173,3.75978815186883,0.629617234046816,2.09040271212682e-13,2.63970146827536e-11
"EPS8L3",155.65243395101,4.11155362446055,0.701071883080003,2.14855248570635e-13,2.69846578407497e-11
"LOC105369608",33.7505452672767,-5.9403292188107,1.16640729160218,2.18615172436608e-13,2.73092662987343e-11
"LOC102724363",16.8807677280753,-3.51562459169731,0.565043400592247,2.29010049266182e-13,2.84548047844906e-11
"KCNJ5",115.225250066523,-3.13016453400833,0.529177460224912,2.42256921828508e-13,2.99406360568371e-11
"GPR35",66.9525939103266,3.66132257325051,0.617020448536531,2.45494064531929e-13,3.01801830126951e-11
"LOC107986239",12.9817063857748,-6.88277751174334,1.24275859264703,2.65227193940526e-13,3.22646798492572e-11
"OASL",61.9956748801668,3.8687160222127,0.66191339560299,2.64186712794818e-13,3.22646798492572e-11
"WTAPP1",67.5643339219699,5.32459215862511,1.0681544842579,2.98142147453455e-13,3.60798583129221e-11
"TMEM52",50.0250878438236,-5.06095753997815,1.03721640995782,3.12223292748905e-13,3.75881254249782e-11
"SPX",102.133092433091,-5.7627302370492,1.1585638175593,3.2214083174689e-13,3.85821764208195e-11
"GPRC5A",914.938765363675,3.14501485163441,0.545667214983445,3.49579346116977e-13,4.16537236257844e-11
"S100P",1027.0836178935,5.27932192063576,1.16020060935141,3.76522726052499e-13,4.46352323460705e-11
"ITGB4",689.423743815238,2.52924982334686,0.409277875433668,3.81639378563113e-13,4.50121368574311e-11
"HOMER2",1009.18507140572,-3.26279391615067,0.582766897376277,3.84944320552006e-13,4.51726327678074e-11
"TRIM31",85.5326570860833,4.92601730448797,0.981426608132124,4.00926440178311e-13,4.68116876258446e-11
"STYK1",43.4590709033784,4.4419765933113,0.781205392594429,4.06736542734368e-13,4.72526178521652e-11
"CYP2S1",60.1841438339466,4.00532104468206,0.694026124414424,4.11980175930299e-13,4.76236785459727e-11
"RTKN2",43.2916532453287,3.52575741428029,0.602224698876963,4.50545590170908e-13,5.1823894988223e-11
"GYS2",59.6477117972343,-4.53568081665663,0.898878230839523,4.93633203767512e-13,5.65003324607791e-11
"ARHGAP27",143.797363033553,1.83463335007983,0.277922087531452,5.39601747077913e-13,6.11592516749039e-11
"RGN",80.5789799760754,-3.27007051137561,0.572137918867489,5.38610745746663e-13,6.11592516749039e-11
"LINC02477",17.4217830983723,-6.77677278512006,1.33544718166156,5.56357959298025e-13,6.27523164285904e-11
"ST6GALNAC1",240.324585630371,3.65373630177531,0.679588799560501,5.75878319514317e-13,6.46402548498316e-11
"LOC105375539",32.3409812977849,-5.20248688728219,0.956725008277149,5.94409634421815e-13,6.63995569989945e-11
"CCL20",68.0111539977996,3.72544996479462,0.666489228832515,7.49664370239684e-13,8.3341873887651e-11
"DQX1",19.1941379941094,4.66483722134993,0.763977174070482,7.57463497000824e-13,8.38079254895912e-11
"MAPK8IP1",80.5596501000677,-2.44450775332971,0.39866439046044,7.70527899719556e-13,8.48493637439995e-11
"LINC01238",65.6458090075218,-3.5055185139319,0.632697463486116,7.7689552149792e-13,8.51470162358687e-11
"KCNJ16",233.917994867806,-5.1077480436101,1.08912031365521,7.94940937715257e-13,8.67157403183756e-11
"ARHGDIG",38.3816326331891,-4.61447150155549,0.856518558010386,8.01339094279991e-13,8.70052049326897e-11
"PHGDH",136.645333806324,-2.6576607038597,0.450346774250753,8.27637622692329e-13,8.94426054104943e-11
"LINC01624",42.757631932044,-4.70547879258811,0.893909113668935,8.46436249971869e-13,9.10506771671128e-11
"CTSE",947.290008653943,3.83254855331347,0.825822262783358,9.16195511220446e-13,9.81004732866685e-11
"TRBV7-4",19.9803077151011,-5.55993478959309,1.04090807796734,1.04691917174275e-12,1.11583334657994e-10
"GLP1R",82.4381036480634,-3.15917811922211,0.580958637788078,1.09157577542601e-12,1.15811703844855e-10
"LINC01829",32.1665921275886,-4.57057895538802,0.870917144001918,1.12078100134495e-12,1.17834147358597e-10
"SERPINA6",31.5057928741985,-3.52077496609865,0.6408069677736,1.11854223991859e-12,1.17834147358597e-10
"ESRRG",136.187525465794,-3.30038849554774,0.602052107021505,1.16860620635393e-12,1.21760382083559e-10
"TDH",47.7770088914146,-4.87608456856818,1.08315052023623,1.16443655290105e-12,1.21760382083559e-10
"FHL2",314.829506395264,2.38253930076005,0.389871810286641,1.17938499301364e-12,1.22334867467286e-10
"LOC105370221",48.4100311770794,-4.55175738847012,0.927909582506454,1.24115241064742e-12,1.28169672272857e-10
"EMB",327.471323669347,2.2807948996664,0.377635824941795,1.28915722402e-12,1.32537911947366e-10
"FBXW12",23.2506915570753,-5.57385126221378,1.06632614560186,1.54412317297129e-12,1.58051550325938e-10
"EEF1AKMT4-ECE2",28.3820414478843,-3.03103167194165,0.522294028307286,1.59436243676141e-12,1.62478119377857e-10
"LOC285804",19.8541738640864,-6.09942645914125,1.16488734438787,1.61044714101537e-12,1.63400608390795e-10
"GALNT17",36.9846940646445,-2.78866572026645,0.46511593961704,1.75842652707517e-12,1.77639305898224e-10
"RNA18SN2",58901.2505470593,-3.56547773742332,0.714859909159966,1.85196212595199e-12,1.86278528123353e-10
"LOC100132154",69.7923092714669,4.5274134180467,0.880148449384517,1.87741658835147e-12,1.88024889785976e-10
"OAS1",137.413956343393,2.89442879792865,0.520900063459892,1.97393638124114e-12,1.96842969176557e-10
"SULT1B1",240.094458882586,3.62455684385268,0.678629339088558,2.03147038599104e-12,2.01714591532059e-10
"XAF1",195.512749913921,2.15076507054115,0.348829696865759,2.11164239630536e-12,2.08608669749721e-10
"GCAT",132.395815362813,-3.11146121936288,0.565511398054228,2.11885715777638e-12,2.08608669749721e-10
"RYR2",337.567421236208,-2.59334954861894,0.448661032060039,2.25303281423922e-12,2.20882774003579e-10
"LOC105369165",66.1119863597312,-4.20035889634253,0.822396655814656,2.29907459414053e-12,2.2444957224729e-10
"IGHJ6",22.761822909941,4.04302766518413,0.664897037064464,2.33695190598363e-12,2.27192793035689e-10
"IGLC2",377.930786060943,2.96958407367813,0.534469303296293,2.36850835235023e-12,2.29301214861906e-10
"SMIM35",39.6181774060459,1.98101870534452,0.310179540920256,2.5382145202898e-12,2.44711262983127e-10
"PLAAT5",34.894906156736,-3.69073108926948,0.685790211338721,2.82085881426904e-12,2.70837415493971e-10
"MUC15",33.2927502449575,-4.01870361562938,0.797750715157454,2.84643432431594e-12,2.72168319034901e-10
"GDAP1",105.263863427735,-1.37680183141234,0.209888583369592,2.87439546889156e-12,2.73715486556129e-10
"TNS4",113.665867657214,4.02277045944408,0.834764716486441,2.89627338002025e-12,2.7467311014192e-10
"SYT6",16.9117766285606,-3.43981922699466,0.596195200244701,2.97205604889192e-12,2.80714318276438e-10
"LEFTY1",82.7490098176531,-3.43583850449049,0.688910015649169,2.99214302907391e-12,2.81467381702559e-10
"TRIM29",119.314220936142,3.6375555824272,0.681953511700725,3.04311133585487e-12,2.85107628583016e-10
"SDCBP2",84.4712157593426,2.92192324762755,0.50731750633293,3.22801800753369e-12,3.01216861064439e-10
"ADGRV1",155.193187861389,-3.02709512569817,0.560277355040881,3.24588056426655e-12,3.01672139642933e-10
"HPGD",302.328398782934,2.61560852650642,0.459694130487541,3.31520762641988e-12,3.06887845417793e-10
"SLPI",367.534715011103,3.8276901386226,0.723998673864315,3.39005237730158e-12,3.12570900740485e-10
"RNA18SN5",441421.319415087,-3.31054538302505,0.665244114012156,3.4535304960114e-12,3.1716514258824e-10
"F11",235.604716504895,-4.83522501359989,1.05786796842635,3.51830181504706e-12,3.21841506585112e-10
"GATM",10869.5474552092,-4.41009757496146,0.991000668500062,3.54107196942386e-12,3.22654145919857e-10
"LCN2",573.928052540857,3.35827246817156,0.641772233747665,3.74205385528751e-12,3.39635239560958e-10
"SLC17A4",104.468200006612,-4.0083469899672,0.861438480968838,3.88277970117563e-12,3.51036522789166e-10
"ITGA2",883.926813668637,2.87450671430872,0.533747805414515,3.90215347772597e-12,3.51420682383577e-10
"RIC3",127.346902940002,-2.15870644671146,0.356191266374277,3.99904979267409e-12,3.58756455338929e-10
"MIR217HG",74.2429370012131,-6.40496901399969,1.38612619413508,4.0978315818686e-12,3.66204295402757e-10
"LAMA3",1164.89413323817,2.57895062398688,0.452219173422846,4.13094487751829e-12,3.67749058349186e-10
"CASP8",134.01405974304,1.24014199734447,0.188197886544786,4.15783241200569e-12,3.68729908751726e-10
"UMOD",17.2092440780244,-5.47725799841325,1.01931046320577,4.22938013954476e-12,3.73648849970808e-10
"SLC4A4",4634.02043013092,-3.82313211861244,0.830082250395638,4.27972275430746e-12,3.76664235592173e-10
"SDR16C5",131.210789039479,5.26715813239707,1.10446154185012,4.40569728199163e-12,3.86288212630474e-10
"LOC285191",44.4771655969366,-4.98038086256646,1.09601013818121,4.67217766215583e-12,4.08112962331544e-10
"MTMR11",176.273285528374,2.92894479792325,0.527028000925344,4.89882761591862e-12,4.24717386775631e-10
"NR5A2",858.136047997718,-3.53456510140874,0.701465297533449,4.88119906079267e-12,4.24717386775631e-10
"LHFPL5",9.59492014512044,-3.93079012777065,0.677514437366317,5.10626069684922e-12,4.41055640488073e-10
"GPX2",229.921312813942,3.26171101864106,0.629088742291849,5.23823332340207e-12,4.50779078774989e-10
"POU6F2",17.6227822360771,-3.16908009827649,0.538390277330828,5.55851031949898e-12,4.7657559879542e-10
"CEACAM1",155.355512226572,2.64876814729124,0.46042540998333,5.89656937677687e-12,5.03701431872833e-10
"MXD1",338.014244766062,1.53043909479227,0.241365968749426,6.19454687497563e-12,5.27217203809739e-10
"SLC43A1",325.066710972435,-3.22072814771177,0.625771835969694,6.27017390724863e-12,5.31706170565409e-10
"LOC105369517",16.7064201700521,5.77572600297581,1.16653050910337,6.30373013867735e-12,5.32607890080611e-10
"VDR",86.457854716873,2.15616712923328,0.355891657198203,6.60926183573168e-12,5.54390609217421e-10
"TRHDE",467.151389305302,-3.80023796168237,0.772739302899835,6.59494728885675e-12,5.54390609217421e-10
"MALL",144.022036916366,2.69872308711666,0.477318376092759,6.89989800430692e-12,5.72568321893112e-10
"IFI27",545.708267333104,2.83718489040893,0.53428240026215,6.8896827029938e-12,5.72568321893112e-10
"ABHD17C",182.59295807216,2.56497401590454,0.454828925496917,6.86635976139853e-12,5.72568321893112e-10
"HOGA1",36.7856616675775,-3.41350679655454,0.643342948137604,7.10136977343263e-12,5.85107541438678e-10
"GPT2",645.759216320855,-3.22267053450404,0.618555808973055,7.08489295451595e-12,5.85107541438678e-10
"CERS4",121.824106315056,-2.71764641775708,0.490225373809898,7.47387083803441e-12,6.13623282408938e-10
"LINC02568",19.7072254923392,-5.3572887191894,1.17586164797385,7.87708547404503e-12,6.44450989399424e-10
"NOS1",32.6629857834263,-3.98512372686384,0.817111097409519,7.95981258138687e-12,6.48934194135171e-10
"SMOC1",39.1266602966355,-2.06508746297243,0.334854967577729,8.22705924366434e-12,6.68376648694199e-10
"PSCA",125.616474302736,5.19690570221651,1.17378784509034,8.90441213992803e-12,7.20885073418912e-10
"IGHV4-39",38.6146874970334,3.44707142894957,0.604805815867012,9.56949040105668e-12,7.72038574543583e-10
"PLAAT2",17.6781990267262,4.87021195280603,0.831454001512628,9.66200989085823e-12,7.76805535688896e-10
"TRIM14",167.246221947488,1.43549375470196,0.224768551093909,9.85061927720727e-12,7.89238410020382e-10
"SLC39A5",332.759098131037,-4.47141057044174,1.04116634603571,9.92501760057176e-12,7.9246661150957e-10
"OBSL1",205.009339835309,-1.456218792738,0.231402302555911,1.02085750500032e-11,8.12315894817896e-10
"HS6ST3",61.9784060036589,-3.31149375952927,0.633506838140212,1.07706652156855e-11,8.54117427598817e-10
"FAM83A",55.791186779889,4.30394313301145,0.881591987934314,1.14258737631212e-11,8.99932803003798e-10
"MYH7",25.1318797446256,-5.69002088982869,1.24862773285557,1.1405457425598e-11,8.99932803003798e-10
"LOC112268252",75.3065878955494,4.20329078933695,0.843916671908738,1.15418292853275e-11,9.05994606231705e-10
"SORBS2",1383.29580214298,-2.25266635026589,0.395017176041546,1.17827868117616e-11,9.18701515339865e-10
"BACE1-AS",43.5436834997939,-2.65913005396304,0.472306159987708,1.17478918925553e-11,9.18701515339865e-10
"TRIM15",33.9590644120444,4.8255650427973,0.961140927803007,1.23004370162829e-11,9.52244036673919e-10
"TRBV6-8",21.5650858758689,-4.25752705129693,0.892459344676397,1.22962787204139e-11,9.52244036673919e-10
"KCNN4",58.1272785694103,3.84697707312978,0.776570171979988,1.23359352287002e-11,9.52244036673919e-10
"AFAP1-AS1",58.4725472218614,2.1781548357079,0.360863253151968,1.25847850811447e-11,9.61059964893035e-10
"IGHG4",138.422005579365,4.24772222742807,0.895487316795572,1.26155923947655e-11,9.61059964893035e-10
"MOCOS",45.8403446993912,1.5651729791093,0.244558709010744,1.25737549207668e-11,9.61059964893035e-10
"GJB2",207.356837016768,3.51688053484697,0.729681306297224,1.30522931184041e-11,9.91078531392549e-10
"NEK2",29.9432895278068,4.61193697573962,0.874501670825676,1.42100566694418e-11,1.07198268413792e-09
"LOC105379613",16.1880824869576,-4.35622609447573,0.895645267323118,1.41889184022728e-11,1.07198268413792e-09
"TTLL7",235.105223367059,-1.69207381813029,0.278159288272445,1.43564055595279e-11,1.07741729423405e-09
"PIM2",74.2462214657085,1.69278325689357,0.270415606605016,1.43748380121608e-11,1.07741729423405e-09
"KCNK3",113.083869640435,-3.38791730234526,0.64057854051885,1.44650666380801e-11,1.08069396570994e-09
"RNA28SN1",124159.1236099,-2.91547856306083,0.572074978538451,1.45591934930442e-11,1.08423993849642e-09
"B3GNT5",347.03200962311,1.37829389218555,0.219057557289382,1.49351438711011e-11,1.10868392282759e-09
"UNC79",79.9465031201417,-2.49464443419975,0.445788800812331,1.52435820509748e-11,1.12797652533249e-09
"SPSB4",45.12438777511,-2.78533640305254,0.497119612444938,1.61629527567772e-11,1.19221018191657e-09
"KRT16",56.431887569073,6.49728578123831,1.71741013505992,1.64560440912784e-11,1.20998792550903e-09
"IGHV1-18",49.0988596779995,3.55414761622977,0.644217571597124,1.75326365105711e-11,1.28508141742309e-09
"LOC105373451",17.7031228757757,-3.41645285252197,0.616765826136685,1.80042990848243e-11,1.31550279633928e-09
"TRIM16",95.5289061940138,1.85240618455761,0.307728496181565,1.87690822106689e-11,1.36708346446674e-09
"RFLNA",23.8013952366105,3.77275748800672,0.665146123909722,1.89413047612408e-11,1.37531630039822e-09
"PCYT1B",12.8289312217861,-3.07708974128049,0.536954464155426,2.08316188879562e-11,1.50785876903945e-09
"ZDBF2",310.209942372697,-1.2876454975103,0.205092109804206,2.1306994546217e-11,1.53747831764395e-09
"DPY19L2P3",24.4386386754359,-2.33924765465379,0.398357163694262,2.16250034055762e-11,1.55559428522775e-09
"ZNF204P",88.6028364197797,-1.2029072530649,0.189990787437696,2.24558330085986e-11,1.61037432084811e-09
"SLC6A6",228.685843883512,2.30668631229478,0.408969565664673,2.26105497152856e-11,1.61648037733741e-09
"SLC16A1",215.241019729423,2.09339033322873,0.363825113093474,2.30768800077204e-11,1.63472959444934e-09
"MST1R",134.363608897293,2.44895102581391,0.43829967782541,2.30517409274605e-11,1.63472959444934e-09
"KLF5",777.601354552207,2.390837871111,0.434865673029385,2.30377541595229e-11,1.63472959444934e-09
"IGHV3-21",49.9236566527586,3.64521865293931,0.692539222727622,2.32187440723275e-11,1.63977969155176e-09
"FGF12",40.1392978464992,-2.45907776422846,0.439580712651161,2.34849437063806e-11,1.65355353641743e-09
"IGKJ4",86.6117407896828,3.4347724080792,0.691475168872642,2.39903896547146e-11,1.68403837953865e-09
"LOC105375087",74.5416050199222,-3.81814910686531,0.832965287706531,2.55242673780023e-11,1.78631431484302e-09
"IRF1",274.57228187901,1.3591177364803,0.218900545039073,2.58982659160554e-11,1.80704567134999e-09
"CDHR2",322.696159226754,3.77767227291248,0.823108609994327,2.69910217070726e-11,1.87765386037075e-09
"VIPR2",55.3512517487746,-3.70303182089329,0.742979365936623,2.7074339715101e-11,1.87782771128469e-09
"LOC102724687",25.6518910096834,-3.10165892596938,0.582106396697668,2.92663635415023e-11,2.02382130025835e-09
"ERN2",132.817825186384,4.05180800411558,0.95197742826953,3.11323574292928e-11,2.14646980673477e-09
"LGALS3",1273.98877920827,2.28265562209358,0.413977256605765,3.13818611978922e-11,2.15727084299711e-09
"SEMA7A",63.2913525723578,3.30795499405981,0.647189655790742,3.19027783941014e-11,2.18661078462226e-09
"PDK4",4756.74585553025,-3.15040121108264,0.641838888588677,3.20945342417508e-11,2.19328383266788e-09
"SLC2A1",583.220303444011,3.31713450016532,0.711141425595233,3.28337890905118e-11,2.23722313641655e-09
"SPINK1",19092.6291680405,-3.4738597059342,0.711504872791242,3.31514747150203e-11,2.25226466375292e-09
"LOC105370224",30.8762430461621,-4.42481167822013,1.01314007504881,3.33691312335996e-11,2.26044246126148e-09
"107984567",32.5370667775401,2.43929600648743,0.423637037063229,3.36801398793988e-11,2.27487805260998e-09
"OR6T1",24.2974970803953,-5.39540211562392,1.11881326954203,3.38569258342008e-11,2.28019035292074e-09
"CCDC110",95.5288740118809,-2.700160690904,0.505979838889086,3.42419233915541e-11,2.29945401734901e-09
"GJB3",38.9147367073561,4.06983971438917,0.816899681193334,3.47508849764059e-11,2.32690724042303e-09
"LINC00869",99.4751467200329,-1.19480275568233,0.190575603299425,3.79408447033865e-11,2.52973466427416e-09
"LOC389602",81.2945231756521,4.15346083490354,0.808344057300518,3.79977360805544e-11,2.52973466427416e-09
"PLEK2",104.321452277397,2.5203220107204,0.463923558873824,3.86841428918346e-11,2.56807445740508e-09
"SLC38A4",94.3956281864957,-1.81076567880255,0.3068698258555,3.90260244373821e-11,2.58338939544892e-09
"GMNN",354.799388607221,-2.38845067322315,0.435314810970396,3.95770875138855e-11,2.61242508063957e-09
"112268284",78768.377075675,-3.2621914941153,0.725471387998193,4.00438415145707e-11,2.63574690535708e-09
"VEPH1",83.4109444644745,-2.33352923132263,0.419368410065817,4.21969113171708e-11,2.76181756184356e-09
"LOC101927531",26.5717074053788,-4.38913325129356,0.956943436132701,4.2179261356463e-11,2.76181756184356e-09
"IGHV3-23",90.7751426124968,3.03403049544713,0.592982415188912,4.28093531551001e-11,2.79403179932234e-09
"IGKV3-15",47.8263563570724,3.1404037636739,0.599519046498637,4.4194781328937e-11,2.8763746335514e-09
"XDH",163.552554960082,3.10105689970774,0.585077942939694,4.69749386958519e-11,3.04877849329084e-09
"SLC7A2",868.745045364097,-2.480622458984,0.463331607865611,4.79221824676393e-11,3.10159306305181e-09
"PWWP3B",123.218656570688,-3.46151569293138,0.747052224516158,4.91521768301968e-11,3.17236341291562e-09
"MYD88",122.717042503082,1.27902838629358,0.206453588390694,5.17611783272046e-11,3.33149855521496e-09
"OAS2",149.979964971334,2.59788764212463,0.499454759162034,5.31545590416384e-11,3.41172977716151e-09
"IGHV3-48",64.7435404199847,3.88115633386793,0.785538696413355,5.3466152885435e-11,3.42227565369995e-09
"RNA28SN5",390439.08610484,-2.9813577265121,0.633596124004756,5.56439007619372e-11,3.55188470935058e-09
"USP44",28.3967742753076,-1.98488967081472,0.338216741639659,5.69005073407137e-11,3.61340927491975e-09
"MYOM1",199.184028273571,-2.21914026750938,0.406305862447851,5.69187774745268e-11,3.61340927491975e-09
"NQO1",686.476691921028,2.95291726379819,0.612293558442355,5.71114710929449e-11,3.61576302682445e-09
"VSIG2",119.926597662054,3.58564467403227,0.733365544454253,5.78139751266383e-11,3.65029269583544e-09
"APLP1",72.7027429470193,-2.4479789095613,0.442959528053194,5.91640730703917e-11,3.72541256853808e-09
"ANPEP",2753.9229588834,-3.78568690870344,0.840971975696406,6.0050297882615e-11,3.77099640892584e-09
"CRACD",108.279256718484,2.15274035158223,0.375637062357784,6.02769332956333e-11,3.77502572809714e-09
"HCN1",17.2205119456718,-3.88024190192204,0.835821177828441,6.0783941088415e-11,3.79654535265947e-09
"IGKV1-9",53.6384474823975,4.280196795999,0.978996288164231,6.34970612532071e-11,3.94479737491515e-09
"LOC400682",14.4104828095016,-4.70901205261081,0.946337160247689,6.34550980750125e-11,3.94479737491515e-09
"RNA45SN5",845196.501478832,-2.95446532707575,0.628828575705697,6.54847003344853e-11,4.05743203272471e-09
"TUBG2",151.284460265118,-1.57482270841288,0.265901304017902,6.7847994428021e-11,4.19268125142305e-09
"S100A6",4273.35531981704,2.92086424745868,0.597611763626227,6.95206906994572e-11,4.28465052626496e-09
"LPAR3",47.1182962677818,-3.70861922780758,0.763024769466875,7.01115539261514e-11,4.30963480284161e-09
"MYLK2",8.87708298315828,-3.18850729299156,0.582198908932157,7.19240271277809e-11,4.40937934119786e-09
"TRBV7-5",18.1347313419142,-5.59730418386594,1.29653779430968,7.50704804175427e-11,4.59016476974106e-09
"SHH",36.1378540076478,4.1665722442772,0.933543911985657,7.55742921640424e-11,4.60884167567329e-09
"IGHV3-33",75.9245457161268,2.91885099943515,0.562599597408293,7.62872721819763e-11,4.64014337473356e-09
"LINC00671",51.3000739254939,-5.03546024435953,1.32763939672155,7.78272249103921e-11,4.72145057648292e-09
"BCAN-AS1",22.6022461100936,4.35638174379828,0.910810276915043,7.8565158436326e-11,4.753805875698e-09
"PGBD5",61.4071214626771,-2.3998284638523,0.445813232314136,7.93431013556886e-11,4.78481681024359e-09
"107985883",18.1585426515227,-4.63175302726862,0.960781919696488,7.94895325480536e-11,4.78481681024359e-09
"IGLJ2",45.7969245413287,3.64767421824859,0.754122733003791,8.30276725631433e-11,4.98487848063213e-09
"SARDH",84.4996457107037,-2.98481024596472,0.608477278152701,8.64341413288059e-11,5.17602390148145e-09
"SLC9A7P1",28.4072538211314,-2.56763412450232,0.477757141518064,8.95320367472171e-11,5.3477554596956e-09
"MCCC1",298.750709405053,-1.29890301435149,0.215617475250404,9.35009504726894e-11,5.57049893393061e-09
"RNA28SN3",262556.918798217,-3.06093196751628,0.653846678180183,9.6324118779279e-11,5.72401764664079e-09
"NFIC",439.809845772008,-1.44071540910407,0.243291350052631,9.66552509764162e-11,5.72904274601283e-09
"RHOXF1P1",11.9096831260487,-4.28107238951057,0.821731372657585,9.77089030392359e-11,5.7767591911365e-09
"ISYNA1",94.1023586231509,-1.56423981585234,0.266066155231085,1.0025492953629e-10,5.91224184714647e-09
"ADAM8",109.247371392884,2.19969038179474,0.401298197558934,1.02036939280018e-10,5.98694011154349e-09
"ZBTB16",605.261960946675,-3.1017223180824,0.653644693931583,1.01962635846429e-10,5.98694011154349e-09
"TMED6",152.249993050867,-3.26425421494302,0.687748568322399,1.04115235148519e-10,6.09349493369227e-09
"LINC00339",111.625087629972,-2.18641884177209,0.400087541878443,1.06002405531845e-10,6.18835651390054e-09
"IGKV1-5",114.355497747229,3.12391703308063,0.631752384037508,1.08067543655209e-10,6.29310620759091e-09
"FKBP1A-SDCBP2",94.5924739612593,2.03620371877555,0.361540119968353,1.08498833547945e-10,6.30242599371624e-09
"CGNL1",308.019967759703,-1.79369813034782,0.317373462073377,1.10465264436431e-10,6.40064942439019e-09
"SERPINI1",74.3693609508051,-1.92956709008904,0.342094110393443,1.13077427041565e-10,6.53570651072328e-09
"COL28A1",111.945193892869,-2.7631860980555,0.555845862714756,1.14015827129989e-10,6.57359241529851e-09
"KCNN2",18.9190553109121,-2.45210948505852,0.43763184876964,1.19221830451584e-10,6.85673076866971e-09
"S100A14",260.753804993849,2.79417609469836,0.588071695718313,1.19983215953552e-10,6.86861312128865e-09
"WNK2",362.344824422048,-3.45172095429482,0.823211306637587,1.20019665472055e-10,6.86861312128865e-09
"ZBP1",16.2687840642502,2.61706919339995,0.446402626562388,1.2089222101426e-10,6.90154976723915e-09
"TRBV12-1",11.7738975822841,-5.86130459591808,1.23674948454761,1.29406901838961e-10,7.36953275546141e-09
"LOC112268081",18.860912890849,-2.65796938769157,0.479844242904735,1.30808715061011e-10,7.43115035316034e-09
"TRBV7-6",20.1375323571159,-4.7827597214249,1.12647360273502,1.43167727130757e-10,8.11341985337353e-09
"H1-3",106.432669303032,2.61153091575362,0.517976419130321,1.4361709489773e-10,8.11908321155418e-09
"ERVE-5",12.5705106711347,-4.80789091117865,1.00482186829943,1.45328408249244e-10,8.17604253189149e-09
"FUT1",114.911251468577,-2.58344909455745,0.503754526761863,1.45029689505304e-10,8.17604253189149e-09
"GPR150",9.90253024362583,-3.1206203812154,0.563526216030346,1.64155464849075e-10,9.21292808156586e-09
"CTNNA2",28.5110233371283,-3.83767174340675,0.811100268518826,1.68252996926266e-10,9.42014068332962e-09
"H1-5",291.660051819091,3.10618394806103,0.710621669595329,1.71808277055226e-10,9.57305831505559e-09
"SDK1-AS1",22.3185859020254,-2.32401303148578,0.417493514412513,1.73532389487905e-10,9.64599298983604e-09
"SYBU-AS1",27.8380597880285,-3.58871572440968,0.738542575181095,1.81153264785292e-10,1.00455754350508e-08
"SYBU",506.602307147814,-2.53745704434859,0.502381378983903,1.88464694855183e-10,1.04261361546671e-08
"LOC107985244",67.2074603540525,-3.50178202087819,0.778832179723249,1.89672702993528e-10,1.04680409835027e-08
"SP140",36.9093361842766,2.0884654544621,0.371616721946795,1.91023253228885e-10,1.05175954710264e-08
"LOC112268022",22.4610997533884,-2.07817397161265,0.368757550940436,2.00072569088199e-10,1.0989801755944e-08
"LOC105369370",40.8004644610427,3.20173309661359,0.613719282839871,2.07665262625005e-10,1.13799584365377e-08
"KCNK1",263.351163034517,2.43178869968445,0.48148232122043,2.09117999639579e-10,1.14326040508838e-08
"MIA",37.7529927465228,4.03469481939657,0.859426966256625,2.16423926162985e-10,1.18042486488191e-08
"NTRK2",397.199658497007,-2.76118270418321,0.558320074660417,2.29028821387108e-10,1.24624933604905e-08
"PM20D1",199.094955504021,-4.19009305853626,1.14766808996832,2.3402627663078e-10,1.27046741530751e-08
"PAH",41.3386305869076,-3.77988476355022,0.862778587926404,2.50649544200678e-10,1.35753896491906e-08
"FGFBP1",29.298202482666,5.04398160863423,1.07022456460448,2.52378463208252e-10,1.36055999829321e-08
"EFNB2",204.929032807401,1.65329225405533,0.292226505976061,2.52091388364681e-10,1.36055999829321e-08
"ZG16B",38.7377267644223,4.99830737117738,1.16709876686376,2.52966467081483e-10,1.36057311635145e-08
"REG1A",26981.6056529737,-4.545118675473,1.35108430025085,2.59631704741525e-10,1.3912418711799e-08
"PCDH1",480.650332068668,1.79668215015793,0.32634307515497,2.59866138193275e-10,1.3912418711799e-08
"CDH3",171.04938523928,3.75217201203466,0.928193285406291,2.62282340414477e-10,1.40094946655871e-08
"HFM1",26.5293333658446,-2.09556356440557,0.381189056297189,2.65085782906734e-10,1.41267618482522e-08
"ABAT",471.701815379168,-2.60624541140245,0.537241038294725,2.67202101141361e-10,1.4206958398214e-08
"LOC389765",73.9333974597371,-1.76344845640972,0.314859107948202,2.70013658578941e-10,1.43174726856844e-08
"ZNF334",71.8236658962218,-1.21171379087036,0.204266942736648,2.70513041059413e-10,1.43174726856844e-08
"EFNB1",119.319264496116,2.27916948596756,0.439289006475928,2.7147693272635e-10,1.43358330270381e-08
"IGHV3-30",65.0204772663103,2.87460047336661,0.581033949890086,2.78172767049991e-10,1.46561093932121e-08
"SOD3",68.8297114458661,-1.90986931190983,0.345754436708501,2.89396543772782e-10,1.51440883596678e-08
"CNPY3-GNMT",157.743014225997,-2.89439224965969,0.62686029307257,2.88808357441812e-10,1.51440883596678e-08
"MKI67",162.111595870339,2.87306691385211,0.599767860812991,2.90041718099942e-10,1.51440883596678e-08
"TRHDE-AS1",79.4907584163398,-3.28766698669282,0.742213246292928,2.88926623175956e-10,1.51440883596678e-08
"UGT1A6",37.7278756885783,5.43080653498282,1.2064715682509,2.9441248959193e-10,1.53378345194361e-08
"LINC01625",8.81815587988209,-3.7115836093614,0.731943105458924,3.04118962782205e-10,1.58080628640817e-08
"SYT9",22.0752516042165,-1.97523870658694,0.354391349592886,3.1063940215198e-10,1.61109520290207e-08
"TCN1",459.479056365237,3.65458633011907,0.86774119817022,3.16983382997967e-10,1.64033605878792e-08
"IGHV4-59",59.9645077795553,3.1118556181999,0.641266913481263,3.21753415314741e-10,1.66132013440845e-08
"CCR6",15.0392793327921,2.81912758793423,0.517856612993969,3.31535218762525e-10,1.70803122127434e-08
"BCL11B",43.2799982314977,2.48232349649206,0.478350668021803,3.3421290912106e-10,1.71801702288226e-08
"GLS2",47.6765097917954,-1.90929450319207,0.348292668977838,3.41602316401734e-10,1.75212578843141e-08
"GCNT3",404.794387086308,3.12851801029506,0.733881888158184,3.46040574211813e-10,1.77098078013468e-08
"FGFR1",664.035093389765,-2.04311851766726,0.385490359061726,3.54207871709717e-10,1.80879558223632e-08
"IGKJ2",42.5480453147867,4.22442507119902,0.948643950907975,3.56403780894511e-10,1.81601794936052e-08
"RNA45SN3",348944.954251606,-2.80195283335449,0.602779216064657,3.57467524953638e-10,1.81745250378507e-08
"DGCR5",36.8972363967774,-3.11378020951183,0.657909656664445,3.60831663718762e-10,1.83055102762128e-08
"HEYL",263.05068281796,-1.74389146677247,0.314582399415409,3.72054255560654e-10,1.87927839738082e-08
"HS3ST1",147.174202777474,3.01103668950154,0.653498512043098,3.7187082228458e-10,1.87927839738082e-08
"ELF4",95.8647699180254,2.08155038591653,0.391509571947028,3.88516055714654e-10,1.95817148688286e-08
"EPSTI1",206.401557780359,2.13990994726698,0.408783097997219,3.99664429531716e-10,2.01000065371632e-08
"KCTD16",86.3474120380601,-2.91378027098135,0.634440655855938,4.10998141901578e-10,2.05085075495742e-08
"NUCB2",1056.27912520206,-2.22949918693805,0.431652822890652,4.09648812579261e-10,2.05085075495742e-08
"IGHJ5",39.7314564062449,3.25463486872894,0.661475909238857,4.09220669046103e-10,2.05085075495742e-08
"MPV17L",200.1162183314,-2.5752293702581,0.538680491212289,4.1131760353353e-10,2.05085075495742e-08
"IGKV1-33",37.7582859806004,3.36189510491084,0.71691170339765,4.16193397137047e-10,2.07071811187993e-08
"HUNK",67.137415877712,-2.63527337562944,0.528216718475701,4.2882840895595e-10,2.12902309446399e-08
"RNA45SN1",431997.516587663,-2.75343874988456,0.607016887373739,4.34327088209865e-10,2.15172492421241e-08
"SHC2",103.001359249103,-2.01765383089542,0.38147124798705,4.51566691776691e-10,2.23237278370881e-08
"TRBV7-7",17.5324801187026,-4.75255645791656,1.10339320397754,4.76123990989631e-10,2.34877726765267e-08
"NUPR1",443.301224139244,-2.46428088656302,0.494820512805705,4.93071257716755e-10,2.42209527971433e-08
"HYDIN",52.3730471335508,-1.89958426736312,0.350308417035862,4.92730455838726e-10,2.42209527971433e-08
"ISG20",98.8602796374573,1.85182162034937,0.338548076742061,4.94715186355753e-10,2.42504374577551e-08
"LINC01559",75.3076473092634,4.60382327056838,1.07014453726886,4.97564771511489e-10,2.43387736127778e-08
"MZB1",17.2708136315023,2.77654687855473,0.505934292944522,5.03036210128481e-10,2.45547192065867e-08
"DPEP1",394.591903457744,-3.60462556659964,0.955672236714653,5.44170599356823e-10,2.65069263648968e-08
"CFTR",3606.56913912976,-3.44317965098232,0.853236177224339,5.49750285042065e-10,2.67226942948794e-08
"SYNE1-AS1",18.3575035811853,-1.54981543499326,0.267458937281834,5.58900552801828e-10,2.71107606353872e-08
"GBP4",193.362047403058,1.62960571357774,0.294934353112835,5.70917047799753e-10,2.76359533450568e-08
"FERMT1",239.883104966529,2.28617887718316,0.456280448077199,5.87712251281547e-10,2.83898007453778e-08
"YIF1B",207.643142220811,2.26622195739693,0.442063212530169,5.92539727463616e-10,2.85636111361351e-08
"BCAT1",1246.40770541941,-2.46715727524263,0.502296076508785,5.93841264595136e-10,2.85670844365797e-08
"SAMD9",405.033493503968,1.97075271370005,0.377711305394681,5.95520372228299e-10,2.8588669108935e-08
"LINC01133",48.3191900078233,3.95993306718295,0.936076725145323,6.05031814818534e-10,2.89853901387807e-08
"LIF",125.052130204189,2.04754490551297,0.390119717114624,6.07472390225391e-10,2.90424300141707e-08
"DLK1",23.7927687292697,-3.47174369588985,0.74312843129585,6.09739916432053e-10,2.90909793804903e-08
"AHNAK2",757.436146976682,2.98656584953673,0.680020488015649,6.20095720785727e-10,2.95244345747057e-08
"107984298",11.7961582015111,-3.91158156651432,0.913389360831461,6.25610830009429e-10,2.97261096835768e-08
"LINC01354",13.0454739874652,-2.7026769480769,0.517469169684762,6.3979020794051e-10,3.03378071050974e-08
"PTPRS",418.162523865528,-1.84285061529757,0.340283107802095,6.47034207984706e-10,3.06188183758139e-08
"PROX1",340.569288394004,-2.53560162075108,0.534833676852984,6.49953764847212e-10,3.06944628581808e-08
"TBC1D2",91.0513680858247,2.23921356287132,0.436281128014185,6.59892479546609e-10,3.11006120938447e-08
"LEF1",44.193466233701,3.98571362023955,1.06965204541204,6.61441558253183e-10,3.11105153967868e-08
"LOC107985317",10.1031545975634,-3.89255916655445,0.851346119987932,6.8123281919957e-10,3.19766556648526e-08
"IGHV1-3",25.0436468026538,3.97721964214699,0.778396714134392,6.83241825100483e-10,3.20062979963906e-08
"TMEM154",95.6447280836086,2.33494183808737,0.473125351136313,6.84736845686221e-10,3.20117919708639e-08
"BCAM",116.198822541634,-1.54446713887042,0.278302258381828,7.01095660114338e-10,3.27107583589491e-08
"PLEKHH3",150.809991816383,-2.17174927270262,0.437133661290466,7.14336469286153e-10,3.32617392061398e-08
"F11-AS1",26.253542150595,-4.13003206460437,1.10574592168753,7.22510744199757e-10,3.35750742829627e-08
"IGHM",347.323742090317,2.76935982721719,0.613039478264133,7.35145968690949e-10,3.40940450749186e-08
"FCRL5",13.6897051221185,3.60941326146808,0.724106000537556,7.42156903846344e-10,3.43506288065136e-08
"STC2",117.999879054393,-2.41665903357365,0.497628969480971,7.47791188206426e-10,3.45426009104897e-08
"ADCY1",87.5980828318932,-2.30258176501049,0.455557780978395,7.77290832126309e-10,3.58340327072516e-08
"TRBV10-1",9.89211583871825,-5.19097782971882,1.07370077124799,8.03092212698645e-10,3.69501931921842e-08
"UGT1A7",22.16682246378,5.98940906347333,1.27992018662405,8.27469599624218e-10,3.78469609198203e-08
"LOC105370286",6.80215219113074,-4.2514033046551,0.840770893228206,8.24345000301702e-10,3.78469609198203e-08
"GOLGA8B",1354.63990002326,-2.29185440224915,0.469723820842663,8.25985470136634e-10,3.78469609198203e-08
"UBE2C",26.7273764064771,4.28850226566776,0.87649401817216,8.38983822731675e-10,3.82982104541659e-08
"MUC4",141.468064164647,3.34843929604191,0.765074663458497,8.56621530246406e-10,3.90266691279907e-08
"ADGRF1",120.831785739643,4.61073727174833,1.29458349459462,8.63301453687436e-10,3.92540298951616e-08
"LOC105370928",105.865311749411,-3.0558356942157,0.6925536545944,8.75017552669984e-10,3.97090485083732e-08
"IGKV3-11",75.5620163208327,3.83102498138462,0.880180301340341,8.83040026046026e-10,3.99785063430394e-08
"PRR15",50.8354906451166,2.55732937927759,0.500790321600426,8.84396482045288e-10,3.99785063430394e-08
"CFAP91",97.06697534503,-2.25597374451043,0.449904218891318,8.94530249318051e-10,4.03107546194661e-08
"TMC5",593.362399470921,2.88010737592738,0.669851108024856,8.95216242033333e-10,4.03107546194661e-08
"IGHV3-11",29.4928324392306,3.29286503126587,0.700438128686401,9.51460193956717e-10,4.27604982719232e-08
"TRBV10-2",10.2021554777059,-5.34877830517678,1.13192897660446,9.55096826231701e-10,4.28410709604123e-08
"IGKV1-12",28.5913026512586,3.5179905562223,0.738353726251988,9.85241067558512e-10,4.40232234706193e-08
"LAMC3",29.3713304263029,-2.15727610880957,0.417255156873063,9.84809918888556e-10,4.40232234706193e-08
"UGT1A8",21.7668156938222,5.97664790906906,1.3093452145712,9.8768601344844e-10,4.40477629989914e-08
"REG3G",275.256930550044,-4.88384947482541,1.80661650207771,1.00508812876292e-09,4.47379744670622e-08
"ITGB6",1028.42662681353,2.92903227783602,0.695933766384517,1.03659388620471e-09,4.60521203555763e-08
"SFRP5",161.256281396456,-3.46349137556329,0.866391901567218,1.06169221650899e-09,4.70771348293635e-08
"BIRC5",46.1439728381608,3.21837112981905,0.685998448555781,1.09393049577527e-09,4.84142382273113e-08
"OGDHL",20.2712426351218,-2.82744779610263,0.578799859444353,1.14659465158157e-09,5.05556901899301e-08
"RNA18SN1",299445.443139068,-2.92128131796054,0.717616850358395,1.14666876393773e-09,5.05556901899301e-08
"ENKD1",74.7414763631757,-1.81469631715871,0.342497040920654,1.15707992937548e-09,5.09180912103015e-08
"HPN",139.072432143651,-3.3678463324032,0.831090221125156,1.16070739668944e-09,5.09811651457071e-08
"EPCIP",25.5507601363864,-2.53356181533121,0.517456103657059,1.18205597410182e-09,5.18208878457659e-08
"S100A16",247.210511396216,1.92148265408657,0.372999999864501,1.24535606001799e-09,5.44931225132164e-08
"RNA18SN3",55839.7476358823,-2.9509946173979,0.746088192580262,1.33161380815371e-09,5.81579827677658e-08
"PRDM1",143.416215444648,1.76143434104663,0.333083311064319,1.3661281552351e-09,5.95534478178004e-08
"PLAUR",170.394307814308,2.19054417514069,0.441928960968663,1.36974368568276e-09,5.95992407056907e-08
"ARHGAP42",189.408912585665,1.41337336614723,0.255609683955184,1.38241437174614e-09,6.00381269673302e-08
"LY75",236.989492734565,2.1347527220702,0.430770345548326,1.3975341707917e-09,6.05815418998977e-08
"DEPDC1B",28.1344870558445,2.85428829441256,0.579507116213164,1.41164206340825e-09,6.10791496150667e-08
"MMP13",61.4094741574148,5.34201367284342,1.37394916063537,1.44182471525775e-09,6.22691398866427e-08
"INS-IGF2",2179.81166818115,-2.65885256312318,0.605719931439851,1.44902540088901e-09,6.24640170494548e-08
"ANKRD20A8P",14.1925550014823,-2.82590085181348,0.574147647917445,1.45766167287267e-09,6.27199425355489e-08
"IQGAP3",62.4973288544324,2.78228860536174,0.608019891263968,1.49068993781719e-09,6.40225151666956e-08
"TRBV6-7",16.3301406130796,-5.04040374289667,1.25653421147078,1.49696827225986e-09,6.4173538387376e-08
"FLRT2",797.728741832008,-2.32334146740562,0.485265405014314,1.50693365833417e-09,6.44817744961222e-08
"EXTL1",21.2167498834029,-2.28090051786559,0.440864167424735,1.52384893309589e-09,6.50857168391232e-08
"BANK1",40.5050333986502,2.42082168747146,0.485764051795145,1.53970887058959e-09,6.5541063442438e-08
"LOC102723862",14.2711753749334,-3.07612050642964,0.673810032488475,1.54015152311475e-09,6.5541063442438e-08
"BCL10",251.241909649792,1.33773381244941,0.242082051921544,1.54895238090307e-09,6.56794151006844e-08
"MMP28",99.6999568042986,3.31493004521251,0.846651530122854,1.54905614268023e-09,6.56794151006844e-08
"PLA2R1",191.071720198609,1.84217680768466,0.358033730447485,1.55428849498548e-09,6.57812261948774e-08
"LOC107984215",15.4362618793686,-4.07690901380309,0.868481028953059,1.58732010252575e-09,6.7057059240338e-08
"KNL1",93.7793778913194,2.45272274406918,0.516687955300874,1.59351580328919e-09,6.71966237557612e-08
"OR8D4",10.7067104478804,-7.36149732525399,1.81884619687753,1.60010952498665e-09,6.73524362555524e-08
"IGKV2D-28",53.8274744220761,2.82039629596386,0.577957332655095,1.63076274322887e-09,6.83556616090052e-08
"TRBV5-4",15.5366673078166,-3.84044057517501,0.896838508499737,1.63088662183948e-09,6.83556616090052e-08
"TNFSF15",35.8431072885658,2.4582828192393,0.486245646813502,1.6327691927264e-09,6.83556616090052e-08
"IGKV4-1",109.826599458996,2.89762683380434,0.669427900415843,1.70577055705507e-09,7.11872929054446e-08
"HRH1",76.0027978920701,2.71000935401318,0.602446659354269,1.70653420048774e-09,7.11872929054446e-08
"LINC02347",11.2286116681983,-4.79703435431881,1.07537814834834,1.71312050509025e-09,7.1333969418946e-08
"NPY1R",91.7219893469009,-2.46917758533836,0.513410083653227,1.75826789468907e-09,7.30829240305912e-08
"SYNGR1",49.0701663481228,-1.63986189090174,0.30460710115452,1.77462988765564e-09,7.36312954279978e-08
"ASPM",121.92681619317,2.68081943850612,0.616344068900657,1.78767947440744e-09,7.39087768467204e-08
"LONRF2",238.981162048,-1.93841035143364,0.380152996884313,1.78660090339347e-09,7.39087768467204e-08
"TRIM50",23.4371817757178,-4.38839405593132,1.14729100224677,1.80375765149697e-09,7.44410462389557e-08
"105379383",13.6898017363226,-3.5159926705899,0.770196251180282,1.8171587532221e-09,7.48611411899212e-08
"LOC105369474",9.30906962695691,-4.63625591925836,0.974286480068324,1.84950436573561e-09,7.60588211289679e-08
"IGLV2-14",65.6309993277075,2.79371981821791,0.597809312407133,1.89827518183014e-09,7.79265439042813e-08
"TRBV6-6",15.9989235741319,-3.81881725952054,0.924115585591806,1.90766608245812e-09,7.817393549544e-08
"ATP4A",39.9740637359227,-5.55618974651287,1.72143548782123,1.94879734735083e-09,7.97188492353814e-08
"RPH3AL-AS1",11.3236233411226,-2.20722154084679,0.419790315861791,1.96957393674546e-09,8.04271536384549e-08
"TRBV12-2",12.2411421330343,-5.22744479026997,1.10485068269587,2.00279031496114e-09,8.16400578388107e-08
"BCAT1-AS1",38.5673043521478,-2.04425178721938,0.396950238991139,2.01047390824915e-09,8.17041150090377e-08
"IGLV2-23",102.767870585875,2.80745602474879,0.589141619835327,2.01139461093908e-09,8.17041150090377e-08
"TOP2A",263.325111910318,2.80148848487819,0.660684287840641,2.10582426770303e-09,8.53906227924606e-08
"SBK1",5.86908798969493,-2.1766502467637,0.394940459335904,2.16061689040868e-09,8.74598143704627e-08
"RNASE1",2499.27709755377,-2.54539642573327,0.565157325857916,2.30567239510846e-09,9.3142723540782e-08
"ICAM1",257.28185829972,1.56885125372901,0.29384778014305,2.30902555452939e-09,9.3142723540782e-08
"GRIP2",108.349786697831,2.07944563898245,0.42329577587619,2.40052620853634e-09,9.66659037354278e-08
"SEL1L",4927.68423372445,-2.23902209860585,0.471937931009927,2.44199763146041e-09,9.81657698390705e-08
"ABHD3",153.891040687687,1.19587266508935,0.215353743238918,2.48060978368243e-09,9.95457138581368e-08
"LOC105370732",6.97604048471445,-4.18423236951556,0.896046875819782,2.48519753370604e-09,9.95578701649307e-08
"DDX60L",360.132165343026,1.28955897939648,0.236017213298368,2.53401365123111e-09,1.01338738702848e-07
"SMIM10L2A",19.5717327578269,-2.31387451130659,0.463753883144331,2.56862044705107e-09,1.02546213208302e-07
"CRIP1",259.747696323245,2.23409364593308,0.476696059605911,2.59059892531581e-09,1.03246253910313e-07
"SLC16A12-AS1",10.7811805066685,-3.55319517745609,0.763072278404654,2.60755021864437e-09,1.03743885839387e-07
"TRBV7-9",23.6517333560374,-3.67054262537002,0.902344058506498,2.70728556219902e-09,1.07527829124264e-07
"ZNF853",28.7359079352689,-1.78507884734591,0.340055293826062,2.78876530469599e-09,1.10575020229712e-07
"OAS3",167.08088506568,1.87467245546528,0.369965486363282,2.80866984253019e-09,1.11174520938993e-07
"MIR4260",16.9787287816881,3.49067791315265,0.770737745174722,2.87794932878139e-09,1.13723048731693e-07
"SCTR-AS1",65.2654281084312,-2.97489335150515,0.670311342350213,2.92512381386324e-09,1.15232321172135e-07
"PAK5",12.8971336411569,-3.26402543278348,0.722234860823166,2.92606281435591e-09,1.15232321172135e-07
"MHRT",8.57466678921995,-5.38931078295476,1.2963523854804,2.96078457714058e-09,1.16402419035298e-07
"MYB",12.0725020716074,3.30000680186844,0.650576679437069,3.01024882973796e-09,1.17947945293358e-07
"SLC41A1",261.708392887413,-1.95718081399221,0.394717085315932,3.10594799470823e-09,1.214927637324e-07
"KLB",71.4010542788404,-2.63764154516459,0.588047285738555,3.13383799581494e-09,1.22377690475227e-07
"PRLR",186.061220629596,-2.75137343972505,0.639654174358583,3.15382155762741e-09,1.2295141592529e-07
"MUC12",12.6308732293157,3.91304965302951,0.835235598241816,3.16337039297004e-09,1.23117103987703e-07
"CPA4",19.8470523133179,-2.88695073345191,0.655919522061224,3.18441734192164e-09,1.23522432286393e-07
"ZNF429",191.104683502628,-1.22426721566344,0.223876262171141,3.18142120328165e-09,1.23522432286393e-07
"CYP39A1",37.76614752271,-1.84689392568758,0.360401330409033,3.22510108314286e-09,1.24892039444707e-07
"TRBV6-5",16.6209838915598,-4.08577401108777,0.998470902936537,3.24974824845221e-09,1.2563710574507e-07
"PSAT1",193.571353225676,-2.97008765508004,0.745005630538812,3.28659655700671e-09,1.26850616282477e-07
"PYCARD",40.5066808926526,1.69410852769266,0.31972578384247,3.34421878633039e-09,1.28860569652383e-07
"AKAP7",235.185564519792,-2.11630158444956,0.438942334839271,3.40923588656254e-09,1.30964459688352e-07
"KIF4A",29.9973121244003,3.30636295709066,0.752294991964796,3.41009245153660e-09,1.30964459688352e-07
"FRAS1",343.867439571476,-1.50112977038136,0.287061048416559,3.42469617634196e-09,1.30999691227248e-07
"ZNF704",657.608882022582,-1.53956657094188,0.29588109606906,3.4335619521151e-09,1.30999691227248e-07
"LGALS3BP",687.063132860458,1.68225149635386,0.327080043334038,3.42152382183883e-09,1.30999691227248e-07
"ID1",157.781549341193,1.78600825357314,0.354759453545064,3.43335622466982e-09,1.30999691227248e-07
"PGAM1P5",32.350331794804,-2.24527260414734,0.461720578292182,3.5179458512475e-09,1.33999134186452e-07
"HLA-DRB5",164.424122703452,1.53741113663856,0.292630487438733,3.58307992429098e-09,1.36256730017841e-07
"MDK",124.692333717395,2.34014231378259,0.498704615059104,3.65028491456571e-09,1.38585571878978e-07
"CEACAM5",1860.04714394931,4.08197616052899,1.38619357971748,3.74084918304456e-09,1.41792219849984e-07
"MUC13",447.042104345411,2.99714310693502,0.727581269515217,3.81256600821471e-09,1.44275197395552e-07
"XRCC4",65.090055367813,1.50779623336736,0.283065691666847,3.83219926236402e-09,1.44782357497606e-07
"MMP12",81.3266875547347,4.81727115642023,1.4695811924342,3.85905989218424e-09,1.45560481485229e-07
"CCDC141",188.305126880153,-2.71341058018332,0.633172094302326,3.91184130666214e-09,1.47312208687674e-07
"LMO3",266.824566216259,-2.25304728825804,0.48770892274442,4.13252313574436e-09,1.55370833428835e-07
"MYEOV",64.0930009921932,2.8384581639009,0.643521694066364,4.15657462908065e-09,1.56022635713552e-07
"CDK1",106.888168730532,2.83346118867639,0.670173320440652,4.17269160817083e-09,1.56374983090079e-07
"LOC107984448",8.70815634883768,-4.99709401858541,1.18456924631207,4.31547988734631e-09,1.61206069425228e-07
"MCOLN3",122.4797964744,-1.98409776000821,0.407566656009323,4.32399640853382e-09,1.61264938286169e-07
"DIRAS1",11.917960347451,-2.47167023341013,0.499891986756447,4.42698736327639e-09,1.64841428502767e-07
"LINC02532",162.533117570668,-3.43278875234707,0.95548048956203,4.45102215434861e-09,1.65206868620271e-07
"PWRN1",9.49041150819757,-3.27381985276919,0.677131131308919,4.63290144985452e-09,1.71674383526525e-07
"KRT23",89.0791503654923,3.12708258406363,0.779716290737581,4.64004789561685e-09,1.71674383526525e-07
"NAT8L",18.1495090759519,-2.66099829591658,0.573621571501411,4.71073583719103e-09,1.74012634621834e-07
"LOC100128340",13.7297125404618,-2.2103070920015,0.437592090100486,4.83370088619093e-09,1.78271492207375e-07
"TRABD2A",25.1913269607693,3.28653227215906,0.73166720913096,5.00267357294886e-09,1.84210967460328e-07
"HTATIP2",205.194907424502,1.51893719008361,0.292103992765427,5.04988245760261e-09,1.85655093199995e-07
"GOLGA8N",160.512516356624,-1.7098669839555,0.341322248294726,5.06324469757562e-09,1.85852275747503e-07
"GALE",123.410335806953,2.0176546375851,0.421192936421329,5.11901333203587e-09,1.87602957050242e-07
"TMEM74",7.64426504225268,-2.7986015975964,0.558106033806262,5.21822619370703e-09,1.90338281963552e-07
"TLE2",59.1346596931032,-1.34661381634015,0.252249987745442,5.21675327730956e-09,1.90338281963552e-07
"C6",263.276917941294,-3.2973521131902,1.00989932064497,5.23513208014643e-09,1.90655633044204e-07
"SV2B",77.5058300393146,-2.4763723767296,0.560527149936435,5.3064015773327e-09,1.92948733410525e-07
"TMEM92",33.1799542957638,2.91369853947939,0.629458587029895,5.32872574314598e-09,1.9345772287812e-07
"METRN",36.4468908530097,-1.28462099706033,0.235610214161512,5.38745861243269e-09,1.95284868736152e-07
"EPB41L4B",648.226246659753,-2.5400209299341,0.604842113865404,5.68358795971699e-09,2.0569807826172e-07
"PVT1",42.067508929502,2.51468650061133,0.548030916631086,5.70785143275992e-09,2.06254942519715e-07
"MIR217",10.5340399289216,-5.81880283034888,1.50819406632905,5.88142552739599e-09,2.12197084051313e-07
"ANKRD20A3P",26.1759508908495,-1.70411977062151,0.329827474928574,5.92311048191732e-09,2.13104968888642e-07
"STXBP6",179.989167893504,-1.89865246590055,0.391442859748629,5.92493264050196e-09,2.13104968888642e-07
"CAPG",190.160029111875,2.14948920731018,0.456015036391684,6.03987069319327e-09,2.16903238881523e-07
"LOC105369544",13.6564395009963,-6.56888156466606,1.763098003698,6.30974089931429e-09,2.26245107709209e-07
"LOC105374785",7.10999854997847,-3.06346948680579,0.649397606643554,6.35687461514685e-09,2.2758394712317e-07
"ANKRD20A2P",26.8858228981558,-1.6649150675774,0.322401371529243,6.41480697521311e-09,2.29304677029349e-07
"SLC2A11",56.6369016553774,-1.53807843656667,0.297648155458805,6.7901372129838e-09,2.42348445689214e-07
"DZIP1",287.435728680233,-1.57945506005395,0.306793327766558,6.86805763397273e-09,2.44753556940731e-07
"ABCG1",208.642235199124,1.61362894810255,0.318570290091775,7.14263902578297e-09,2.54148878658603e-07
"LOC102723663",25.7370196648508,3.02788091522293,0.669486599854291,7.31270932956649e-09,2.59802448428865e-07
"PLIN3",170.100743036728,1.10306774626486,0.20376336100967,7.44933062937843e-09,2.64252209425355e-07
"MBOAT2",317.071850406505,2.38144009523656,0.523156945314042,7.55747552261683e-09,2.67272364943686e-07
"SLC16A3",105.333130039197,2.53247401897274,0.573715090131169,7.55710855563702e-09,2.67272364943686e-07
"PTPRE",207.356013111949,1.7486726612188,0.35664848635972,7.81006134184204e-09,2.75785372762462e-07
"SCD5",197.370904445926,-1.8769524789589,0.390624362519333,7.84059886580127e-09,2.76443573060535e-07
"VAV1",41.0234711998391,2.01118147883113,0.408922288154522,8.1522630566502e-09,2.86996715335254e-07
"C8orf34-AS1",5.59404152270837,-5.26908355243149,1.23988205147672,8.27183512533726e-09,2.90765641659926e-07
"RRM2",131.395049279032,2.6087581451224,0.616829153206365,8.38916354657389e-09,2.94195274820132e-07
"TRBV5-5",15.1351369774088,-4.36048219329573,1.09770427191096,8.39472636994825e-09,2.94195274820132e-07
"CFAP97D2",16.6819235332287,-3.63739172509331,0.951015585750647,8.53205332295722e-09,2.98557618914022e-07
"ECT2",237.699349241843,2.20662207900537,0.483466760275433,8.66883387026873e-09,3.02887751843149e-07
"PBX1",633.512323766693,-1.42653143821554,0.281323326226011,8.87156364507987e-09,3.09505677617764e-07
"TTYH1",30.917959649509,-2.22966361108223,0.482458233250309,8.95686991609295e-09,3.1201330209958e-07
"H2AC14",97.8354893498312,3.10212920696861,0.784964950836757,8.97467786509952e-09,3.1216562903531e-07
"DRC8",83.2789769501085,-1.01547042957958,0.186431555664035,9.07451310472948e-09,3.15166385632869e-07
"ERBB4",55.6787888284365,-2.52085781114065,0.595661086839788,9.45886412315646e-09,3.28024937166478e-07
"ATRNL1",72.0243644713176,-2.07879113991231,0.443760167029972,9.48163323167659e-09,3.28324512873332e-07
"MCU",251.0159119815,1.53764922581863,0.305337249864512,9.58110212670846e-09,3.30782924092231e-07
"BATF",13.2058169656562,2.62979428112737,0.549001505248791,9.56889710367014e-09,3.30782924092231e-07
"IGKJ1",62.8672689407021,3.06402153566088,0.731121374618404,9.73317245070241e-09,3.34541807532649e-07
"PPARG",190.169689081791,2.21710159894512,0.504141049183798,9.71551926340618e-09,3.34541807532649e-07
"SLC16A10",611.655130888555,-2.52125458882274,0.602762598145359,9.72472202478082e-09,3.34541807532649e-07
"IGHV4-4",12.572412589477,3.17640367386072,0.63341644489326,9.8180692281263e-09,3.36961356743744e-07
"SYCP2",87.4876674470097,-1.62000795629539,0.325223322755714,9.88033926365621e-09,3.38598352199192e-07
"ERO1B",1786.3010428136,-2.49556991547186,0.605080276498661,9.97277680890349e-09,3.41262841170652e-07
"EGLN3",212.637093624677,2.82502425084196,0.744473166130379,1.00693977668351e-08,3.44062436930021e-07
"SCAND3",18.6829109572473,-2.86218702234189,0.686431971915422,1.0158623972007e-08,3.46601509529489e-07
"NPY4R2",7.2534650420674,2.83887282578523,0.555968042971044,1.0224946554956e-08,3.48352834610561e-07
"IGHV1-2",25.5233652498878,3.25666644337424,0.707696257198991,1.02555692782912e-08,3.48884556634107e-07
"GATA2-AS1",19.7141079282507,-2.00842241686793,0.405520457790513,1.02831733909412e-08,3.49312183828245e-07
"LOC105369688",8.77621178065323,-4.61814061938496,1.14369554198013,1.04249173180338e-08,3.53094684962852e-07
"PLCD3",62.0808802368899,2.13044239394737,0.453625569866685,1.04243768980142e-08,3.53094684962852e-07
"AP1S3",153.000692129561,1.89951970594466,0.400349733210553,1.04626003312571e-08,3.53855194609546e-07
"ADGRF4",13.3970913595819,4.28754767164913,1.40145431553794,1.050735889498e-08,3.54852447565203e-07
"SLC22A3",93.3703289661035,2.54713944895562,0.602350130452733,1.05364348975352e-08,3.55317946072903e-07
"SYNE1",1276.86221049185,-1.32403066416603,0.2575512081294,1.05974012699254e-08,3.56855968850314e-07
"ADORA1",18.8415718585841,-2.08300938841392,0.430017052793884,1.06779493272676e-08,3.59047977741046e-07
"RBM20",58.9095227783518,-2.83101516652344,0.703671750982942,1.10561618694862e-08,3.71228209591782e-07
"TRBV8-2",7.82256140764459,-4.37603384154544,0.946761779988181,1.10844387762666e-08,3.71640598797338e-07
"SLFN13",96.7141985069637,1.33882605421214,0.257510221550578,1.12036029846484e-08,3.75094690703609e-07
"DKK1",87.1793588330917,4.83346448210627,1.76306604660844,1.15123944004518e-08,3.84878394092803e-07
"107985037",10.8489692247594,-2.63804618088947,0.583249633853579,1.15373345841105e-08,3.85158001525584e-07
"CENPF",164.408821327345,2.5986037268576,0.651408985075698,1.16008404668073e-08,3.86722422161072e-07
"TMC8",47.5025907646532,1.80959774371042,0.365903204534733,1.24376934134127e-08,4.14025510688601e-07
"GZMA",26.6408354679423,2.01301367596166,0.404165665794385,1.25879657344949e-08,4.1842830306293e-07
"DPP10-AS1",8.07939943794585,-4.84924101426239,1.27867199349305,1.27482111727069e-08,4.23149552282637e-07
"IGKV1-6",20.8247166371619,3.57767199408107,0.809739898582224,1.27886143134694e-08,4.23885097822341e-07
"IGKV2-28",59.55714443473,2.79711764210025,0.636914536977656,1.29286127747574e-08,4.27268505967946e-07
"PHLDA2",23.1400572708008,3.40822047667874,0.815059383627062,1.29458587562485e-08,4.27268505967946e-07
"ALDH1L2",468.255274508208,-2.06296149835676,0.446623037589768,1.29157700631719e-08,4.27268505967946e-07
"WLS",387.694137609121,-1.00680049605648,0.187954884359751,1.29826296650837e-08,4.2787432662159e-07
"LOC107985034",51.0470690610353,1.9222370020453,0.396960060319331,1.30646367659859e-08,4.29967188750259e-07
"DHRS9",120.197525699279,4.03891030233991,1.13665910814723,1.31418852037338e-08,4.31897740747885e-07
"MROH6",18.90770203135,2.51919167316503,0.545066650369424,1.38153761866465e-08,4.53390205786344e-07
"NPY5R",21.819873563683,-3.37700364911353,0.844073735315876,1.40692772171458e-08,4.61071447306604e-07
"SNTG2",48.8671335356323,-2.80630717131582,0.708572384967996,1.42302384473993e-08,4.65034585548976e-07
"LOC105370092",26.9400312665577,-2.93920978983511,0.76125506057375,1.42264881815921e-08,4.65034585548976e-07
"CENPK",47.0109921776473,2.36633711889218,0.52452971340686,1.46385744499728e-08,4.77706850203818e-07
"IGKV1D-33",20.0450769999508,3.0761160881996,0.686726700907015,1.4733595087436e-08,4.80133354637555e-07
"BAK1",89.5544478584554,1.32895076221349,0.257614415910134,1.52855803847026e-08,4.97423613779504e-07
"CD69",83.2065118191866,1.47254919593965,0.288859224449556,1.55082530300474e-08,5.03963998815598e-07
"GBP2",210.225484837102,1.69950790589273,0.354270459699283,1.56939659835739e-08,5.09286731324498e-07
"KYNU",252.857413976491,2.48650825321218,0.627704608624568,1.58450781869152e-08,5.13473349613632e-07
"POLQ",33.1721474278936,2.07285348326017,0.429457748009844,1.59230585053137e-08,5.15281705252038e-07
"FOXL1",44.2287493699679,3.9455750477587,1.08981023805673,1.60805008919955e-08,5.19652904347032e-07
"MYRIP",73.8947806754954,-2.17904380180571,0.488431515166286,1.64186582320766e-08,5.29843783364306e-07
"CAMK2N1",251.974847154592,2.0391232592834,0.449316196352734,1.69333003988419e-08,5.44937998292371e-07
"UBE2R2-AS1",12.8003290861579,-5.64267666743507,1.47612865525144,1.6914873366572e-08,5.44937998292371e-07
"IGLV2-28",14.432568088982,3.33341314596973,0.720183557229031,1.69807880305411e-08,5.45710387122575e-07
"GPAT3",74.6876087590464,1.78659486295369,0.365853012354212,1.73018889940566e-08,5.55261589470864e-07
"LINC02233",6.51330643689614,-6.59320400332315,1.72989884453352,1.74221033024789e-08,5.58348372735306e-07
"MATN3",183.246924316249,3.27029483961544,1.09124828032332,1.75164653371399e-08,5.60599272876648e-07
"LINC01232",5.26978294836791,2.98598455788833,0.594883370392316,1.77847963430959e-08,5.68404048186841e-07
"CCRL2",27.4517479504263,1.92783672290655,0.392187034915747,1.78903790242811e-08,5.70993072292817e-07
"BMAL2",255.893063265832,2.4890346068089,0.602763595887689,1.82753047502985e-08,5.82478334531119e-07
"HLA-F",257.115675893935,1.39728852433598,0.278148361894856,1.83403919386412e-08,5.83752063964832e-07
"CTNNA2-AS1",6.35303845884805,-6.34730016772132,1.52667432803887,1.87985185588728e-08,5.97515155561436e-07
"FAM177B",105.702660512334,3.134435161281,0.849304172916226,1.88862552328122e-08,5.99483798271027e-07
"ZNF488",12.3385681928489,5.34444532124302,1.17452482825223,1.92173586838709e-08,6.09161431131979e-07
"VTN",37.2514090830914,-2.21287227514105,0.481669289187984,1.9608503041524e-08,6.20713308133257e-07
"SPAG5",41.3782868608531,1.8199490175879,0.374447701801514,1.9640615028828e-08,6.20883932237847e-07
"PCDH17",260.292006625744,-1.23925455113327,0.243734059898689,1.99206919792836e-08,6.28882171384042e-07
"PARP14",857.823357698419,1.02418626254824,0.1955106616532,2.06722677698796e-08,6.51723394346204e-07
"SLC8A2",24.138342952787,-2.69711235062494,0.6241063960691,2.07992917474351e-08,6.54839490178395e-07
"LOC105372323",10.4571434280448,-3.38748621726644,0.819378632432206,2.09324903276109e-08,6.58141289258511e-07
"C5",216.336406267317,-2.43880086046827,0.587694424695473,2.10436375813239e-08,6.60715003945369e-07
"F8",394.75225403178,-2.3766041479349,0.563944674424748,2.10712209134288e-08,6.60715003945369e-07
"LGALS9",86.0657609403507,1.54934714795869,0.313918666427263,2.11238006484305e-08,6.6147103512976e-07
"SP140L",82.8177948588605,1.17917166167792,0.226511840551904,2.13075735875219e-08,6.66327688164295e-07
"LINC02825",5.24802994500479,-3.72644354010158,0.80682285693684,2.17686943799715e-08,6.78920287139112e-07
"NKX6-1",6.18265016971439,-2.94261163060762,0.625008247949129,2.22631545091419e-08,6.93410717184869e-07
"ANLN",141.317487539969,3.08315007211216,0.905146775198357,2.23410994431641e-08,6.94906888302433e-07
"LOC105370222",7.49104499821403,-5.48531183182888,1.34209967620198,2.26431649316472e-08,7.02421811998429e-07
"CD55",2054.54361987856,2.32420108181314,0.558099850933069,2.270896472824e-08,7.03523727280876e-07
"MT1G",513.497186819114,-3.68673990847864,1.21308129428206,2.30637778044164e-08,7.13564417157943e-07
"CNKSR3",371.556184511989,-1.9781304118964,0.43806943397672,2.31178648946533e-08,7.1428668992988e-07
"LIMA1",857.701999486899,1.24038677438167,0.24519565198776,2.32976848777976e-08,7.18886730591804e-07
"VSIG1",345.293524495773,3.8340477410461,1.10685071126444,2.34023090838301e-08,7.21157362815375e-07
"CCKBR",52.4761425452375,-4.97578042994377,1.65481729179787,2.34376196334413e-08,7.21288863818555e-07
"C1GALT1",449.819896673813,1.38133514017415,0.279256784244063,2.34887536458132e-08,7.21906337249297e-07
"ADHFE1",72.2637123071726,-2.06565747439767,0.462233406928968,2.39680865496648e-08,7.35665113581852e-07
"SLC25A21-AS1",19.62348057227,-2.01462136473497,0.424473883607785,2.40234344632405e-08,7.36391160624529e-07
"NBL1",186.109908725961,1.72087186663197,0.364064048258275,2.40766226432224e-08,7.36786547418094e-07
"LOC158434",13.1432572446813,-4.29661171107765,1.25355066969663,2.40997536491393e-08,7.36786547418094e-07
"RPH3AL",133.981227407928,-1.81625265945158,0.399255662885073,2.4146653336148e-08,7.37250315723258e-07
"PLAAT4",106.643516234911,1.86857381859807,0.402740722833533,2.42257275194728e-08,7.38693935583923e-07
"LOC112268267",96.4765318852446,1.52369606459538,0.310791598963868,2.42750897415935e-08,7.39228977910779e-07
"FER1L6",305.559648516281,3.23322857030868,0.96929861494653,2.43371626113637e-08,7.39657796558373e-07
"PDCD4",2234.58053191187,-1.98530868126611,0.440073543572299,2.43528390087005e-08,7.39657796558373e-07
"LOC105374598",15.2746446653518,-4.17007166619529,1.01088751225786,2.5367595751479e-08,7.69472698806286e-07
"CAMK4",120.870729275177,1.54134438819248,0.318262444794014,2.55625946213426e-08,7.74376644102863e-07
"CENPE",69.6530842127245,2.1286540047875,0.489060186526146,2.56437115491629e-08,7.75822445110416e-07
"AGR2",3603.756469825,2.89765231858395,0.854947335401904,2.58338523227477e-08,7.80558593912929e-07
"BIK",40.995592683688,2.66043400904361,0.651349517532184,2.62787040098894e-08,7.92968425545169e-07
"SH3D21",50.5007260568504,2.51379680382128,0.58762453703175,2.63497078042349e-08,7.94079715734629e-07
"LOC105374458",11.2408197773373,-4.01705148582045,1.06511636030961,2.69911202023826e-08,8.12355800391657e-07
"LRRC7",26.1780707473685,-2.08775436497647,0.466379378031343,2.7411754825425e-08,8.21822094669354e-07
"TRBV11-1",11.9229403973983,-4.83532570554444,1.3226957555815,2.74012787278388e-08,8.21822094669354e-07
"LOC105372061",11.376073669008,-2.11072310904653,0.441206325584731,2.73414994686329e-08,8.21822094669354e-07
"PNP",257.278954727778,1.593958187424,0.333993171030703,2.81523909057044e-08,8.42939178729434e-07
"CARD11",63.4910716428816,2.23406940018804,0.504950875585083,2.89550709537768e-08,8.65857237594599e-07
"MMP11",480.443888193047,3.52149672645656,1.3439910538481,2.90019312493543e-08,8.66143795088364e-07
"IGFN1",118.776242622374,-2.83608812630123,0.81740969685866,2.93838844415601e-08,8.76424332477083e-07
"OSBPL10",87.3017301272575,1.8333204544127,0.393672718799037,3.03914073420513e-08,9.05313268708414e-07
"PCMTD1-DT",46.9606368419437,-1.69148722449559,0.35542728004515,3.05130598231228e-08,9.07773297042585e-07
"SOWAHC",164.902385997462,1.1922396316457,0.234192292856596,3.09722875437027e-08,9.2025716250375e-07
"REG1B",2137.5783588668,-3.70544983245648,1.5433632933642,3.10807977041148e-08,9.22301832254288e-07
"SGPP2",146.434148128834,1.47120730264977,0.301999929150478,3.15751998645921e-08,9.3577776639515e-07
"NRG2",11.2641820871678,-1.96845863186481,0.400759178690016,3.24740908030477e-08,9.58749046771045e-07
"PSKH1",198.653298698939,-1.8401172950223,0.402985942698436,3.24439383330208e-08,9.58749046771045e-07
"TUBA1C",454.875139160389,1.56386934653108,0.330674894582983,3.33681651406507e-08,9.83895072389618e-07
"CCDC158",13.1447610585467,-1.71664958638604,0.347791448539313,3.34665648295027e-08,9.8554579697528e-07
"CNIH3",39.2283848466766,-1.80149582894156,0.38953731805608,3.37751086087926e-08,9.93372972816832e-07
"MKNK1",667.470750426192,-1.87370189428445,0.42032084623764,3.40481779124821e-08,1.00013832338372e-06
"CFTR-AS1",35.5199383087265,-3.21654971829275,0.938473518115417,3.43079577385299e-08,1.00649671471558e-06
"AQP1",801.844400274552,-1.78778108374963,0.395450032322463,3.44674229807562e-08,1.00989983979555e-06
"MGC70870",33.5453617962447,-1.53944329021233,0.31408866107118,3.46533845671013e-08,1.01279420178188e-06
"NDC80",22.3209802583406,2.76188371641382,0.661953505821469,3.46336257224324e-08,1.01279420178188e-06
"CCEPR",14.0324053521945,-4.56325496154684,1.3657612688448,3.47768777109344e-08,1.01512657489141e-06
"PTENP1-AS",4.06439525002086,-3.35946493333248,0.711712800570398,3.52683545177534e-08,1.02732717451969e-06
"CBFA2T3",43.3665159304162,-2.33045367340713,0.57214559720969,3.52832832049369e-08,1.02732717451969e-06
"GABRP",264.649230553997,3.22938829324017,0.963955827800562,3.54629314016451e-08,1.03126559589139e-06
"IL22RA1",289.858239710656,-2.54826966499664,0.671923342028527,3.56899309731506e-08,1.03575302065335e-06
"MIR936",7.63884970132613,5.4973895720896,1.38099543286168,3.57063985170361e-08,1.03575302065335e-06
"BLM",22.0703945343663,1.89065868747912,0.390278204485539,3.66634889988134e-08,1.0621897342736e-06
"SYTL2",458.872427564066,1.81826225544065,0.40438462537566,3.69777083542103e-08,1.06995897087183e-06
"IGKV1D-39",46.8693047501208,2.59712377188654,0.622661781611418,3.79690731991515e-08,1.09727788032622e-06
"IFI6",258.552712721485,2.19617655080949,0.533605760619137,3.81734041477042e-08,1.10181247872287e-06
"CDC20",22.9670339829264,3.00702204293263,0.69132891340383,3.82972580765749e-08,1.10401587023476e-06
"MAILR",20.6983376371279,-2.14394626574912,0.481947083012546,3.85324853796579e-08,1.10942044336599e-06
"SEMA3C",721.429386833768,2.2391296814004,0.560707747878642,3.89294795894527e-08,1.11669933118634e-06
"MMP1",437.672783428337,3.62238622444479,1.13474032625133,3.88744150892299e-08,1.11669933118634e-06
"LOC105369919",60.6703464084149,-2.36199269250629,0.580157218201674,3.88845285338885e-08,1.11669933118634e-06
"PPP1R9A",377.28074345496,-1.68604240888238,0.368141741850042,3.92159530909275e-08,1.12352980279618e-06
"ZNF860",22.7241974835295,3.05271987331518,0.802384385448566,4.14609165796773e-08,1.184925457231e-06
"FAM83E",46.1926097329024,2.73406896961516,0.659179325290883,4.14131222311853e-08,1.184925457231e-06
"FCHO1",12.4610390553029,2.45095069726008,0.525507826348198,4.22719589018006e-08,1.20662035022523e-06
"CNIH3-AS1",16.5292852010192,-2.39644639575954,0.56488211045288,4.23947070978398e-08,1.20863928762982e-06
"PWRN3",7.18221656857747,-4.34640934395088,1.08148897482164,4.26244427909023e-08,1.21369966696889e-06
"FAM161A",52.9143326841281,-1.28513133691983,0.25762234162871,4.31159742167519e-08,1.2261929754299e-06
"SNORD148",12.6390401397171,-4.10671793094652,1.23966976802879,4.32263501176287e-08,1.22782915034609e-06
"MMP3",52.3771056735445,3.90823985317735,1.24831200236489,4.35357772670506e-08,1.23510840634911e-06
"LINC02257",6.30596650154851,4.17348948722001,2.90141119451885,4.49577453756781e-08,1.27389416317547e-06
"ITPR3",434.091583707161,1.43320845315912,0.299572585616684,4.53611373121835e-08,1.28375886169133e-06
"S100A10",667.221124319991,1.56880558390094,0.336202616911571,4.57558652240794e-08,1.29335465752006e-06
"MIR216A",12.1695480837999,-5.49860797780701,1.38933781428676,4.58858192357529e-08,1.29545201694134e-06
"ANKRD20A1",24.7370785175016,-1.67700559607686,0.351670258477669,4.59798671670735e-08,1.29653181265407e-06
"CSTB",171.774634764388,1.63691615917017,0.35354672697985,4.65364723995925e-08,1.31063628630852e-06
"GPR27",12.9103844022682,-1.50881464660967,0.300926418092,4.68790693749101e-08,1.31868665487414e-06
"TTLL11",50.862004228456,-1.32401686477277,0.268309453300761,4.70057718519828e-08,1.32037902122408e-06
"BLACAT1",14.4625630984088,4.63623426664532,1.30417903324259,4.76194171467594e-08,1.33466484608559e-06
"MICOS10-NBL1",209.09146280412,1.43979938707385,0.30097296127415,4.84889926923127e-08,1.35739969301914e-06
"CLDN3",53.6236683071093,-2.82412379803562,0.812969945250946,4.86621208574482e-08,1.36060695321638e-06
"IGKV1-39",58.8678170272944,2.6184665286339,0.650099327967952,4.90405992658131e-08,1.36700237648515e-06
"FREM1",206.132393032505,-2.54849275991364,0.682183853358609,4.9067354507795e-08,1.36700237648515e-06
"LYRM9",55.7495507967669,-1.36327128501919,0.279115569618521,4.9027761230337e-08,1.36700237648515e-06
"CTTNBP2",96.8330844206551,-1.84972530111443,0.414411861930716,4.95531007713947e-08,1.37888179212378e-06
"B3GALT1",5.49813371286096,-2.41975447375351,0.5044856871334,5.05584487297787e-08,1.40517411033063e-06
"TCEA3",357.19073614788,-2.21413225393802,0.563664459460501,5.11123329142924e-08,1.41887103376772e-06
"IL1A",22.3217186785585,3.6123443175563,0.889485857496897,5.12364548635618e-08,1.42061936605592e-06
"STON2",191.448591737386,1.82749823416469,0.411236311594837,5.23347789806842e-08,1.44934277665816e-06
"EPHB6",69.4272603954096,-1.60445036033185,0.342739098631074,5.27036085460602e-08,1.4578194578187e-06
"CDKN2B",107.26455980008,1.80702532495901,0.40644332916199,5.2967879249684e-08,1.46338724657123e-06
"TMEM131L",372.57163692027,-1.80723741487619,0.40807423881482,5.49926968207564e-08,1.51572397465039e-06
"ZC3H12A",143.541865804902,1.15598772740463,0.230656148664211,5.51651102181927e-08,1.51867456862524e-06
"APOL1",382.480168226173,2.18340811467024,0.52398747616079,5.54360949926181e-08,1.52432860018164e-06
"FOXP2",101.962080598556,-1.95430715586653,0.447294773132425,5.56625808836579e-08,1.52874712391465e-06
"TNFRSF14",134.504793491051,1.11483610058382,0.22099993630775,5.59338178961269e-08,1.53438283213283e-06
"H2AC13",103.174916597598,2.73890989375361,0.762158169575715,5.6966654624476e-08,1.56087290117889e-06
"JADE1",591.87775209443,-1.72331329759417,0.381789577956155,5.94632246579214e-08,1.62735927553216e-06
"GBP3",208.419960713739,1.59511001663898,0.346424453395576,6.076810026563e-08,1.66111389373166e-06
"SOX9-AS1",16.265172473195,-2.44631957536975,0.59765592517185,6.14907182340047e-08,1.67889170172397e-06
"SH3PXD2A-AS1",15.4742501054577,2.00998032231258,0.42289751533424,6.22170577703551e-08,1.69672926912465e-06
"H4C12",237.510775364541,2.06621340571286,0.492292524957297,6.24629730049605e-08,1.70143866092644e-06
"ADAMTS14",41.7873853136644,3.17202911949329,1.00764885676736,6.36730752850265e-08,1.73236991129694e-06
"B3GNT6",37.2133024983922,3.77557635057848,0.982330682805065,6.38386383505038e-08,1.73484299657773e-06
"TMEM45B",196.332871477465,2.40942083087328,0.608013929201666,6.49602417317654e-08,1.76326076709996e-06
"ELOVL1",140.744831894105,1.07161814880004,0.213821272210657,6.52883867077693e-08,1.77009995934075e-06
"REG1CP",148.448867746536,-4.05623714356974,2.55272050412916,6.73490792068657e-08,1.82171810869793e-06
"LDHA",1802.16853464406,1.40969163240769,0.299006596367137,6.81807753273985e-08,1.84207013340942e-06
"CRAT",201.688571909149,-1.91300254891422,0.443808363680392,6.86110838885902e-08,1.85154301295168e-06
"LOC105377319",66.0916233821433,-2.02104291733922,0.481530626002437,6.96647950092438e-08,1.87779757777237e-06
"RHOC",297.941964542327,1.29411777255178,0.269468699004327,6.97809218091398e-08,1.87874822506995e-06
"TMEM150B",16.0317905494829,2.73291191687045,0.602891113470688,7.05911479890903e-08,1.8983626429705e-06
"LINC02985",26.9842710280284,-2.22604391520415,0.516174678908071,7.09079770165048e-08,1.90467843465721e-06
"EEF1AKMT3",68.5713598277221,-1.23450976956943,0.251092139621596,7.22693790283714e-08,1.93676934454926e-06
"CADM4",25.4052870997778,-1.32366543112718,0.269386327126023,7.24697287862103e-08,1.93990109256635e-06
"IMPA2",297.734227124014,-2.23672074682312,0.583716373217291,7.31937247398387e-08,1.95702669082872e-06
"MIR29B2CHG",159.960687645239,-1.68142802848308,0.376250426315008,7.36749159036427e-08,1.96762835749556e-06
"ASTN2",58.038254540091,-1.58256303919443,0.343388650783078,7.38908438186345e-08,1.97112945594256e-06
"CLCNKA",8.58205888982659,-2.77686424252703,0.66168351444073,7.4519980320199e-08,1.98297770122033e-06
"LOC107983981",25.3497265829336,-3.24644077075127,1.13800535446778,7.45910269363706e-08,1.98297770122033e-06
"CHST9",88.496390966617,-2.60890535788123,0.725596141135136,7.44575315105024e-08,1.98297770122033e-06
"HEPH",307.897111383196,2.12069022322377,0.510095627910166,7.49820999476442e-08,1.99109610546687e-06
"PLCB3",154.755832142924,1.28164395527648,0.263671054698019,7.5379926159252e-08,1.99709530708121e-06
"KRT15",60.5623977868574,3.25047759106834,0.987781414100393,7.53506874833448e-08,1.99709530708121e-06
"DNMT3B",46.1592952671033,-1.6956919668964,0.373253428527694,7.57893580410787e-08,2.00565573358139e-06
"RAPGEFL1",82.4200226628273,1.51588695072046,0.322055022255811,7.59503947263999e-08,2.00763074114665e-06
"FAM149A",100.086519286579,-1.50128525886367,0.32393767375538,7.65705944149004e-08,2.02089856905312e-06
"GJC3",7.12767083121604,-2.76280517261041,0.649328422178552,7.66262810129458e-08,2.02089856905312e-06
"MX1",199.122924493673,1.47326218847532,0.314016432517396,7.78092800052477e-08,2.04977167904981e-06
"TRBV5-7",14.4567731359066,-4.31389828927608,1.30927047577803,7.80755372028007e-08,2.05445651971356e-06
"CLDN14-AS1",15.8704197836705,3.22532858673082,0.839290072193472,7.87010002770183e-08,2.06857210569742e-06
"IGFBP2",828.440042647137,-2.47109288605049,0.659853508510929,7.88136808104453e-08,2.06919307754881e-06
"IGLV3-25",18.2043669362718,3.23095799850318,0.81079882544658,8.04219322335572e-08,2.10903340343872e-06
"VASP",301.477645401453,1.21416306410368,0.251023356573306,8.24082995088279e-08,2.15868865737048e-06
"SUCNR1",29.8290053410154,3.09684046003579,0.810692519902861,8.34760949666472e-08,2.18250745440682e-06
"MUC3A",142.212820891348,2.81232341449897,0.716142114462893,8.35054498372139e-08,2.18250745440682e-06
"MB21D2",49.1800063528434,1.06001890690138,0.210782357317188,8.3605778759473e-08,2.18267446008579e-06
"MIOS-DT",53.1171788724846,-1.93147421198044,0.45480806193282,8.41250781893206e-08,2.18885351817342e-06
"ECHDC3",47.1984855138499,-2.23883844257245,0.54505511541713,8.41035834644091e-08,2.18885351817342e-06
"SEMA6D",163.875028712382,-2.18253879740169,0.524391734102511,8.40519616924802e-08,2.18885351817342e-06
"ARHGEF2",244.424624621714,1.2090225694296,0.249165739658855,8.42626806341574e-08,2.18998141446829e-06
"FLRT2-AS1",12.1033078386104,-2.2506426269307,0.503871524683456,8.48767766266395e-08,2.20347698873739e-06
"RUNX1",579.739243515221,1.92175731011825,0.462060157987186,8.58589206107003e-08,2.22648662989913e-06
"101928216",8.25357346538499,-2.57237576372335,0.582057607886773,8.60113808309551e-08,2.22795366065467e-06
"WDR91",172.854821143491,-1.34863928887277,0.285941995357417,8.78496554287618e-08,2.27303646312615e-06
"SGSM1",42.3834884114366,-1.91871563149193,0.443149935912017,8.80486021790392e-08,2.27564991282533e-06
"VLDLR-AS1",7.08462967365803,-2.47178732115687,0.557328181021582,8.91121169628379e-08,2.3005778195906e-06
"MELK",36.0945132681264,2.46341901271093,0.59206231893996,8.95210135666476e-08,2.30856909014546e-06
"ELOVL6",76.2417998825382,1.72315752473339,0.388061806510234,9.02521817364265e-08,2.32226959318479e-06
"SAMD9L",243.54363788329,1.45408253292007,0.314240249226269,9.01608476241674e-08,2.32226959318479e-06
"H4C11",225.954567820568,2.04534285373681,0.497437475144008,9.12374580565041e-08,2.3450247101138e-06
"NOP53",453.907925896765,-1.48279371799462,0.324401838962372,9.29304497032188e-08,2.38589944624783e-06
"LCK",27.0635123379686,2.2193912679239,0.50773873915474,9.31041148152219e-08,2.38771976570826e-06
"EHBP1L1",236.430745482042,1.53072768177938,0.335702256957948,9.38410136030211e-08,2.40396466490209e-06
"ELOVL2",26.1389876229485,-2.01722571444169,0.458648776691486,9.39540427178793e-08,2.40420945214749e-06
"IGLV3-19",26.470193615042,2.90558098857846,0.683463086880192,9.59066410367783e-08,2.45147503244174e-06
"LOC105373530",11.2102810556118,-3.64072622346969,1.12245382693843,9.60638602636212e-08,2.45279537717059e-06
"BUB1",48.3078496647596,2.7041055316205,0.706157922116669,9.74447990589904e-08,2.48532371694362e-06
"CITED2",161.052487420309,-1.25342711142083,0.262345771403043,9.78460656128899e-08,2.49282163872313e-06
"S100A11",381.189999622822,2.01435552663938,0.488534432154915,9.85451603690618e-08,2.50788258617213e-06
"HCP5",110.430587200172,1.75311599638754,0.395426531564689,9.9117467001768e-08,2.51968746803729e-06
"IGHV5-51",20.0712351933271,2.52972506379763,0.596222831317511,9.98586553626659e-08,2.53575503535688e-06
"FAS",158.047521606623,1.46957395786879,0.319330823941965,1.0020863774976e-07,2.54186429925293e-06
"MTUS1-DT",113.772699507247,-1.51247094766107,0.33093613150914,1.0048341762251e-07,2.54605475295422e-06
"SPMIP1",11.3353636064516,2.0914831909978,0.453094588130704,1.01009706358103e-07,2.55660188151473e-06
"DEPP1",1099.17771954053,-1.74936032427838,0.405872753026777,1.02206146853589e-07,2.584069447381e-06
"CAPN5",153.384714283981,1.88028044013502,0.438329192008817,1.03220540639017e-07,2.60687963233431e-06
"DGKA",181.495295049374,1.09521155347932,0.222649777983214,1.04684376521148e-07,2.64097881484133e-06
"TSPAN15",164.642424856735,1.49717217597452,0.327302267920197,1.05454306740581e-07,2.65751715522494e-06
"MROH3P",14.4828399563696,3.74034331819893,0.940321158931762,1.05710807495155e-07,2.66109492107251e-06
"DHRS12",87.030475259778,-1.5672471803415,0.347366950500646,1.06458296285468e-07,2.67701137899658e-06
"EREG",66.3609201341665,3.19766088590087,0.831483764786223,1.07471745610482e-07,2.69374974030156e-06
"ZDHHC20",791.89058650496,1.21823186141278,0.2551901916121,1.07405803729706e-07,2.69374974030156e-06
"ALDH3A1",28.1840476859563,4.02897044085757,1.06245804899748,1.07441984807276e-07,2.69374974030156e-06
"IGHV3-15",38.3071452854397,2.80880851680446,0.771565976542213,1.08477287422078e-07,2.71602346255603e-06
"CHRM4",12.6741898780536,1.87419294823915,0.388016975635744,1.0885430281975e-07,2.72252930679966e-06
"HLA-A",1764.48707156203,1.42510204140597,0.308949189774692,1.09800269448662e-07,2.74028921658396e-06
"ZNF503",136.336674824282,-1.52439601685256,0.335175505394064,1.09710158573335e-07,2.74028921658396e-06
"NABP1",305.133694614407,1.21760137585194,0.254088028501009,1.10118995346411e-07,2.74529491080885e-06
"ZNF676",27.3576554788124,-1.83628866960317,0.414057593128563,1.1165144769224e-07,2.77753895838243e-06
"AGMO",31.0636597145675,3.15536959279358,0.879268309023732,1.12039260259109e-07,2.78420557446032e-06
"IGLL5",91.9838300610366,2.56350255057655,0.700739191048828,1.12709038958578e-07,2.79785739337882e-06
"GTSE1",14.4366934058678,2.27843802603583,0.51245627066651,1.13713268516882e-07,2.81977352613634e-06
"TRBV5-3",9.12753342940293,-4.70813576978656,1.30328083736081,1.14300904913323e-07,2.8313235881248e-06
"TRANK1",198.198024540548,1.13039494504697,0.232512218970326,1.14772048607479e-07,2.83996650627771e-06
"PFKP",268.683524224442,1.68357356663721,0.381987883628353,1.16750807815847e-07,2.88278960637747e-06
"E2F8",13.5919211266439,2.65336021796023,0.620474688795518,1.17412755756522e-07,2.89605666666963e-06
"TNFSF10",466.23757681439,1.29521483645346,0.276010774837441,1.17990951138666e-07,2.9041522772319e-06
"IGLV3-21",19.2047616866804,3.40929529812661,0.975494514702026,1.17891390468865e-07,2.9041522772319e-06
"LOC107984018",28.7328309949954,-2.51832796393566,0.65332817004486,1.18780317059767e-07,2.92048747818379e-06
"GDF10",25.7685295039135,-3.16731674250986,0.977740595955977,1.19187721204625e-07,2.92740666193389e-06
"SLC25A27",77.7673003827016,-1.42664812401345,0.307750063897823,1.23261202485554e-07,3.01788623788392e-06
"EXOC3L4",22.0593655776621,1.94088133901977,0.423552818499067,1.24340175133119e-07,3.04109891496634e-06
"KIF20B",114.824033141437,1.15400883291094,0.239194384784808,1.2553609393681e-07,3.06712002378736e-06
"HBEGF",132.965319018427,1.45308334488232,0.313569406636539,1.25776635981834e-07,3.06976905151042e-06
"LOC101927262",8.58637385471721,-2.91803732020776,0.748711961070592,1.27079535964325e-07,3.09831376509033e-06
"101928875",31.0927047486826,-3.15075656350428,0.887316196085528,1.27738942478485e-07,3.11112613049015e-06
"MARCKSL1",165.009489251999,1.71547298131751,0.392876406389286,1.29094858402223e-07,3.14085762824675e-06
"DEPDC1",38.5958721529189,2.5242376995313,0.633777380638429,1.29825582110767e-07,3.1553320087277e-06
"HMMR",50.5389239006419,2.71794142195356,0.747879153585404,1.30554752929122e-07,3.16973843710361e-06
"MTMR12",360.618004801391,-1.1844873042853,0.248116097746222,1.31214851207432e-07,3.18243952797983e-06
"STRIP2",59.2947305470961,2.46208818550193,0.658289810518974,1.32989785463128e-07,3.22212478126775e-06
"PRDX1",385.426612623349,1.33457165434944,0.287814245795128,1.33336164606416e-07,3.22715185898966e-06
"PABPC4",891.275976351073,-1.57484271675684,0.354293257473023,1.34801504781479e-07,3.25922264682378e-06
"RAMP1",125.442479059954,-1.97551304861525,0.485013216672474,1.35273366169484e-07,3.26723145836586e-06
"RARRES2",505.265488005677,-1.86265777313466,0.441343750122949,1.36657713416307e-07,3.29723984551182e-06
"ETS2",715.920685148766,1.32507267408208,0.286265119935193,1.3806820540937e-07,3.32781613349243e-06
"H3C12",20.5104195379348,2.70969937604211,0.662193508533437,1.39769102049489e-07,3.36532133276671e-06
"IGHV1-69",29.5561686232118,3.18049790390274,0.846497350334256,1.40381608970645e-07,3.37657006670076e-06
"OCIAD2",264.904188345817,1.90508058332353,0.460165599993324,1.41507357064952e-07,3.40012765398568e-06
"SMIM38",57.7241187754767,-2.33851451091438,0.650852911185769,1.42527927813699e-07,3.42111198631332e-06
"SLA2",42.9051683161104,1.3717510808029,0.290529864669708,1.4526996688979e-07,3.48333093981866e-06
"AMHR2",6.09832674660427,-4.15998312485749,1.26521543331943,1.48740238714982e-07,3.56286540880682e-06
"PACRG",52.1626813094858,-1.81276763263749,0.424969445689868,1.48971976228437e-07,3.56474136732003e-06
"TTC7B",80.2928092040406,-1.13934637898507,0.236606220055445,1.49547654271969e-07,3.5748351306679e-06
"LOC105378816",9.72540631313172,-1.97692141657842,0.44121399802602,1.49702313565012e-07,3.57485432238751e-06
"ANXA2",2901.73114959725,1.29318174382891,0.278859304847224,1.5019259970794e-07,3.5828799324579e-06
"SLC45A3",31.5157980494201,2.20297980115033,0.533773830646233,1.51543205247172e-07,3.61139115273646e-06
"BCAN",5.23141963566095,2.71786455126006,0.591157917010154,1.51925081427312e-07,3.61507816239921e-06
"TMEM19",191.765432891246,1.05876503606052,0.218335563224121,1.52009096822209e-07,3.61507816239921e-06
"LOC285097",30.1946333124506,-2.56834330459559,0.672835083609694,1.54215449968247e-07,3.6600571808092e-06
"TNFAIP2",366.217544639585,1.53263121645486,0.345433717823194,1.54585644932918e-07,3.66509944899627e-06
"BTG2",2037.40116358808,-2.21425466092146,0.587733190173622,1.55126533318896e-07,3.6704327919191e-06
"LOC107986195",8.32187917745058,-1.75649788522993,0.370530409205074,1.54985518542949e-07,3.6704327919191e-06
"RUNDC3A-AS1",6.74593403009289,-2.4084441292158,0.554879396839406,1.57930500291108e-07,3.73297576222167e-06
"GRB10",744.564442643362,-1.9248818112531,0.472975094489869,1.60616321128415e-07,3.78875149382611e-06
"CYP46A1",9.81117248204901,-2.39267999502425,0.580307975284671,1.60610740584894e-07,3.78875149382611e-06
"DPT",224.131053882413,-2.32984236578204,0.65837310404989,1.61142570112384e-07,3.79730995594446e-06
"SPACA3",9.48236727586991,-4.58412257172236,1.33750075977442,1.61668074111326e-07,3.80583353797027e-06
"CD80",25.3976780542338,2.0285313638653,0.467681454651874,1.63159683286745e-07,3.83705996069586e-06
"PARP11-AS1",12.8372177262053,-2.48876884731445,0.604498435089338,1.64732343191546e-07,3.87012739540502e-06
"KIF14",34.4642272957951,2.51249863310261,0.636387251527569,1.67380481579097e-07,3.92836918130335e-06
"MIR587",8.40641404425096,-3.1999937943812,0.811591641326633,1.69221711746596e-07,3.96757464423022e-06
"PFKFB3",433.71799467219,1.04018364587563,0.214821622641687,1.70263781260153e-07,3.98798282014078e-06
"C8orf34",16.8416829331307,-1.76405934117188,0.391992185321014,1.72883949167224e-07,4.04527548731163e-06
"NIBAN1",1243.21578765954,-1.96007165088947,0.46756761060011,1.75291232948746e-07,4.09747665750917e-06
"HAPLN3",35.9258368607915,2.33641406048269,0.587517581886873,1.75640925235643e-07,4.10152452045242e-06
"ARL4A",108.837280726543,1.39935893654689,0.30597587248044,1.75916729895311e-07,4.10384058144333e-06
"PEX5L-AS2",7.45328000803462,-3.94744196125213,1.08067658833056,1.79531645923498e-07,4.18396970213889e-06
"LOC101927055",10.9228199542345,-2.5881022793669,0.639345486868009,1.81702150536465e-07,4.22992369287187e-06
"NAA16",406.994300039027,-1.31009953169514,0.285173099239727,1.81867603579901e-07,4.22992369287187e-06
"JCHAIN",1188.35291597469,2.37375049834486,0.69938714387748,1.84545205269375e-07,4.28176690863661e-06
"IGSF5",17.5816323891116,-2.10154430341352,0.505210918966011,1.84649470301437e-07,4.28176690863661e-06
"TBC1D30",131.26996919849,-1.75917747925493,0.420392286748732,1.84866192959078e-07,4.2825184380899e-06
"BEGAIN",20.3410371998699,-2.27616640341233,0.581640828981191,1.85331985305811e-07,4.28476485430897e-06
"JADE3",92.2288413529115,-1.01823049314161,0.209647049865956,1.85217622297737e-07,4.28476485430897e-06
"STARD4",165.399341918436,1.29112670886851,0.279663736034224,1.86351958990964e-07,4.30406338683405e-06
"KLF11",237.013956910167,-1.27193303564791,0.274498028241033,1.88508302158251e-07,4.34954359547861e-06
"TRIM31-AS1",13.1384176627702,2.95914908187228,0.74587671333066,1.90045934459145e-07,4.37633031432928e-06
"OR10G6",7.04467385075204,-4.95531294386501,1.28579748844342,1.89933049396357e-07,4.37633031432928e-06
"FAM240C",11.1053699953761,-2.98196786429542,0.831237073887756,1.90524190244787e-07,4.38162194370544e-06
"IGHV3-7",105.993783902807,2.90852239377357,0.934706989505323,1.90652885090863e-07,4.38162194370544e-06
"CACNB3",34.8269293763227,1.80465632112638,0.413130108249194,1.92721062097192e-07,4.42477655911883e-06
"WNT11",20.8604124337468,-1.95531455002111,0.461910220943985,1.93917131840298e-07,4.44784260445145e-06
"GSTA4",73.0533770704416,-1.27404588608127,0.274743449381482,1.94668122603224e-07,4.46066452533128e-06
"NMU",21.0073726342576,5.52606298142397,1.51127630308646,1.94899943648823e-07,4.46157654254226e-06
"INHBA",799.555951825311,3.16183637952228,1.26096428794735,1.95881367399414e-07,4.47962949953287e-06
"CDCP1",284.910310249228,1.44190209553438,0.321697200005831,1.97611640360795e-07,4.51475561827244e-06
"ERC2",21.5527326416316,-2.42088895214357,0.637614541667023,2.01168093682745e-07,4.59149376887876e-06
"LPAR5",17.901093331497,2.0009986622473,0.453494483633855,2.01405008802295e-07,4.59238997008963e-06
"IGSF9",21.1079170029362,2.09868106601418,0.470762142868688,2.06670518646637e-07,4.70783284387707e-06
"PDXP-DT",11.1528292117712,2.03931088533908,0.44885510134065,2.07955958292867e-07,4.73247472177745e-06
"GREB1",82.801275655358,-1.66184048710049,0.387796690959442,2.1078091570489e-07,4.79206905714591e-06
"P2RY2",35.5987634351317,2.3065854356501,0.584557121502509,2.11164641945772e-07,4.79610015211146e-06
"FXYD5",93.356913550309,2.17668879247156,0.566591717645322,2.12405488896102e-07,4.81957181103608e-06
"RNF186",32.3198350556582,-3.45917697575983,1.09333370704307,2.13100842847149e-07,4.83063227663757e-06
"COQ8A",343.945123647639,-1.87219828857357,0.472975463619858,2.14396056396084e-07,4.85525572160138e-06
"TRAC",23.5224647559264,1.96657553031862,0.45114122092144,2.15713851609021e-07,4.8803421052927e-06
"NT5E",222.068069431618,1.96863098836996,0.507410611686707,2.16626637913161e-07,4.89622561470068e-06
"105379365",3.7309714742989,-3.85115308300718,0.98022886185843,2.18644365541355e-07,4.93702802075158e-06
"HOPX",180.386901584851,2.32745785723063,0.656235564216374,2.19679762034078e-07,4.95559152510856e-06
"SIGLEC12",5.52869694913262,3.03068063900375,0.676665482027922,2.20773225894634e-07,4.97542764661671e-06
"SPDEF",32.2895909795497,3.4777529641747,1.13721406517477,2.23788011667663e-07,5.02931207190539e-06
"ZSCAN2",47.8128163665783,-1.05991520038916,0.219805079201966,2.23813586500976e-07,5.02931207190539e-06
"PDGFDDN",21.5179122612416,-2.18907311224569,0.551834869147765,2.2495670471359e-07,5.05011500871524e-06
"NMI",93.8215762607561,1.23408979985013,0.265109214780264,2.28025612451765e-07,5.11406863447563e-06
"CHRM3",234.915369667613,-2.43366332902645,0.765709849137895,2.31629273896287e-07,5.1898805968951e-06
"KCP",22.5224727513287,2.65627726522517,0.69206812540807,2.32458309996811e-07,5.20343818186503e-06
"CKS2",107.393611262096,2.40543099862047,0.654755783387984,2.36495689515619e-07,5.28871736852301e-06
"MTRNR2L6",8.83790485761702,-3.69232080930719,1.09046656914829,2.44190486621476e-07,5.45554418908653e-06
"RHOH",37.3295013257845,1.92582795437671,0.460225248178951,2.44590149319064e-07,5.45922393797162e-06
"GLRX",95.3483151515241,1.79225122124446,0.432997761313352,2.45819391799245e-07,5.47762277995814e-06
"CELSR1",128.630777281199,2.14961541020032,0.547885631108681,2.45885972003286e-07,5.47762277995814e-06
"LINC00673",86.5004954944864,1.96795593878145,0.49404868775855,2.47905047366441e-07,5.51731204555484e-06
"GOLGA8T",58.2321009863389,-1.29472205031742,0.282461801621896,2.48824934566772e-07,5.52719632376573e-06
"EPO",4.20326921518487,-4.70138575339556,1.29731422268393,2.49454459993074e-07,5.53588765801248e-06
"SCTR",310.733699213284,-2.57257380206328,0.765280937581544,2.49889306859107e-07,5.54024622602227e-06
"LOC105379169",12.6586858747909,-2.9682945375378,0.873088580216752,2.53491171955399e-07,5.60939750512732e-06
"SLC22A17",63.6187329455615,-1.46093121153912,0.329042722385872,2.54143806221722e-07,5.61848842774663e-06
"SLC7A7",95.8074954315749,1.49737842708006,0.335553591274158,2.55325438319941e-07,5.62854512273609e-06
"CDH22",8.39750675272099,-2.39064853543728,0.538735838283013,2.5497390090984e-07,5.62854512273609e-06
"IGLC1",80.037046732532,2.49569089270668,0.712690247430417,2.55285375201468e-07,5.62854512273609e-06
"ESCO2",33.8394640231087,2.13310822504586,0.513895133727338,2.57061469317529e-07,5.6614438289979e-06
"IRAK2",68.7436886884309,1.6481144802827,0.380839980088618,2.57373981864909e-07,5.66295877711284e-06
"CXCL16",120.488395669157,1.09659087057806,0.232457974662397,2.58993326682315e-07,5.69319767782742e-06
"KRT17",508.124720109391,3.47599679359663,1.46095359019401,2.59753637315712e-07,5.70451395371509e-06
"SERINC2",124.220817367657,1.77518249245638,0.430390453696114,2.61131488682833e-07,5.7239529618355e-06
"SLC22A31",8.9680342819696,-4.25378097568367,1.33039089289141,2.62744649678014e-07,5.75388495312786e-06
"TRBV11-2",11.9717379777656,-3.57996226251874,1.17216231737624,2.63479934851354e-07,5.76455394187497e-06
"LOC105374823",8.55252606741987,-5.28752471047552,1.56006103992104,2.67490950226882e-07,5.83907729534286e-06
"LIFR",773.461480175772,-1.69030667455662,0.407844970514123,2.67640082614166e-07,5.83907729534286e-06
"FAM153CP",23.7999660568155,-1.86885569289804,0.435138488779985,2.67375136573837e-07,5.83907729534286e-06
"GAS1RR",19.8658023809243,-2.60566479529396,0.715451370981028,2.69895625369848e-07,5.882762528582e-06
"ARSL",149.634871972992,-2.29237728860468,0.675894389266818,2.70686752596228e-07,5.89447675405188e-06
"AREG",186.759354798474,2.18761436501633,0.568818480113817,2.72075553726183e-07,5.91917180789125e-06
"LPCAT4",98.1481387613713,1.63404257408273,0.383042347890603,2.84656467614709e-07,6.18130189254931e-06
"IGHV1-69D",38.8885390272266,3.11403102032031,0.897378279047028,2.85893634413912e-07,6.2023703040217e-06
"CXCL12",572.650708530911,-2.12887932323836,0.5801420689325,2.86185081926056e-07,6.20290147252977e-06
"CYP4F3",73.9341899268115,2.29241062676663,0.613852447811926,2.86707259414694e-07,6.20842793336479e-06
"TTK",28.9152304166883,2.75170045967435,0.750002959441938,2.94243354873657e-07,6.36568375278344e-06
"MEIS1",343.243658807289,-1.40598984564705,0.317892351236055,2.99148592241121e-07,6.45977466609892e-06
"PRAG1",55.1290616120508,1.35860066054118,0.29833380753454,2.9966012588491e-07,6.46481246512154e-06
"LOC105375490",10.5655068818637,-2.96584502246798,0.857911853156308,3.05368642300019e-07,6.58185566219011e-06
"ADAMTSL3",174.526026743291,-1.85648781025091,0.468947072231286,3.08092792158526e-07,6.63441707674082e-06
"LOC107986127",33.3830862087998,2.0525958625394,0.486682864599603,3.09622331923815e-07,6.66118044652762e-06
"LINC00261",413.842284988593,-2.52899789238398,1.00908468237048,3.12762138842568e-07,6.72250536170867e-06
"PCDH7",357.8043165914,2.37588046239066,0.710539630050361,3.15877012698435e-07,6.783181506514e-06
"SLAMF6",17.6424987115184,1.80546864900778,0.409607754991447,3.18022736513018e-07,6.82295316978761e-06
"IGKV1-17",31.8296746085481,3.02845745070412,0.838034095229345,3.18637801453763e-07,6.82354775739925e-06
"ICOSLG",27.927139502223,1.30045194351603,0.279432300064674,3.18435533685749e-07,6.82354775739925e-06
"LINC01725",22.3503186324002,-2.28923512435139,0.623024523979105,3.206962785002e-07,6.85499358873243e-06
"IFT20",167.042852768962,-1.30172695190491,0.287044098419817,3.20649259011965e-07,6.85499358873243e-06
"LOC105377498",14.3685061771287,-2.20338545203521,0.537838048932266,3.21369105346927e-07,6.85791230101404e-06
"GJB6",23.7982061952656,4.1177885208578,2.79069462318084,3.25187535261083e-07,6.9318645704507e-06
"SLAMF7",45.5645891009228,2.05493293642059,0.518494564775771,3.30526511225712e-07,7.03921492972448e-06
"LOC105372321",15.3845738274484,-1.55069146749866,0.344057686122372,3.34705718785792e-07,7.11517600730821e-06
"CDCA7",65.4550189404369,2.2685676753205,0.640858485412302,3.35278887219831e-07,7.12084547034075e-06
"GXYLT1P3",7.65602331704042,-2.2068254142514,0.517514773102026,3.38670503474756e-07,7.18630972441641e-06
"CIRBP",886.057715614689,-1.16113858696549,0.254818232521375,3.40955478317249e-07,7.2281939221727e-06
"LINC02041",11.1419049682674,3.94199456698504,1.09986676625459,3.42335799820293e-07,7.25084075553739e-06
"CELF4",17.2247540346353,-1.81408458753871,0.42243152267075,3.44237838482867e-07,7.28448650013608e-06
"SLC44A4",329.053075904344,2.33871336104401,0.694243450605464,3.45957806322483e-07,7.31422168326014e-06
"SLCO4A1",73.9782335232309,1.95837499177786,0.491420271917226,3.52185621222431e-07,7.43912082645744e-06
"CHST6",23.4436674000412,3.63810174380893,1.17710575118757,3.54719034090124e-07,7.48582811724255e-06
"ANKEF1",167.463532063573,-1.63335126493641,0.390427982832033,3.60360670141613e-07,7.59798563588056e-06
"CDCA8",17.5729464817515,2.34278536099487,0.594929540669206,3.61458579451163e-07,7.61422492615391e-06
"WASF3",68.2599680044541,-1.04869812770917,0.223013425575419,3.62215940428373e-07,7.62326755059171e-06
"CLDN10",237.236363239236,-2.17257316705364,0.628255422479609,3.64071773058582e-07,7.65539153576123e-06
"HK2",338.062250853045,2.11874548543023,0.571586791740947,3.64839413433316e-07,7.66459653808598e-06
"EPHX2",210.889182741245,-1.96446166270103,0.513682133359564,3.67050157521625e-07,7.70407444445796e-06
"SLC4A11",13.4908947099809,3.12798849567761,0.838646589344231,3.7337636772553e-07,7.82978330695188e-06
"KIF26A",23.538834544057,-2.02964147710704,0.502616573672688,3.75619248118455e-07,7.86356001474887e-06
"SETBP1",348.168970413721,-1.33241945190689,0.302134753967982,3.75956119278169e-07,7.86356001474887e-06
"INSR",1478.2335563601,-1.58217299023698,0.383218542649205,3.76002374709963e-07,7.86356001474887e-06
"FAM184A",39.0753463375144,-1.60126614508218,0.372478790690392,3.77526008723149e-07,7.88832447183666e-06
"COL7A1",152.4403519819,2.28890145270879,0.659963755471257,3.82406226284711e-07,7.98311650289781e-06
"PDGFD",345.695017629633,-1.64277228946198,0.401557328804797,3.83139021914057e-07,7.99123444719311e-06
"ARHGEF10L",329.990978272829,-1.26365109393645,0.283277900277572,3.91629847596006e-07,8.1610040438504e-06
"TPX2",63.1158823984386,2.5675716819081,0.738309316589829,3.92707949549022e-07,8.17613728294939e-06
"HHEX",122.132102740829,-1.58777652842116,0.380991791810242,3.95651896705511e-07,8.23005534463075e-06
"MSX2",13.5689846161368,3.33604496077307,0.894914562973222,3.98511190368243e-07,8.28211762809136e-06
"RNF144A",546.656707797079,-1.5440335738424,0.366289357215102,4.01024411191907e-07,8.32690097769792e-06
"INPP4B",435.359248382995,1.41622203677047,0.329638126634205,4.07984573578011e-07,8.45630826680203e-06
"MIR4680",48.6816862890127,-1.8060845812612,0.445973277172567,4.08745971417921e-07,8.45700146562369e-06
"SEC14L2",96.2315135080315,1.3390322365801,0.300797271825943,4.08519976918703e-07,8.45700146562369e-06
"STIL",48.3375821188628,1.5562613674557,0.362551953618835,4.09514400269349e-07,8.45783741356295e-06
"SLC17A9",43.6564393783541,2.36485124112259,0.687271782537716,4.09442466335937e-07,8.45783741356295e-06
"AZGP1",770.02533603172,-2.29284528408627,0.700731149160002,4.12357249945418e-07,8.50898819048115e-06
"NPY4R",9.99242540428588,2.24842989308428,0.518668332420114,4.1336301677665e-07,8.52217364224087e-06
"BEX5",30.4954683704245,-1.81983420001933,0.449772796906074,4.15362340989543e-07,8.55580141213832e-06
"OLFML2B",141.732161788812,2.38073579703605,0.71923248899852,4.16707472092256e-07,8.56831691510049e-06
"DM1-AS",15.0143020832823,-1.82074465970591,0.428225514965672,4.20771390616915e-07,8.64422923163927e-06
"KLK10",35.0234535419338,3.47670682490483,1.17956052318025,4.21337098673113e-07,8.64820449440793e-06
"CCDC88B",49.0111908789886,1.43395383559728,0.323588935638491,4.24103808497432e-07,8.69730978855943e-06
"HLA-H",224.258683408164,1.29149711860581,0.291050936722533,4.27261172341068e-07,8.74661968224204e-06
"IGHJ4",44.2762898150551,2.62744245316786,0.773977611771603,4.31901976410999e-07,8.83384016013166e-06
"STOX2",115.618338366002,-1.63459653055939,0.393957485727011,4.34988181134012e-07,8.8891384244932e-06
"105371441",80.8060942120939,1.44048578620746,0.324126555821656,4.38984874401732e-07,8.96292931170846e-06
"IGSF11",24.7368661813046,-1.70097488634564,0.401318387173826,4.40153621675837e-07,8.97890201899742e-06
"ISG15",68.0484626780016,1.86837230557261,0.469004769822186,4.40954539704248e-07,8.97947303245241e-06
"AS3MT",24.8442729067382,-1.68034626058365,0.394933447438971,4.40649929410167e-07,8.97947303245241e-06
"NAPRT",101.39316721535,1.12135314183334,0.242524996609395,4.46783114724461e-07,9.09019761000249e-06
"GLRB",60.5286980366818,-1.74102476606089,0.433792949047339,4.47212645793513e-07,9.09097622485763e-06
"REEP1",70.5387020940388,-2.08389483101384,0.582476615358773,4.48673179389758e-07,9.11269346426663e-06
"DUOX2",433.681331496321,3.26121624264992,1.24502113816126,4.50086688843022e-07,9.133418528618e-06
"KPNA7",14.9462211773619,3.20230812025351,0.858479311197161,4.53616220046373e-07,9.19700948758942e-06
"OR4D5",7.72203528764272,-5.90900108712294,1.67950741622388,4.55886262348651e-07,9.22693145093284e-06
"CCL24",107.098828017923,2.7724725981435,0.783661739719829,4.56902987584242e-07,9.23946119801554e-06
"DTX4",135.818533884467,1.02961471925649,0.221229357182498,4.5884363473793e-07,9.26258197492251e-06
"INF2",293.369869593002,1.15983702567976,0.25583122446061,4.58758185963968e-07,9.26258197492251e-06
"DMTN",55.296672666183,-1.27077423014087,0.283483196232308,4.60655303400687e-07,9.29108157509979e-06
"IGHV4-61",18.5903021809783,2.86766106273266,0.747404431009416,4.66344567138024e-07,9.38139914930909e-06
"AQP4-AS1",6.07611616857978,-3.16675936589469,0.891940941381291,4.67411266649566e-07,9.39472385865282e-06
"IGKJ5",25.3327901461204,3.03625474856172,0.784766330855582,4.69173074135436e-07,9.42198476883047e-06
"PRDM5",117.893851650792,-1.30201949669334,0.293086600278101,4.70275350559702e-07,9.43596525928728e-06
"SOX21",13.8205733751283,3.83492734307819,1.58149869187436,4.72364108316931e-07,9.46732247521523e-06
"DUOXA1",22.6365690995581,3.42819616466827,1.05712141496227,4.72653069560993e-07,9.46732247521523e-06
"GRIN2D",13.6725425731403,2.79278249255215,0.727181949473967,4.75889855930821e-07,9.52394556636746e-06
"H2BC3",40.5806057656818,2.3952297897723,0.681326237301686,4.81747478981925e-07,9.62459387286761e-06
"LYZ",8455.788056317,2.40407136166105,0.822561949691262,4.81632739772101e-07,9.62459387286761e-06
"TICRR",17.8545937689831,2.24259522271295,0.566965134842803,4.8271972951225e-07,9.63573274503189e-06
"IL21R",12.7376918706979,2.5770137740767,0.656896483221057,4.83506777352165e-07,9.64315877405799e-06
"SLC24A5",18.6440765973448,-1.45141826543938,0.324957809958435,4.84247712158551e-07,9.64965316638417e-06
"CFAP90",5.10675654126913,-2.45810178134499,0.582624967784966,4.93440034723108e-07,9.82440377617087e-06
"IFRD1",879.564446120099,-1.76572747007595,0.452985389696789,4.94666283206438e-07,9.84038620745e-06
"MAD2L1",77.0126917344177,2.28246251775498,0.647085608358679,5.02956031821944e-07,9.98772123162019e-06
"USP2",41.4979462000096,-2.16011934976916,0.547616714250776,5.03362236377329e-07,9.98772123162019e-06
"GAS2",63.0920106839364,-1.74246495110923,0.44090898661233,5.39498493355098e-07,1.06956036630595e-05
"PSEN2",142.802423820969,-1.47973272334658,0.352459814686319,5.42067528803449e-07,1.07373734286003e-05
"PPP2R2D",496.160216522091,-1.60680805813363,0.400038535702017,5.45990251910608e-07,1.08058632905818e-05
"GPRIN1",23.8344050349615,2.25490354160188,0.560411891869851,5.54617811703585e-07,1.09672722169641e-05
"SPRY4",122.448943050996,1.24929890029005,0.28064748923626,5.59817336852016e-07,1.10606767191808e-05
"MSMO1",409.116910668567,1.50345380181761,0.361309126737016,5.6045862082381e-07,1.10639388741217e-05
"ANKRD20A4-ANKRD20A20P",29.1796826628929,-1.52033780047546,0.356292403148575,5.61255570124831e-07,1.10702658504673e-05
"IL2RB",20.0654605403246,1.74812021830633,0.402046594235497,5.64933279159427e-07,1.11333543182946e-05
"H2AC11",111.002951308888,2.17395869692405,0.626013414273075,5.697614836948e-07,1.12189898929226e-05
"LOC107986293",30.6916709461721,-1.51147665630364,0.349437921089547,5.74866542524087e-07,1.1309927278194e-05
"KSR2",37.3598833041258,-1.6217737287048,0.392424073698592,5.76578740955723e-07,1.1334016113457e-05
"KIF18A",29.6620463657307,2.12127976984039,0.540140906864963,5.77574026125078e-07,1.13439835139613e-05
"ARPC1B",280.002510995659,1.38712428757366,0.325997802310434,5.80477593352199e-07,1.13817695202855e-05
"112268109",48.3125950329,1.44036661848957,0.331369458695159,5.80282324022131e-07,1.13817695202855e-05
"MIA-RAB4B",49.6582010085648,2.00705639472272,0.517637402251994,5.92183090450879e-07,1.15978314999438e-05
"SLC52A3",22.8357888082224,1.7495882875822,0.410640586796907,5.9249520079334e-07,1.15978314999438e-05
"NUSAP1",65.4641178561925,1.76232952198164,0.434131761540513,5.9354829151863e-07,1.16086654490197e-05
"DLGAP5",42.973183993546,2.51861237747294,0.736471134603703,5.96826302628708e-07,1.16629597490143e-05
"GPR132",30.1739277124167,1.98449339581359,0.493225420955758,5.9767594011226e-07,1.16697482928642e-05
"CKMT1B",52.4199152275551,2.05992239352611,0.519210501479033,6.00186153449505e-07,1.17089213059607e-05
"TACC3",37.2026080481099,1.58465321905202,0.370942565223448,6.01291477957156e-07,1.17206438677303e-05
"IZUMO1",11.6285071192522,-2.47361431239698,0.658282834091934,6.07163665450598e-07,1.18152828867208e-05
"IGLJ3",14.6773165217134,3.10415716554538,0.855264518050212,6.07143754528567e-07,1.18152828867208e-05
"STMND1",4.88546097712266,-4.1879954905661,1.20905888215964,6.09549294308603e-07,1.18517806303434e-05
"ALPK3",126.313863208195,-1.36690689961037,0.318401309501117,6.17372618299226e-07,1.1983836914104e-05
"ENDOD1",225.429001889932,1.07336480583376,0.236672607685396,6.23170408617666e-07,1.20862808382567e-05
"107985041",9.21914516659925,-2.26320139845435,0.576277586116246,6.24652830487342e-07,1.2104927870203e-05
"TF",30.8182879624261,-2.1990714958266,0.607029909103087,6.29611253631661e-07,1.2190847898443e-05
"CYP4F12",56.0555952186055,2.40177384807167,0.669262035247886,6.3489279094928e-07,1.22828759348097e-05
"SHC3",46.4285172736798,-1.60464300785567,0.390532816080669,6.44576751220533e-07,1.24494936114789e-05
"TLE1",187.234029736724,-1.00096837377251,0.217925961145508,6.50283526585335e-07,1.25492838373839e-05
"NLRC5",176.436603880274,1.56233310707111,0.378169827476734,6.5700819465088e-07,1.26685356039114e-05
"GKAP1",56.6065434704522,-1.54572738423582,0.372251165735204,6.59055964388007e-07,1.26974836920028e-05
"RHBDL2",29.7211874751716,2.1931428848964,0.603564085633763,6.6031610840098e-07,1.27112218547612e-05
"CCDC198",164.745465563276,-1.98288094062648,0.553441344762486,6.61804934110522e-07,1.27293357980612e-05
"CNTN3",61.1071741227933,-1.81291290971213,0.456322002873519,6.64064926816121e-07,1.27527973511887e-05
"LINC02827",45.5357206020156,-2.23969682173178,0.645282941599351,6.64122435762355e-07,1.27527973511887e-05
"CASP1",119.593436375333,1.45707858713593,0.343580728706629,6.76483760042467e-07,1.29794386165043e-05
"ADAM7-AS2",4.91567769234127,-7.26811250449438,2.10071364705016,6.77593811227105e-07,1.29900100691929e-05
"PLK1",34.2893267764492,2.13203511694732,0.567245344914314,6.79839736866421e-07,1.30223217527546e-05
"SPRYD4",101.121582785287,-1.08206877241718,0.239990369934423,6.91179488587303e-07,1.32286288445848e-05
"TFAP2A",13.967980291052,3.39598047338691,0.987291837310287,6.99418503783121e-07,1.33752995353093e-05
"CIT",51.0068260660577,1.63677409585423,0.395406469185661,7.01964446128598e-07,1.34129472909523e-05
"SH3BP1",31.1577639708476,1.60894775921048,0.377081305975541,7.09321595087747e-07,1.35423888758125e-05
"MLYCD",174.10626652942,-1.41562433033756,0.336716027187602,7.15977504620228e-07,1.36582408208957e-05
"PWARSN",68.4089909394287,-1.31897844183907,0.304800161853411,7.20827881845154e-07,1.37394879693783e-05
"H3C3",89.5470612093473,2.45183804273311,0.761996950397899,7.21906875838094e-07,1.37487756230312e-05
"FZD3",137.076383284399,-1.08222275543921,0.240676796484326,7.26609366439188e-07,1.3827001334328e-05
"HPN-AS1",16.3949933258935,-2.58760922309565,0.794345154874824,7.3452169532097e-07,1.39661305980219e-05
"LINC01588",13.1313639243119,1.84224550344944,0.437070058339918,7.38852712421277e-07,1.40369932731876e-05
"PCDHA10",69.6165148547651,-1.44726272338247,0.339600640954513,7.46221369251617e-07,1.4165403198171e-05
"ZFP2",12.5028343547672,-1.36027866233008,0.303105580513767,7.57573376446584e-07,1.43457354537379e-05
"SLAMF9",13.261681761881,2.85495758114352,0.745062136104228,7.59879902027063e-07,1.43776950517906e-05
"LINC01237",19.3291029493727,-2.38809371578634,0.683598615343357,7.62650229474933e-07,1.44183710999594e-05
"LEFTY2",4.79628193658548,-3.0177164670071,0.789692213001695,7.66891263271799e-07,1.44749947214624e-05
"PMAIP1",56.1012082293783,2.15012270502188,0.622758038272359,7.6675801528934e-07,1.44749947214624e-05
"VXN",9.50851841679878,-1.83828671351365,0.435415907367777,7.68360277599559e-07,1.44909505276183e-05
"ACY1",60.4096479684571,1.50330946318042,0.354531341079435,7.7525854493596e-07,1.4599072924353e-05
"SMAD3-DT",11.5225607099997,-3.04007550800259,0.99405487487258,7.7534994571343e-07,1.4599072924353e-05
"LOC105377548",7.58972505474427,2.83935510004119,0.694831682565117,7.78005391992664e-07,1.46372107554247e-05
"SLC6A16",38.2939602463211,-1.53960772044969,0.370917597969582,7.88680369643537e-07,1.48260423856534e-05
"TRBV12-5",6.77212406786058,-4.59590257384218,1.33075206106763,7.90913705695685e-07,1.4856006428326e-05
"VLDLR",307.55545607628,-1.7614018920745,0.465200875208647,7.93369234867224e-07,1.48900922230533e-05
"TUBB3",43.0090246832083,2.29033241503375,0.643591099392205,7.95079556736574e-07,1.49065657495101e-05
"105372838",9.12686557515318,-3.01197008468588,0.93649064517973,7.95530085190122e-07,1.49065657495101e-05
"112267915",58.1593677009187,1.84006504547285,0.48043799519369,8.03534543339968e-07,1.50444199149913e-05
"IPO5P1",84.8349930659763,-1.01804634594679,0.224185827404208,8.04890790065162e-07,1.5057679152306e-05
"POSTN",2564.7266045418,2.8192845093368,1.56210438328638,8.07709906987326e-07,1.50982620183834e-05
"IGHV4-34",13.4671695117615,3.23415175255875,0.826879051497486,8.1117565438093e-07,1.51470440192569e-05
"UHRF1",30.9714088171902,1.46142202380741,0.338867205846545,8.12275310866971e-07,1.51470440192569e-05
"SNHG3",105.042600783418,1.01705345233752,0.223658277602297,8.20215526385046e-07,1.52828450325233e-05
"IFITM1",267.850426694779,1.43144929116046,0.345994889451965,8.21621149326717e-07,1.52967687536909e-05
"PTTG1",38.2308693623651,2.69840148972577,0.78102295374811,8.31137396993071e-07,1.54615511762482e-05
"ENAM",16.9795623455445,-2.53032110210568,0.75346756613448,8.3672498267484e-07,1.55530439779599e-05
"GABRB3",61.2536339863919,-2.00023609415148,0.541857447003816,8.40164531240694e-07,1.56044947109333e-05
"RNF214",139.105488595843,-1.2542598713871,0.290086833242352,8.41618360591291e-07,1.56162915620546e-05
"IGLV1-40",20.7807606452681,2.75205163396009,0.808915236246397,8.42143891855148e-07,1.56162915620546e-05
"HLA-DRB6",52.1007991885502,1.51876819293916,0.361384837598531,8.48637961990202e-07,1.57241651091247e-05
"SYTL3",194.336766489326,1.07553050628743,0.240747391528057,8.53591408165769e-07,1.58033437201049e-05
"IGKV3D-20",27.553128777156,2.64556330213094,0.741703042640516,8.57005282071269e-07,1.58539153892722e-05
"IGLV1-47",28.797092853491,3.34623763356814,0.904396241714167,8.69853560073197e-07,1.60787967130475e-05
"GDF7",22.0637308895709,-1.3680329326674,0.31441697101977,8.72129949881653e-07,1.61080599248809e-05
"LRIG1",729.190666297341,-1.65944356024975,0.426667235965362,8.90442787696148e-07,1.64332312725338e-05
"PARP3",42.6064552650713,1.49363265756258,0.354775737774329,8.93770775227035e-07,1.64815587003176e-05
"RUNX2",85.2141926558337,1.88271811284874,0.506336251740092,9.12426823273577e-07,1.68122420608736e-05
"ULK1",234.50629058037,-1.30705816183154,0.309789751978746,9.13807448087919e-07,1.68243391888453e-05
"SELPLG",39.2748624519571,1.4841572411971,0.352651949465868,9.22816931365697e-07,1.69767627872383e-05
"TRIM59",80.6382683947125,1.7741131237416,0.451108739491442,9.24922337471054e-07,1.7002033632231e-05
"CHEK1",37.0308621438386,1.43636356549455,0.336199590333389,9.27842880084068e-07,1.70422366156153e-05
"CLU",1226.62970864049,-1.80002006740688,0.485162130741044,9.30376637044833e-07,1.70618004433597e-05
"LPA",9.84058940172865,-3.19941573605948,1.07679092406451,9.32333834468356e-07,1.70842087096784e-05
"GPSM3",25.6223810609962,1.38323762998656,0.319366088007649,9.33396766070962e-07,1.70902079272331e-05
"NOD2",24.5357706912411,1.67670347856432,0.402972288252275,9.45216212329628e-07,1.72929910972275e-05
"CXCL3",39.4389155696796,2.00778359017778,0.529899790668597,9.50285228929147e-07,1.73720513722807e-05
"IGHV3-74",80.5461764223061,2.49494583560536,0.733711772711183,9.5942260539969e-07,1.75253020726901e-05
"CTSS",946.021838708015,1.67227456638721,0.439601860041561,9.64219176031762e-07,1.75990829183802e-05
"KIF15",30.1501380219285,1.72545268134008,0.421195583369946,9.65550215184374e-07,1.76095441521263e-05
"LOC105373225",21.1708783594987,-2.80725312780889,0.998709552428028,9.68892668866308e-07,1.76566440479284e-05
"TAP1",222.785717047895,1.29409268571024,0.30496744712475,9.74732133113549e-07,1.77491388032079e-05
"TRBVB",5.52331130645824,-4.4329149789878,1.2207665131993,9.774452661206e-07,1.77846051357182e-05
"INS",3563.71041187324,-3.03626983670448,1.10458379079519,9.9314277166299e-07,1.80560816115724e-05
"CAPN8",469.980427093805,2.49014327608979,0.829566177072749,9.96958610674173e-07,1.81112848467665e-05
"MTUS1",1364.07104054855,-1.03682002961672,0.234211714499928,1.00956436202955e-06,1.83259593373098e-05
"H2AC16",32.9798982320645,2.42800830851187,0.733636038560545,1.02219861043748e-06,1.85408155452888e-05
"LINC00857",10.4094128404486,2.25901813081581,0.560454550723523,1.023910922824e-06,1.85573871231012e-05
"RPS6KA4",72.8714951981466,1.00437736227699,0.222302477845467,1.02712012245817e-06,1.8601041344751e-05
"LOC107985847",12.6870445879053,-1.85525014938401,0.457521772891092,1.03507307713652e-06,1.87304695850989e-05
"H3C2",93.2622444217211,2.29471222301666,0.697670716413983,1.03988400452456e-06,1.87951853680017e-05
"ZNF98",13.798340114652,-2.48423772764043,0.725243596698856,1.04026719962342e-06,1.87951853680017e-05
"SKIL",1591.13108226569,1.13937211543353,0.263193057327167,1.04773154349809e-06,1.89153398703792e-05
"KSR1",424.369553524676,-1.86809244356558,0.513395179537934,1.04900894734017e-06,1.89236978970877e-05
"LOC105377782",12.9479384568052,-3.35475024528159,1.04608718199636,1.05206820535339e-06,1.89416769927347e-05
"JAML",48.0664425572732,1.45860232983648,0.345742604168987,1.05199846257586e-06,1.89416769927347e-05
"PRKAR2B",226.839283410176,-1.6414396375784,0.429795229581455,1.06504397914278e-06,1.91534805382218e-05
"SYCP2L",22.8519097895834,-1.86605122711047,0.472366517134237,1.06833281808227e-06,1.91977672298078e-05
"IZUMO4",17.831556098659,-1.74288559279604,0.435319871318382,1.08424232511764e-06,1.94686015642259e-05
"COBLL1",629.745259821167,-1.2612757099262,0.295990530575649,1.0852833730116e-06,1.94722464648066e-05
"LOC107986124",4.02031513224242,-2.53898112358408,0.619898101175129,1.08623353702602e-06,1.94742563524688e-05
"LRP8",50.5528086817384,1.963578563275,0.530102105092572,1.09091987220046e-06,1.95431944723035e-05
"SLC37A1",136.919273069895,1.2479471980708,0.292138636124833,1.0929182898327e-06,1.95639109894166e-05
"NUF2",26.5272472317096,2.47434856944968,0.683166705780635,1.09785247163244e-06,1.96220016756768e-05
"EPHX1",365.239763483775,-1.60129050488375,0.408373113340649,1.09721204478629e-06,1.96220016756768e-05
"TMEM26",15.5744235751514,2.71377511223265,0.821571294672067,1.10475584642788e-06,1.97200107764855e-05
"NBEA",322.242048852733,-1.14472942935499,0.263380605054676,1.10588224840803e-06,1.97200107764855e-05
"RNA18SN4",139669.460727142,-2.28602644845775,0.758019047570019,1.1051498765389e-06,1.97200107764855e-05
"SNHG14",362.842137369971,-1.09071178894807,0.248935577432029,1.13086909929971e-06,2.01501100630588e-05
"TFPI2",128.513675852068,-1.97476459904053,0.560898550454388,1.1333791290951e-06,2.01793594364174e-05
"LOC107984537",12.9346459553932,3.96690321623087,1.16230069880983,1.13581425814606e-06,2.01917706870877e-05
"ANGEL1",218.361720620743,-1.02711350897913,0.232125616016738,1.13563756457344e-06,2.01917706870877e-05
"LOC101930053",5.72347012845472,-2.43009344702058,0.618620978765674,1.139442327897e-06,2.02407817191796e-05
"BCAT2",78.6650552764711,-1.40569432857671,0.341435767540367,1.14484579214661e-06,2.03212314595314e-05
"CDKN3",26.3874130019106,2.65040252921942,0.768469385951769,1.16170206944207e-06,2.06046928118217e-05
"PITX1",21.1914066242529,4.59075873325858,1.540914674722,1.1705473772865e-06,2.07457424189563e-05
"PRXL2B",42.0661507833575,1.48001810207141,0.353483112548177,1.17476242236695e-06,2.0788731823074e-05
"BEX2",55.0964535034987,-1.50171189968746,0.372221570846839,1.17459985226093e-06,2.0788731823074e-05
"CIMAP3",30.6204974526663,-2.11852467416857,0.62868531472174,1.17826094124449e-06,2.08347739496314e-05
"ABCA3",70.2749194309585,-1.29038692983626,0.305397421835652,1.18822372249066e-06,2.09949644046164e-05
"CCR4",16.1672681100526,2.88828223455805,0.803390196015027,1.19446316797037e-06,2.10889773259262e-05
"PTBP3",1187.94084409889,1.03191844328736,0.234577112009407,1.19535972189562e-06,2.10889773259262e-05
"TRBV5-6",12.8627930216854,-3.47727791561227,1.29679127205381,1.21904769298901e-06,2.14905714314109e-05
"LOC101927560",10.5717287352158,-2.23335032659807,0.612558908052212,1.22436800784649e-06,2.15582259254033e-05
"CD68",243.418726133967,1.58102698005374,0.409903425823002,1.23177158335051e-06,2.16655660402341e-05
"NECTIN4",85.1421397312898,1.90567763951092,0.508188235022567,1.24373441637975e-06,2.17971549969371e-05
"CKAP2L",22.9008523327963,2.617579142526,0.81180060200934,1.24298340444051e-06,2.17971549969371e-05
"H3C10",76.5455277693865,2.00249158101307,0.570783979687885,1.24394351305955e-06,2.17971549969371e-05
"LOC102723686",8.83867403315062,-2.19214070465939,0.595862533507718,1.24118650534992e-06,2.17971549969371e-05
"MLPH",274.321746236536,1.89211233758949,0.518029278722971,1.24779065906782e-06,2.18316385266873e-05
"FGF14-AS2",9.33211980903128,-1.83791773954126,0.450882320771906,1.24690299022341e-06,2.18316385266873e-05
"GOLGA8H",82.4281976655952,-1.27380603699232,0.302549681830339,1.24981834540151e-06,2.18506615917261e-05
"LOC107985362",42.6163786639081,2.483653659781,0.766491294215836,1.25490322096194e-06,2.19230649165795e-05
"CDR2L",44.2435931784537,1.33159015763099,0.308686178425522,1.26226992890714e-06,2.20351929362566e-05
"IGKV3D-15",20.4149059811037,2.71557097108977,0.772571345022699,1.26523609903128e-06,2.20703909617055e-05
"GSDMB",117.234260095919,1.24633260695292,0.294241558207046,1.2669521442424e-06,2.20837457400391e-05
"ZNF33B",502.03371002155,-1.21107974202611,0.287367635592455,1.27137845348512e-06,2.21356264741445e-05
"LINC01887",4.38758182427057,-3.66778000961387,1.03982236059645,1.27183392911483e-06,2.21356264741445e-05
"LINC01836",11.0509799767366,-2.16315090773502,0.566190202929978,1.28768922803344e-06,2.23948048004169e-05
"IL18",118.934604716406,1.54810691953924,0.394293791680837,1.29485583474873e-06,2.25025993420992e-05
"F5",307.719914887391,2.12617587078423,0.654095218649748,1.30773305410252e-06,2.27094002332377e-05
"NUGGC",9.25619006352022,2.57026072656051,0.638839735128865,1.34298866369226e-06,2.32885648926549e-05
"RAI2",37.7817435271642,-1.15958564963276,0.264735769353484,1.34308917392544e-06,2.32885648926549e-05
"TMEM132C",21.7491238081594,-2.33204652194497,0.698790500264239,1.35549109522811e-06,2.34772128102089e-05
"KIF11",83.4933410839804,1.60972426263134,0.415498145595403,1.35896678424062e-06,2.35112384451458e-05
"LOC105377481",7.28827791740641,-1.80992567296276,0.43595943435226,1.36495286751427e-06,2.35972320511117e-05
"PALS2",311.661074820562,-1.10867662749375,0.256512970261396,1.39013122023508e-06,2.39968045335528e-05
"CD6",18.6344477819469,1.92219569996303,0.481116779232114,1.38934112927231e-06,2.39968045335528e-05
"107986367",17.629060971303,-2.57897013323364,0.776225261225023,1.41524131797342e-06,2.4394014853941e-05
"CYTIP",128.782478220446,1.37387199652943,0.332645157325391,1.42200259146569e-06,2.44923871109751e-05
"SH2D2A",13.8544002951136,2.43389208228817,0.649338649754639,1.42760986773036e-06,2.45707520568258e-05
"XKR4",20.3882570559347,-2.34800885838272,0.702978637749436,1.43552882940297e-06,2.46887582170082e-05
"DSG3",405.152399224834,3.74752060963958,1.18769639147616,1.44502265806298e-06,2.48336549261046e-05
"LINC00996",4.87798984740845,3.30399487571733,0.800023050605524,1.46129883780432e-06,2.5094810418613e-05
"DUSP6",330.518150095212,1.08710755952397,0.252163382371876,1.46899049004556e-06,2.52082673827243e-05
"CAMK1D",240.557655620219,-1.49261571194906,0.373887613709302,1.48089333428229e-06,2.53750417566732e-05
"FRRS1",124.648624281272,1.28250532154031,0.307563190486651,1.48790667866949e-06,2.54764271767764e-05
"PEDS1",101.532038213398,1.00098087069116,0.226873691412558,1.48907221331589e-06,2.54776088927797e-05
"CTSF",125.526066459598,-1.00938693318002,0.228543618028034,1.51124790055586e-06,2.58380021850003e-05
"ABCA5",842.770059031517,-1.36813515412308,0.339288023873797,1.51564000861623e-06,2.58940408824987e-05
"TRBV9",8.5655806087833,-2.87222736628868,0.830296075724744,1.5178770228404e-06,2.59132054560593e-05
"B3GALNT2",363.632637331843,-1.10944317206418,0.2622962612032,1.5399224333395e-06,2.6232063359455e-05
"CLDN10-AS1",17.7002575354425,-2.45993041222424,0.741839944475591,1.53994122755742e-06,2.6232063359455e-05
"TCF12-DT",22.9875655814501,-1.13320163304153,0.257197661727978,1.54436870570147e-06,2.62882101662811e-05
"COXFA4L3",186.62060091743,2.29443818020735,0.737241399111079,1.56375399909569e-06,2.65792422596843e-05
"ELAPOR1",1081.71734709766,-2.31060994255324,1.01302415127413,1.57781186513408e-06,2.6798580911104e-05
"PHYHIPL",76.4355997073075,-2.05015850814256,0.604406050412207,1.58386798626524e-06,2.68817915711271e-05
"MYO1A",191.539105435025,3.89116160742923,1.2552753031518,1.58998965833898e-06,2.69659924901505e-05
"GMDS-DT",53.8768492925739,-1.17435915857102,0.275057098142012,1.60817354710822e-06,2.72544947972718e-05
"ANXA8L1",88.1410840048956,4.03526330917848,1.59892504228746,1.64621334569398e-06,2.78788389848394e-05
"FBXO2",43.9583340702381,-2.23086229563397,0.69291723934785,1.65715122209108e-06,2.80436333905945e-05
"LOC105372317",5.13368690495187,-3.75745085310506,1.23504979566367,1.66232562923973e-06,2.8110724887471e-05
"SERPINA5",240.20257894316,-2.3599064547565,0.835791526373301,1.66446093457846e-06,2.81263635017676e-05
"107986348",23.6843965400594,1.85537730317693,0.481007653341931,1.67065262152621e-06,2.82104750444488e-05
"PNMA8A",41.4273977552037,-1.61666864368001,0.418898549468139,1.69133636057464e-06,2.85389980667769e-05
"MINAR1",42.2475325316813,-1.12813825061617,0.261457172433131,1.70402898362047e-06,2.8732302927737e-05
"XBP1",1925.23095969664,-1.60213907419464,0.432951341067507,1.72512889608274e-06,2.90459202177409e-05
"BRCA2",91.6878670653937,1.22420761438417,0.290161190010559,1.73244207484066e-06,2.91479302019716e-05
"SORCS1",20.1357464038528,-2.12460203958076,0.619372091837365,1.74267532058156e-06,2.92988864498643e-05
"ZSCAN18",101.118349856517,-1.09251293526805,0.253268971196776,1.74676293498324e-06,2.93463751224408e-05
"TXNRD1",594.20853625583,1.19735667462019,0.285018222539678,1.74883341562202e-06,2.93599309335098e-05
"CCDC69",178.358709264234,-1.6314434372823,0.434370202036081,1.76412180294669e-06,2.95525379174234e-05
"PHYHD1",51.7553855456739,-1.80265770249587,0.49649243277377,1.76365532722672e-06,2.95525379174234e-05
"SIX5",35.8168792513064,-1.49333718430974,0.370062015099322,1.7718535772715e-06,2.96606756973367e-05
"IFI35",54.164063856146,1.2239155796317,0.287057059330151,1.77619392303109e-06,2.97119264230579e-05
"TAP2",150.870801369111,1.10304919043002,0.257935123477674,1.78191054644933e-06,2.97861090264389e-05
"BIRC3",753.192878401964,1.44439474355104,0.370446319500133,1.82193965995725e-06,3.04333342912342e-05
"ESPL1",23.2834882185569,2.02399134146389,0.532442708170946,1.86340381360085e-06,3.11035830524539e-05
"LOC105371425",9.4621218041176,-2.11646382052597,0.575919574827792,1.87812099363011e-06,3.13267345922437e-05
"IGLV2-11",29.5989722654151,2.53723106499106,0.833124908083955,1.88392158932517e-06,3.14009455724321e-05
"HMGA1",176.564514814542,1.53991654589821,0.404317882743435,1.90301184404419e-06,3.16964015744565e-05
"TMEM51-AS1",93.5110183453859,-1.76453134607214,0.502661657996062,1.90701138278043e-06,3.17402646697015e-05
"TENT5C",559.703840006751,-1.69285546665932,0.46410312850733,1.91332723570595e-06,3.1822590065589e-05
"AGTR1",26.0403371826453,-1.91976176810228,0.530140587510253,1.92155857003984e-06,3.19366333153617e-05
"LINC02447",5.1829489080725,-2.20465034759116,0.56495729057113,1.93501685637033e-06,3.21310840564706e-05
"SLC60A2-DT",17.7139928751723,-2.4314787565281,0.77737651538658,1.93740687596795e-06,3.21310840564706e-05
"MPPED2",22.4692598675087,-1.5713746830672,0.394780396266455,1.93613944600756e-06,3.21310840564706e-05
"H2AC17",45.9623119516167,2.08792210280711,0.611284968847805,1.94129057221745e-06,3.2172529561678e-05
"KANK4",117.511104763817,-1.90525966421966,0.574596066307943,1.94715421141527e-06,3.22467057036591e-05
"S100A4",339.680748565015,1.79488327357677,0.506306313135161,1.96263324369413e-06,3.2479902718827e-05
"CXCL8",595.458546674882,2.25233046052454,0.789245983989809,1.96828554634758e-06,3.25502595511645e-05
"ECM1",91.7323665362113,2.03946935051503,0.612362389619296,1.9729862406676e-06,3.26047903996527e-05
"LIFR-AS1",12.036540730013,-1.81620157339209,0.473252713447069,1.98113428832185e-06,3.271617284233e-05
"ITGA3",957.29929670919,1.73291357199656,0.482181309189233,1.98547058411687e-06,3.27412413214729e-05
"105379461",16.4713584476018,-2.26897511874453,0.65438419512976,2.0019202709402e-06,3.29890904221954e-05
"HLA-B",2455.88382333617,1.22066683241525,0.296842937175902,2.02591799307554e-06,3.33608820475622e-05
"DDX60",432.90581018383,1.29719006200624,0.323336836734817,2.0454611050264e-06,3.36588447417056e-05
"LOC105377483",6.00691818714228,-2.33086332403306,0.622023284859526,2.05598243877807e-06,3.37841244448433e-05
"IKBKE",40.7635090120677,1.1892781778221,0.275979349151711,2.07429342264528e-06,3.40609241520588e-05
"ANTXR2",337.02703509934,1.18459545132138,0.285436612257866,2.07793412123468e-06,3.40725471467097e-05
"LIPG",62.1125234043026,1.77654288769757,0.475264328888969,2.07746750217161e-06,3.40725471467097e-05
"B2M",10480.6933859671,1.4067571278283,0.357785392820463,2.13812315593366e-06,3.50347613033276e-05
"MCM10",14.631212726601,2.28588345772168,0.63049840771294,2.14051459717494e-06,3.50492295034248e-05
"H2BC11",93.3953281790702,1.83334047684787,0.517192086248798,2.142422870215e-06,3.50557714010179e-05
"IL7",47.1430702921114,1.47115062150979,0.371576182685249,2.16677630567215e-06,3.54043934333983e-05
"ELL2",1302.81776120677,-1.06351876971087,0.25181632924414,2.16838511418961e-06,3.54057822404748e-05
"ZSCAN23",42.9601620688054,-1.2372714383609,0.296101601847419,2.17644324317358e-06,3.55124008111925e-05
"ZMAT1",110.80744902614,-1.36880578193494,0.344261663347477,2.18169782640538e-06,3.55731571905466e-05
"MT1H",85.4012302901433,-3.00790515746416,1.41157387838185,2.19105193909888e-06,3.56756074316485e-05
"LOC101929248",4.54521062094868,-2.41536896102788,0.636249870674348,2.20192904012913e-06,3.58025341129464e-05
"MYO1E",385.864884729653,1.01102577092632,0.235699225581203,2.20477313022168e-06,3.5823708867623e-05
"MUC12-AS1",7.58541577515872,3.14164736113229,0.889759347602421,2.20764642036865e-06,3.58453281462373e-05
"NPAP1",4.90000598212238,-2.847729305894,0.784670138431734,2.21026459469632e-06,3.58627778336376e-05
"ITIH4",117.965163749432,-1.72647132421722,0.479367764038775,2.22089463694494e-06,3.60101094831931e-05
"EFNA5",104.665536922466,2.18470182495841,0.673281369025339,2.23941196515714e-06,3.62597470455932e-05
"ENTREP2",20.117946114907,-2.3338983170712,0.733410317970167,2.25081775817785e-06,3.64190463866729e-05
"LOC101927610",10.1003620053799,-1.86609882861715,0.483388982734419,2.25683313747255e-06,3.64402487485578e-05
"CEP55",44.3283178184069,2.40610091780541,0.74019982798104,2.25528324357043e-06,3.64402487485578e-05
"MIR10393",1626.09328990802,1.42820071303737,0.366959135722664,2.25637543930973e-06,3.64402487485578e-05
"IGHV1-46",14.0585230570493,2.54859374551731,0.646378510506811,2.2614090311521e-06,3.6488776971402e-05
"HPCAL4",15.8256248475199,-2.54213792444916,0.859343437345686,2.26462720804758e-06,3.65153457175472e-05
"HENMT1",27.6738262891447,1.50362705388896,0.375329547691437,2.26687705590784e-06,3.65262748918299e-05
"BCAR3",93.9636763993083,1.20201075655613,0.289309699205164,2.26863011343469e-06,3.65291896643486e-05
"LOC105373717",4.47294943082209,2.60576519842529,0.638490975519279,2.28905417708032e-06,3.68070406951289e-05
"LOC90246",8.97980075468871,-1.78788808157585,0.451595827566079,2.28762349556521e-06,3.68070406951289e-05
"TRIM22",281.615519460503,1.13789763818727,0.272205283640816,2.29269695428067e-06,3.68401201471033e-05
"PABPC4-AS1",113.621727189346,-1.42539562046307,0.36297446338267,2.30162231370388e-06,3.6932454736816e-05
"LTF",161.781077661908,-2.10369655868052,0.679352353090148,2.30115554297918e-06,3.6932454736816e-05
"FUT3",58.1560641727188,1.7915437309823,0.482101558610766,2.32208130468361e-06,3.72093511133267e-05
"GBP5",59.8927450619227,1.97968047997244,0.592691023401489,2.33399584347206e-06,3.73744958119044e-05
"KCNJ8",108.287448623445,-1.6975052300771,0.455581176282076,2.3448907649097e-06,3.74972724863571e-05
"CDC42EP5",38.6998315844523,1.45755469855917,0.363353918399995,2.35830757441993e-06,3.76858847948054e-05
"CAP1",685.028319538867,1.20320190472237,0.295168054904589,2.36272191168859e-06,3.773047671346e-05
"PIK3CG",86.0952202711289,1.53008567622151,0.394484332858762,2.37463168287856e-06,3.78941584782778e-05
"LOC105370765",22.0942797137543,-1.44804391356283,0.357849896337334,2.37623365194107e-06,3.78941584782778e-05
"WDFY2",364.421043863063,-1.19738376085556,0.292341929825344,2.39175199911875e-06,3.8115471673199e-05
"CXCL5",364.977682864271,2.94251938142551,1.41169534329373,2.4093415015777e-06,3.83694652427401e-05
"TMEM273",34.5114487087105,1.38298075638947,0.3386371573727,2.41157069097308e-06,3.83786609621641e-05
"ASPHD2",17.5174596865127,2.22946906795071,0.636189256014305,2.41683573706324e-06,3.84361248122275e-05
"ABRACL",85.4055866703045,1.48436127868962,0.385081128525412,2.42531569204848e-06,3.85446033548197e-05
"RGL3",70.7735483658767,-1.32010182942419,0.329239902555092,2.42918260921378e-06,3.8579670488778e-05
"GPR87",39.8884042120702,3.60840014011512,1.23135486269209,2.45084792538933e-06,3.88706153900485e-05
"WNT10A",14.2654703728564,4.5066686589996,1.39803262249457,2.45431397975816e-06,3.88990350066036e-05
"CFL1",613.556001371011,1.0769136393714,0.256163560546154,2.46018008254705e-06,3.89654289147789e-05
"OR6M1",5.96034159743703,-4.69739339795836,1.48732018153989,2.48005917816522e-06,3.92535252075401e-05
"CKMT1A",45.1555141874243,1.92423057534877,0.520507571750492,2.48531836288192e-06,3.9309987856747e-05
"H2BC10",20.6589032396078,2.29170946605682,0.659482799313776,2.49551514807666e-06,3.94444180037831e-05
"TEX56P",87.3807137221457,-1.49033477038246,0.387333832475554,2.53711636571983e-06,4.0074710236234e-05
"GJD2",22.9872440730758,-2.32209339528674,0.75884555502254,2.54181465265169e-06,4.01216463684525e-05
"LINC02097",7.06166413321883,-2.45894630328027,0.691761146049216,2.54483820116945e-06,4.01421015642717e-05
"STEAP1",104.493146541264,1.80082784159712,0.491752016467174,2.56935451392076e-06,4.05013243764917e-05
"RACGAP1",73.0386638923786,1.70349478134948,0.464788326492301,2.5767771720633e-06,4.05907915884006e-05
"SPN",35.9543128823338,1.29431667488358,0.311632978331783,2.59111338602437e-06,4.07889698673958e-05
"SIK2",582.545770585154,-1.037624054317,0.244609543343449,2.59465386249178e-06,4.07894333525009e-05
"PTPRN",108.508158932763,-1.92274061173421,0.566507294195605,2.60400937239691e-06,4.09088287813672e-05
"CCAT1",19.5978058583565,1.82229204397395,0.474768036241087,2.62560514129802e-06,4.1220226660851e-05
"SCEL",102.093526496123,3.4715583742603,1.47754883890128,2.64672323387905e-06,4.15134672393164e-05
"FBXO15",8.04909522205936,-1.42042491797961,0.334707267501825,2.64785704534827e-06,4.15134672393164e-05
"DNAH7",136.330144831039,-1.24118811719141,0.307012410216734,2.65564972300923e-06,4.16075666312337e-05
"ADAM28",401.100732781602,1.84617829937109,0.540836621022277,2.70764993644788e-06,4.23464652631878e-05
"ERN1",571.211268935189,-1.60880960930035,0.448359600723244,2.7082783465073e-06,4.23464652631878e-05
"RIPK3",56.2596258961801,1.14524940754535,0.271473660305427,2.72987112492226e-06,4.26553837172621e-05
"PRDM16-DT",24.2500256165514,-2.27048152851865,0.703790968786132,2.7392027061246e-06,4.27307782724179e-05
"IL18R1",59.6711699507918,1.32851161490213,0.328532412683321,2.740213454956e-06,4.27307782724179e-05
"FOXO3",1011.98820864524,-1.00751426856442,0.237928410106455,2.73696975941958e-06,4.27307782724179e-05
"LOC105375170",27.4231067460091,1.89324966959345,0.514312594650526,2.75108027450741e-06,4.28140322693769e-05
"KIAA1549",141.663343882948,-1.46375921765127,0.385217175016596,2.74866978188565e-06,4.28140322693769e-05
"PCDH9",337.054008254778,-1.57593562086157,0.427238692037878,2.74948581671863e-06,4.28140322693769e-05
"LRRC66",44.8774686177273,2.1123688270448,0.597725305534624,2.75318847409548e-06,4.28181621121878e-05
"TECPR1",315.95210981458,-1.66960933190336,0.478885351270254,2.76940065209411e-06,4.30414877266934e-05
"TRBV15",5.32598248288495,-3.83668522822339,1.38762107636595,2.77361942514619e-06,4.30619734312883e-05
"CTSC",603.854939785204,1.20305370970833,0.295067491646335,2.77442540248068e-06,4.30619734312883e-05
"ATP2C2",72.7526985596316,1.79118148966442,0.489955414179024,2.77956162763385e-06,4.31128934700083e-05
"105379282",49.1839193502157,-1.94135456086874,0.584404980326712,2.78929146560283e-06,4.32342945119851e-05
"CA9",68.4210880941763,2.79600337703993,0.971555037880634,2.7911100395084e-06,4.32342945119851e-05
"GOLGA8O",82.2789020317886,-1.13707877416279,0.274231924594857,2.80436894014787e-06,4.3410734393295e-05
"BTN2A3P",11.8511874084689,1.43939073834476,0.340289357058095,2.80675577967502e-06,4.34187553533616e-05
"LOC100996583",5.08990666873227,2.78557832677496,0.761357003030314,2.8148843513622e-06,4.35155275475054e-05
"ANKRD40CL",18.1028168753344,4.57537501954263,1.24346630528151,2.83281522453799e-06,4.37636048817421e-05
"TMSB10",2668.17074562952,1.5569457850605,0.41677287053029,2.83905737408779e-06,4.38308957388238e-05
"FAM107A",65.2753356191151,-2.01451771930421,0.613961847405063,2.87561915253782e-06,4.43397922302306e-05
"MIR147B",64.3529658996458,2.33446844106629,0.740160289840025,2.8758367502026e-06,4.43397922302306e-05
"IGFBP3",933.633596053513,2.12186586023322,0.701597533299509,2.94300914870573e-06,4.52254084458846e-05
"NT5C1A",4.04068384244117,-3.82816796520505,1.13635232709914,2.94726031325921e-06,4.52608019686567e-05
"APOL6",541.281308653082,1.16885700654892,0.286844754779242,2.95079357846849e-06,4.52851313049639e-05
"SFXN3",188.714375031251,1.11765028465692,0.27159563754624,2.97332808019076e-06,4.55407237595466e-05
"LOC105377781",8.01816628676118,-4.89645083915589,1.51053775668687,2.99281127803954e-06,4.5778782123271e-05
"ZNF395",335.872178857348,-1.08617062048325,0.26256085470346,3.00929510944771e-06,4.60006393868537e-05
"TDRP",59.5640995886948,-1.36406646606054,0.347509512524192,3.01507865425772e-06,4.60587459116884e-05
"LOC105374257",4.68504486639134,-2.5039852988418,0.655486975590848,3.02916789225607e-06,4.61828844990615e-05
"TRPV6",125.991196659694,-2.80373774148007,1.25511061553288,3.02567545565137e-06,4.61828844990615e-05
"EEF2",6333.67259677803,-1.34774314712555,0.348356584539234,3.02873634592294e-06,4.61828844990615e-05
"TTN",2081.84930841624,-1.46673440975446,0.396952808495928,3.0380725737106e-06,4.62882729509284e-05
"C4BPB",33.3546552799608,1.81112073848417,0.489140589201038,3.05034423335829e-06,4.64447891625688e-05
"GRK5-IT1",11.4507226230152,1.65699799833579,0.40351997306256,3.08012908414283e-06,4.68675830190299e-05
"CDCA2",28.0458574103805,2.42014660027688,0.770954814940046,3.09768768367463e-06,4.71039092475e-05
"POU2AF1",21.5630329214011,2.33624234826116,0.714703805554434,3.10533420693863e-06,4.71584577112543e-05
"SNX32",124.872046725839,1.23077339891512,0.305407502810764,3.10842876046506e-06,4.7174619366039e-05
"DHCR24",254.121658992117,1.12489963316881,0.273374674358447,3.11412192894338e-06,4.723017168342e-05
"GCNT1",251.733024532252,1.33202794708054,0.34132147595686,3.12108415756864e-06,4.73048861063974e-05
"ARHGAP24",239.207638488264,-1.06809639485022,0.257469390540082,3.12498974185613e-06,4.73332051186619e-05
"CCDC171",100.537276752421,-1.12638391704964,0.273274919146441,3.12722961058187e-06,4.73362736168532e-05
"LEMD1",30.1141400622737,4.73318673744871,1.89772523395447,3.14601462953249e-06,4.75896158315022e-05
"FGFR3",249.262751748994,-1.80500766863659,0.542347271095325,3.16391149374765e-06,4.78292020541488e-05
"TGFA",170.065577411399,1.10124315103339,0.265659378989907,3.16965708260617e-06,4.7884903975523e-05
"PRR5L",43.7022827336591,1.97983374455632,0.580745783297091,3.17622635198251e-06,4.79529689982544e-05
"LOC101928499",12.586698400838,-3.00147496714867,1.22296408388437,3.18141803540695e-06,4.80001610731691e-05
"PDE4D",361.940469242078,1.13465577294335,0.277800164836509,3.19283297289315e-06,4.81411253245765e-05
"BTN3A2",114.02353373441,1.01427074646751,0.23972736758654,3.23263542755704e-06,4.86786649149223e-05
"COL26A1",5.75854085191035,-2.76148394015708,0.794858121756125,3.23267398165376e-06,4.86786649149223e-05
"IGLV1-44",31.4144854172706,2.41755199123179,0.719107310857155,3.23763445964784e-06,4.87217854079776e-05
"PDE3A",372.918124643541,-1.2092864208175,0.299014193454911,3.25201456776144e-06,4.89065103442958e-05
"HSD17B8",58.0381514901805,-1.29701032794328,0.324824533726243,3.33445259387599e-06,5.00490994952898e-05
"ONECUT3",14.68032217674,5.83803840250155,1.82146485348134,3.35859919837346e-06,5.03464854027144e-05
"LOC105374786",80.84253618937,-2.19583788438855,0.766528758670164,3.36311280855024e-06,5.03816415903706e-05
"REEP3",904.063769990885,1.14510455620805,0.282513813574895,3.42191027373225e-06,5.12294363467583e-05
"LAX1",17.8254236095328,1.88853998831972,0.50704106815662,3.47526563041649e-06,5.19947179154715e-05
"H2BC14",16.4331235772813,2.4571989213942,0.754727951219606,3.49055915658971e-06,5.2156361416953e-05
"FAM174B",157.776388528977,-1.6094939521904,0.459904377452815,3.52538885553678e-06,5.26429370555251e-05
"MAP2",232.490937423431,-1.24291096486096,0.31289388937342,3.56405529285739e-06,5.31639852249028e-05
"ADGRG6",307.659372366651,1.10007814151321,0.26661843845856,3.56485857458139e-06,5.31639852249028e-05
"CHGA",974.650316098483,-2.2101681545707,0.755298791604267,3.58179886716478e-06,5.33823583570068e-05
"KCNAB2",46.754769936381,1.23650216766553,0.303529644764086,3.59765121374072e-06,5.35842474046574e-05
"DCDC1",17.3093473340287,-1.73486903517255,0.468063599500595,3.61750910007969e-06,5.38454990008659e-05
"IRF8",140.137336143335,1.35991059380178,0.352263397076539,3.62043579192651e-06,5.38545618600592e-05
"CYP2C18",110.604765526577,2.88939353084186,0.998761822600966,3.62829623306688e-06,5.39110529149782e-05
"MFNG",23.9233688244574,1.59240412886455,0.411104884447529,3.67490691020722e-06,5.4560039654099e-05
"KLHL6",74.8201813694718,1.76570045916227,0.500056201061719,3.69802995345448e-06,5.48682796733811e-05
"PIGR",7704.14661539264,2.23724332170972,0.848239407292722,3.70569594260074e-06,5.49469337755763e-05
"UBE2T",29.9371615594811,2.4553763804743,0.836107035560825,3.74100870568393e-06,5.53645460360294e-05
"TMEM178B",32.1863470234987,-1.38986858397576,0.352437789600415,3.73934167204529e-06,5.53645460360294e-05
"SLC25A45",98.9093027879075,-2.04703879075242,0.691569583902974,3.7569771064137e-06,5.5565476172834e-05
"IGHV4-28",17.9932492678331,3.06085657372468,0.883738940137299,3.77562792968259e-06,5.58057983118162e-05
"GRASLND",22.3675647105571,-1.86143028669985,0.510230681913655,3.79095424908958e-06,5.59967081866474e-05
"SQLE",176.795138406144,1.27324179723529,0.323239744966673,3.8007398050508e-06,5.61055840980656e-05
"SLC38A5",240.016442692444,-1.89778225829877,0.617369161560565,3.81594867364854e-06,5.62586087767917e-05
"TRO",53.7535358396853,-1.10131278162929,0.266237967476633,3.81586739979056e-06,5.62586087767917e-05
"TNF",6.64663979174362,2.57000800264796,0.679302123498873,3.83095644100991e-06,5.64440538407516e-05
"TTPA",7.48585917181703,-2.56750585136683,0.863750102974138,3.85300523190819e-06,5.67329382530968e-05
"105378936",15.367528677584,-2.10108701911717,0.609465397500196,3.86202125071697e-06,5.68296793922791e-05
"SH3BGRL3",199.150023122092,1.07325254226083,0.261084661419593,3.88901866242764e-06,5.71907269756369e-05
"CD58",165.58249677879,1.46767735028686,0.395577853049163,3.90420112284528e-06,5.73776806383998e-05
"HLA-DRB1",498.997131048682,1.24795767262537,0.32020960594397,3.95620507163835e-06,5.80684932656456e-05
"IRF4",27.6003811973371,2.07778321048121,0.598480608419696,4.02413119320757e-06,5.89909705199861e-05
"107987113",71.4084078545604,-1.97520350348447,0.645044138644037,4.0345373265041e-06,5.91062262177318e-05
"PLEKHG6",70.0270266403822,1.20238224380362,0.294927080528719,4.09897403130672e-06,5.99745979958512e-05
"LOC105373766",6.48541737309361,-2.77920159557216,0.874161521516729,4.15744309488531e-06,6.07918126555445e-05
"LOC105371710",4.92506734929762,-2.5903599517431,0.768586795478476,4.17342893154714e-06,6.09871831600614e-05
"PRDX4",978.520884221699,-1.69042931776032,0.490081774514822,4.17648306303139e-06,6.09934531549556e-05
"SYPL2",9.94050961597399,-1.62344681695708,0.417018765168191,4.18115356490842e-06,6.10233059551803e-05
"MYCL",128.751651627971,-1.9389163692626,0.618914426201815,4.19658502159974e-06,6.11776074013265e-05
"ZNF415",38.6934331323403,-1.37798088212688,0.357277961950872,4.19699187422916e-06,6.11776074013265e-05
"IER5",112.562359528446,1.07034944988595,0.260434239889741,4.23796343764223e-06,6.17361006104183e-05
"H2BC17",34.0005682823836,2.16971810322418,0.682733387547479,4.24602841964032e-06,6.18148310340494e-05
"ADAMTS6",58.419654253568,2.2771471823131,0.800779916939874,4.27164012094253e-06,6.21487527927989e-05
"GBP1",225.665032159928,1.2437007698447,0.317080159899469,4.34845479821742e-06,6.32267504609397e-05
"NPC1L1",47.0318346569062,2.43050038025941,0.778977591629576,4.36066997982703e-06,6.33647073053666e-05
"LOC105373925",12.4930037883972,1.51446508941913,0.376616215384525,4.36341461463432e-06,6.33649616068927e-05
"IGLV2-8",17.685942433986,2.41934491884561,0.771563760140053,4.47195582790845e-06,6.48196467008439e-05
"RUNX1-IT1",13.8554565371777,2.37769447125982,0.72346079170127,4.5917120376518e-06,6.64311514289163e-05
"FGF10-AS1",9.34217516298474,-2.134805731212,0.62016610269539,4.62156443312938e-06,6.68214372145372e-05
"CITED4",39.0167733431737,-1.45074077220255,0.378655130845579,4.62604163347618e-06,6.68445754687929e-05
"MIR3606",201.552418485701,2.00601482988786,0.684047211531502,4.64031118748002e-06,6.69674723236636e-05
"LOC148696",132.704148737414,-1.51359590793854,0.418615848855647,4.65544117401533e-06,6.71441189809101e-05
"LOC102723407",12.1354376302972,2.6798557224918,0.760192094256723,4.68966748054397e-06,6.75957964704957e-05
"ORC6",18.3640775008845,2.02797554125151,0.573619062881419,4.7622663489269e-06,6.85996643628745e-05
"LOC105374739",11.9160678996976,-2.47793477411001,0.939251122998609,4.76651139912244e-06,6.86162861114642e-05
"LOC112268153",24.1399102706094,-2.97904737549156,1.2013692864696,4.76932653626059e-06,6.86162861114642e-05
"COL1A1",6560.89537572476,2.15274625226332,0.905114665608377,4.78741904744192e-06,6.88339613659115e-05
"FRMD5",25.2960581818114,1.89984205070083,0.545219693516571,4.81976920340495e-06,6.92562383680359e-05
"WDR17",55.1125443975992,-1.6052340451566,0.445737771498108,4.82795388179853e-06,6.93309693718102e-05
"GSKIP",323.04542660984,1.40615283412292,0.380557462436492,4.83449721952637e-06,6.93820524371187e-05
"TM4SF18",53.5363070351229,-1.15256035333473,0.285505047912424,4.83981134448838e-06,6.94154423390046e-05
"PELI1",436.274201352168,1.02491070731169,0.250678148324439,4.86167277484727e-06,6.96859758936313e-05
"PSMB8-AS1",79.4632262730806,1.21238257462618,0.305564989391192,4.8751057216988e-06,6.98354386212525e-05
"107985208",9.96727947115821,3.11096830298226,0.953303022506053,4.9024066532667e-06,7.01832523651582e-05
"PTPRR",50.5966570989946,2.28155920739416,0.779056038017755,4.91503620535756e-06,7.03207304381053e-05
"IGSF1",17.8573354856748,-1.92417097946495,0.569792574188495,4.94534602024989e-06,7.07108398649269e-05
"LOC105370823",8.82260851984241,-2.53654373523412,1.02213767961997,4.96908378875964e-06,7.10065570921466e-05
"GATA3",10.4110706261475,2.21381246952484,0.610441470771464,4.97412164332882e-06,7.10348594853996e-05
"PTGES",30.924082570048,2.23306312933317,0.697998847136829,4.97832738321129e-06,7.10512510742717e-05
"HLA-DQB2",20.883614646805,2.06592210823229,0.56266943146226,5.0185152696624e-06,7.15808485516304e-05
"KIFC1",18.4623334045167,1.94910463175058,0.531842935763734,5.04853737345642e-06,7.19648870381963e-05
"LINC01320",8.31384101962356,-2.96438794472455,0.98943075657861,5.07817116742411e-06,7.2342922792826e-05
"ATOSB",61.291745203864,1.11091755481984,0.27318929427823,5.08335499367661e-06,7.23723978419584e-05
"TRAF3IP3",34.1508682812254,1.57816887795176,0.427020031841943,5.13184104303199e-06,7.29732721143502e-05
"SOX21-AS1",8.54290225972536,3.38934529565704,1.57941415465048,5.15159385950501e-06,7.32093475997547e-05
"PWAR5",175.957114898057,-1.33503403713998,0.348997973099294,5.16391241005703e-06,7.33395506403882e-05
"SH3KBP1",110.957102338498,1.16482116396571,0.294137987507439,5.19625559519746e-06,7.37538171987861e-05
"FOXQ1",70.6767671953204,1.94171568406895,0.617937990836536,5.20090546110648e-06,7.37747487111166e-05
"GOLGA8S",15.0783193984486,-1.50881847520458,0.390063672251434,5.21426264651647e-06,7.39190924904272e-05
"TRBV12-4",4.33872202338492,-2.72999402398357,0.839722426230945,5.22629255693317e-06,7.4044455829477e-05
"PLS1",602.833830951792,1.4461630141366,0.400672557021507,5.27131847597298e-06,7.46368584943523e-05
"CDH11",507.497463833784,2.05091560121375,0.722075602499201,5.3101850329339e-06,7.51413819976974e-05
"HS3ST3A1",25.9108017263379,2.29540506447844,0.742562235579202,5.36940348455858e-06,7.59331040558239e-05
"MET",760.392850839469,1.45567787353079,0.390876015567914,5.37736508206785e-06,7.59994389792254e-05
"LOC100128253",18.1873660342889,-2.37086617401663,0.842671595543856,5.39199262983921e-06,7.61598472670602e-05
"SFTPD",7.11571882045687,-1.72673530084827,0.448329061698323,5.40383193021517e-06,7.62807016394589e-05
"RAB11FIP3",147.170972259758,-1.06506870650123,0.263350388637389,5.40821684796525e-06,7.62962467896009e-05
"DIRAS3",45.4590317449782,-1.44624917028615,0.387106731607634,5.5099241075756e-06,7.76617373292119e-05
"IGKV1D-12",8.36103999121664,3.00823972799931,0.876273594328183,5.55697866222404e-06,7.82049662124625e-05
"TXN",626.819019527124,1.4134241108881,0.38193505654868,5.55514690975933e-06,7.82049662124625e-05
"LOC105373968",9.69335557277713,-2.14805552982653,0.602036082551311,5.60491799383402e-06,7.88318823164247e-05
"IGHV3-53",31.2191305817959,2.75828398557959,1.14057301468445,5.62808348097521e-06,7.90619828781494e-05
"BAIAP2L2",47.3658506332223,1.92321173052895,0.574964764299444,5.64380487220256e-06,7.92349282209223e-05
"TMEM54",49.2557493644229,1.30283613905749,0.332421516829259,5.67435076111514e-06,7.96156642116608e-05
"LOC101929007",58.3339894910471,-1.91445004236933,0.603884627263087,5.69553333603953e-06,7.98646451797698e-05
"SEC14L6",16.4235983167179,-1.51307020642644,0.400946608303617,5.71558627766737e-06,8.00974952723772e-05
"AKR1C3",465.00962012285,1.46291005828797,0.396194941355238,5.73968863870382e-06,8.03867784932388e-05
"CD200R1",13.3442746858042,1.45458268680814,0.359660759922413,5.74721186037641e-06,8.04436551661722e-05
"OAT",574.324686873723,1.02600553699047,0.254046303913758,5.76847175130488e-06,8.06926195915527e-05
"RNF5P1",10.0670830457048,-2.30598088745716,0.73342166666408,5.92138128888873e-06,8.27817654917748e-05
"PRR11",45.070581547154,1.76574734468441,0.51884794648413,5.94048875137853e-06,8.29490721984856e-05
"SLC3A1",503.199651011103,-1.51093391848637,0.426658355857872,5.97418340155153e-06,8.33694602612912e-05
"FBN2",39.0773080242021,2.44054834810906,0.934490094960571,6.00285459689634e-06,8.37192836487914e-05
"SP6",9.48047560682798,2.29389306962644,0.620283831930655,6.05144658314963e-06,8.43463475461797e-05
"APOBEC3D",16.1761118025877,1.85375335301155,0.512527919720262,6.0795511015337e-06,8.46576872327228e-05
"LOC105370223",4.58575919488369,-4.56500681093326,1.48388209492866,6.13741793540152e-06,8.53909615144037e-05
"FLJ32255",15.8411146760114,1.59145709292995,0.405150623721813,6.15086552353367e-06,8.54246027730454e-05
"AGR3",304.966398669557,1.82010886416099,0.6110404164091,6.15009717475055e-06,8.54246027730454e-05
"ARPC2",765.841451316584,1.00467082195756,0.248701949207668,6.23019855895454e-06,8.64230826969007e-05
"FRG2C",7.21806404611579,-2.52609352869102,0.84823692126821,6.26302894751397e-06,8.68266572765436e-05
"TP53INP1",925.636327928604,-1.16059584261428,0.300867983120962,6.28734121504534e-06,8.7059817122514e-05
"107984234",106.118110340917,-1.45221227946415,0.399499712920907,6.29336014602188e-06,8.70912584829175e-05
"BUB1B",29.8663927942851,1.84570019647792,0.536920039059528,6.33934014030196e-06,8.76753381904262e-05
"ADAMTS17",105.809338686305,-1.83801084270465,0.597375558687926,6.35254073433008e-06,8.78056418573227e-05
"GOLGA8J",28.125090342538,-1.15151605529788,0.286790310168691,6.39513304901647e-06,8.82893145537122e-05
"ALDH3B1",66.9011756418404,1.18354944926313,0.301002798351712,6.41351649422632e-06,8.84328419819774e-05
"TPD52L1",73.4286740875729,-1.4248416956749,0.387148178408937,6.52103496691356e-06,8.98140174607212e-05
"EFNA4",17.7809903050095,1.48295645112333,0.386679866733744,6.56557513224272e-06,9.03738970365282e-05
"DHFR",74.6449997971991,1.26152283294508,0.327947988335054,6.57759884454307e-06,9.0485795827684e-05
"MDFI",34.3471900891739,2.32570317556551,0.792532562355816,6.63392854181572e-06,9.12067039462061e-05
"MCF2L2",83.7927893942108,1.21880138599079,0.315168203711307,6.65692730225784e-06,9.14687793423778e-05
"CTSB",2037.11209920273,1.20873712337705,0.315621045979348,6.6693759277153e-06,9.15856676598493e-05
"LTB",11.2687709757239,2.32579540414516,0.662509698515599,6.71038223735319e-06,9.20943480714125e-05
"CXCL10",31.9192968370168,2.04582714799453,0.656896121498586,6.72863892055072e-06,9.22359441410006e-05
"TIFA",139.535162403297,-1.36629473405322,0.369502721917811,6.78265341501063e-06,9.2921551944441e-05
"TNFRSF1B",127.390624000229,1.14151266717863,0.290651904610366,6.81735970626407e-06,9.3341987492661e-05
"CD300LF",18.939119211867,1.94693331099783,0.584450527991803,6.85690259179195e-06,9.37728850619694e-05
"PRRG1",83.0864677376186,1.10369352419942,0.277805146692681,6.89511692076799e-06,9.4240024502379e-05
"RRBP1",2865.66142717877,-1.386473320348,0.385766188656284,6.92909234751733e-06,9.46487129303735e-05
"ZNF471",54.7845890111707,-1.28439401161839,0.334046447183357,6.98226052418031e-06,9.53189325965508e-05
"MSRB1",104.981647555585,-1.30564447508809,0.350253149379497,6.99794975753934e-06,9.54770185651359e-05
"DDC",94.3573895701041,-2.32967014771942,0.811744799749545,7.0270498494578e-06,9.58177835986808e-05
"GSDMC",11.0587096789568,6.14071678176177,1.92275826967448,7.05376229988544e-06,9.61256111658876e-05
"CD52",36.9501462370554,1.84969669394065,0.562161144014807,7.09952488255865e-06,9.66782573923822e-05
"LOC112268127",46.4998956232833,-2.19123630725141,0.858366264665382,7.10263763153847e-06,9.66782573923822e-05
"KIF21B",50.4146076175601,1.32149195568978,0.343853858634731,7.12082590375789e-06,9.68690807223739e-05
"LOC105376910",3.6367259964221,-4.32616274073025,1.42482162230379,7.1905608188064e-06,9.77033220029045e-05
"SULF1",1342.73821940939,2.14716055717191,0.990125130879026,7.18642968985868e-06,9.77033220029045e-05
"CHST11",142.071289584907,1.57510050620417,0.46143186577499,7.2127073024608e-06,9.79469632803488e-05
"CARD19",40.4320857540867,1.07259617376384,0.265555948775843,7.27025437895756e-06,9.8670771317219e-05
"TNFRSF9",11.1388931916727,2.49374885679835,0.812736092128423,7.28048088073476e-06,9.87518816484952e-05
"OLFM1",30.1904935604531,-1.27808364170134,0.331096540732004,7.31767247250709e-06,9.91984363469675e-05
"EPOR",30.6654739874967,-1.18563603818077,0.302100315491713,7.4897361493682e-06,0.000101471731446397
"LMF2",292.607536451985,-1.55010630657684,0.465416934113522,7.49485152651662e-06,0.000101481862015509
"107984656",256.086621268064,-1.53730835366662,0.455234393127716,7.50882989962596e-06,0.000101611917715672
"ARL11",10.4588510836507,1.71383144302778,0.453487235556108,7.54866768295276e-06,0.000102091556235976
"SHCBP1",25.146955828585,2.03507055476889,0.618287080394539,7.56592627256841e-06,0.000102265443247892
"IGKJ3",27.3132450566348,4.20285480956257,1.52476505114749,7.58280503947589e-06,0.000102433997146641
"ANXA9",73.090145084708,-1.32501117139503,0.357362503153522,7.6233826701003e-06,0.00010292231048215
"SLC67A1",42.4334611887631,1.5145460013604,0.418171818453961,7.67010181463973e-06,0.000103492924310775
"TUB",50.5378507817766,-1.26002137047033,0.331737816022441,7.68236634352014e-06,0.000103547099338866
"RAB3D",355.505607781563,-1.61730872408587,0.497237043823799,7.68302987993139e-06,0.000103547099338866
"ANXA8",134.048330515188,3.15440357241284,1.35424646153313,7.68782612030399e-06,0.000103551675307399
"LINC02256",22.5966261896597,-1.22682881556899,0.31241148280521,7.71825106948431e-06,0.000103901253533875
"DMD",608.91788392075,-1.56250534585665,0.46164168452227,7.73515394696809e-06,0.000104068501423164
"CARD16",29.8277313522958,1.31877443973814,0.341496779913067,7.74774368630911e-06,0.000104177560504278
"MUC6",2577.61566533591,-2.59809346346867,1.21712359797448,7.7772277902642e-06,0.000104513526724574
"GAS2L3",100.631132500998,1.40828706996531,0.392198878631358,7.78182409654368e-06,0.000104514845597221
"ADCY9",156.601062420938,-1.1358020232972,0.291527393920428,7.90128747990427e-06,0.000106045353453206
"KLF9-DT",29.223077867323,-1.50326584668883,0.418158440262889,7.96229872431889e-06,0.000106692047785207
"TPRN",127.525961350783,-1.79633646921189,0.582860461678492,7.96884121768684e-06,0.000106704479449102
"IL12RB1",13.198197012943,1.3736213420754,0.34686800240116,7.97460734897205e-06,0.000106704479449102
"LOC100420587",5.36784393802914,-5.85024981507063,1.98702802639496,7.97700369283795e-06,0.000106704479449102
"PTX3",76.1293174397138,-1.48278634662151,0.41345086986519,7.98435654891338e-06,0.000106741383437286
"LAMP5",33.9035238583182,2.49123285248814,1.12617272646448,8.02639499019512e-06,0.000107241683494643
"HSPA6",79.7191696987,1.86667347564236,0.556356688328396,8.03306150361567e-06,0.000107269071285351
"TRIB2",176.499273464932,1.10796391288764,0.285187711190679,8.11767555417275e-06,0.000108336698162667
"LINC03012",4.18819858416354,-2.59471036156142,0.744204749296216,8.13330233169675e-06,0.0001084206997573
"CACNB2-AS2",18.1942933982408,-1.85280770406974,0.550562423687511,8.12954189854749e-06,0.0001084206997573
"NLRP1",92.5235257864746,1.38131503740263,0.378991396094033,8.14322307765214e-06,0.000108485101930357
"RASIP1",34.2614655817986,-1.34115195356262,0.357194170651265,8.14747161043569e-06,0.000108485101930357
"LOC105373177",7.3084002205808,-2.65705459917858,0.944233652841324,8.18566183092664e-06,0.000108868833795982
"SPMIP5",11.5483407560809,-3.5553903312539,1.53953182760369,8.23827083283116e-06,0.000109505848284229
"PSMD6",472.204298369597,-1.38369482199061,0.376777274117591,8.2432862999896e-06,0.000109509866884081
"CD74",1765.66862518955,1.2423011129419,0.332714589513437,8.26299936689537e-06,0.000109709023022751
"LRP3",45.5039563127613,-1.36316449885098,0.36544406353465,8.26945571821831e-06,0.000109732040898231
"LINC00926",11.6389408926879,1.80177643992208,0.490488052190828,8.40841686937592e-06,0.000111448697067855
"CHRM3-AS2",20.3877585042794,-2.19668827346733,0.800363897240388,8.42110706250152e-06,0.000111553262598189
"BICDL2",145.697223740822,-1.8542636541455,0.646700254131392,8.43900960705785e-06,0.000111726716934467
"HSF2BP",9.21424603211756,1.61587502992842,0.423206069968281,8.46562217488437e-06,0.000112015222798086
"CCDC8",50.1261679915274,-1.28579551791198,0.34026286430636,8.47088187168928e-06,0.000112021024637849
"CDCA5",16.1344159951933,2.27934581885093,0.71739696348011,8.49019125385333e-06,0.000112212510684461
"SLC16A7",767.047632342631,-1.34048199612462,0.369511983167789,8.53402380755015e-06,0.000112727710726792
"MGAT3",42.942211215258,1.74844936363912,0.530197361994661,8.54169823720577e-06,0.00011276497644402
"CBR1",189.66697253393,1.23025270871204,0.327046399833396,8.62199606715e-06,0.000113687730999213
"LOC105378726",13.7435586479147,2.50191489135442,0.818871316381962,8.63589739969953e-06,0.000113750043130396
"FHDC1",65.3555864639986,1.32528355512832,0.356989311521883,8.66151541577532e-06,0.00011402283891532
"GOLGA8R",53.1992903708612,-1.09016188464029,0.276922116776505,8.6986886802494e-06,0.000114447356447109
"SLC67A1-AS",11.5449431365065,1.84423469283095,0.508501686320837,8.8196124482086e-06,0.000115710725710969
"IGHV6-1",9.42925925917481,2.94094326126171,0.830624334583815,8.81853122627892e-06,0.000115710725710969
"TEF",96.7758849010137,-1.07528128290609,0.274529229966158,8.81099471564754e-06,0.000115710725710969
"GPA33",85.1432710609988,4.67641126130047,1.65132218484619,8.84931101234146e-06,0.000116034842760583
"PTPRN2",427.93671688761,-1.53889065301957,0.462763991126881,8.8799104021971e-06,0.000116370399433192
"TMEM44",43.6218502224987,1.33691344574585,0.357102929511951,8.96377251134722e-06,0.000117403187317448
"IYD",74.9656484623353,2.34561587790318,0.881975167257603,9.08316950817694e-06,0.000118632627050304
"TRBV14",4.11801345252865,-2.71100738755714,0.821069192622688,9.16356786032967e-06,0.000119615449008292
"RHOBTB3",1072.32382797829,-1.27716114018615,0.348736820400175,9.25084526739831e-06,0.000120619186188552
"BBIP1",366.65973112411,-1.25083344214845,0.337309262459225,9.26659167920295e-06,0.000120692808037252
"SERPINA4",117.607211485587,-2.14375253100702,0.896891630157071,9.26688054824432e-06,0.000120692808037252
"LOC102723996",21.7517074893681,1.17258441874054,0.293932975066277,9.29838081139651e-06,0.000121035225855909
"RRS1-DT",15.9734781688092,-1.79822428911886,0.544896830565541,9.33248716565906e-06,0.000121411164218414
"RAB26",58.3576771370085,-1.50538478203246,0.437340516459574,9.34458012963016e-06,0.000121500458484587
"PLIN4",401.622336132644,-2.05685305435467,0.813083374781972,9.38582405038313e-06,0.00012196846857419
"BISPR",15.2952129784161,1.71401600623862,0.475279762482521,9.39802014259596e-06,0.000122058690896153
"PML",129.518415974378,1.08434310169297,0.277792035652021,9.45725776987519e-06,0.000122759432560363
"TLR6",49.6121656006337,1.24755955923768,0.329371995504139,9.4745812872469e-06,0.000122915631607583
"ECI2",205.022630160075,-1.27600967613816,0.34835833215127,9.49413271046217e-06,0.000123100543263163
"LOC102723654",22.0061943180313,-1.78603685802865,0.568507504920654,9.65280736838181e-06,0.000124879164367679
"DCT",7.15570334607735,-2.17099251638393,0.684626234573029,9.64533009166023e-06,0.000124879164367679
"ERRFI1",3479.74282633967,-1.55224297236097,0.47615884259832,9.6861009807087e-06,0.000125170498490971
"CHRNB3",5.42033549086735,-4.90740595795674,1.56767096223155,9.7339523651157e-06,0.00012571894563839
"CXCR4",204.618161968892,1.76887232698675,0.585302807596232,9.75269382805594e-06,0.000125891022830489
"IDO1",21.4955741773589,2.41807091803466,0.825137528317661,9.78552516753901e-06,0.000126244684768334
"VCAN",3364.5222672002,1.98663203282022,0.779038673714732,9.8241742326929e-06,0.000126672967978146
"LOC107986064",22.3774334816931,-1.82056891924936,0.575112702572369,9.86340723705638e-06,0.000126967461026596
"SCAMP5",79.1110248485371,-1.65161386522422,0.49074345176584,9.85935395517452e-06,0.000126967461026596
"MIR216B",9.37598219433177,-4.39239703062889,1.36427638611923,9.88753989643973e-06,0.000127137238236733
"LOC105369812",13.1907596405143,2.58814328769089,1.00786037956073,9.88670457308566e-06,0.000127137238236733
"PTP4A3",86.6928811152491,-1.05251476080025,0.267472688118477,9.95773311037405e-06,0.000127898246998088
"TUBA4A",97.3397275842655,1.22312460835658,0.326241626058029,1.00191057075093e-05,0.000128615426029822
"TRERF1",81.071137339419,1.09314066492171,0.281232673891309,1.00270716907692e-05,0.000128646610013817
"LOC101930434",5.87546471814279,-2.88656661507338,1.04152182480142,1.00494507085577e-05,0.000128862575724801
"CFAP221",79.2469486537524,-1.97796859723577,0.712066214893743,1.0088644364022e-05,0.000129222520285585
"DTL",30.6799853338202,1.75989878553249,0.52344365278689,1.01042226898364e-05,0.000129350751624434
"H2BC8",32.5982591595522,1.53232409143129,0.433114686571762,1.03135281832089e-05,0.000131884880207407
"KMO",34.9297072174824,1.55917545558982,0.449336656236567,1.03500315488651e-05,0.000132206147904278
"112268296",31.812833892092,1.81358309799231,0.554962842903541,1.03445364022751e-05,0.000132206147904278
"TNFRSF10A-DT",10.913793046488,1.9470708041868,0.568823267068146,1.03802963963814e-05,0.000132519882840616
"PSMB9",96.6290715473953,1.66030179062489,0.50437211914695,1.04014171626143e-05,0.000132716599546042
"AHR",1904.01365829248,1.34637444981605,0.365017158346431,1.04333321202797e-05,0.000133050752916958
"HAVCR1",18.7346417924094,2.86715350669333,0.901608139050617,1.0459417908861e-05,0.000133310244164775
"BID",96.023346735201,1.15836762284523,0.304737054037063,1.0504046954908e-05,0.000133805663923951
"BMS1P21",12.7280940531856,-1.54956882739974,0.427559428340251,1.05244767646038e-05,0.000133992448014011
"RNA5-8SN4",3838.97651519065,-2.05087981719288,0.892641886222915,1.05448793623728e-05,0.000134178681262175
"LOC112268090",8.45017699382705,-1.33826535673295,0.342004452129657,1.07105783867168e-05,0.000136212528087227
"C10orf71",4.98636007464502,-3.57731322675437,1.33374380739322,1.07301518448857e-05,0.000136386804220963
"PRSS43P",4.87793331814072,-3.16985951930673,1.14934693813343,1.07589959333831e-05,0.000136678660750222
"LOC107986918",28.6126273833257,-1.03504603169811,0.259320050843392,1.07974651966362e-05,0.000137092406472044
"TRAF1",51.8907030547766,1.30529702597267,0.348158878067187,1.09642763185514e-05,0.000139058384422239
"NCAPH",18.3430388701801,1.73999262116747,0.496039541675257,1.09822678943128e-05,0.000139210580755242
"PBK",30.5582157806702,2.03741863611536,0.629499186669774,1.10247147867779e-05,0.000139672436243612
"LRRC31",42.1462377758435,3.76793041311704,1.23157225079004,1.10538051746905e-05,0.000139858758960801
"PARPBP",34.6843675713215,1.51412768032964,0.420629389327657,1.10491174859532e-05,0.000139858758960801
"RASL10B",13.7905817727804,-1.69284552537178,0.492777583381668,1.10574796733803e-05,0.000139858758960801
"PACSIN3",40.5417086310428,-1.3911463579327,0.38275320331419,1.10955686284407e-05,0.000140264165985755
"LOC105377459",7.47518663757993,-1.47531044215595,0.388013860963747,1.11455423891373e-05,0.0001406663103811
"PRODH2",7.04788373762988,-3.79241314031086,1.85926896431804,1.11399940361197e-05,0.0001406663103811
"TYMP",135.413963807234,1.37883583420626,0.388807869441227,1.11558004478612e-05,0.000140719339525546
"ACP5",92.3975968999244,1.42012324839331,0.404210736564722,1.11647295215046e-05,0.000140755556392924
"ZNF418",36.5574367221059,-1.0851233908552,0.276914216587582,1.11915550476416e-05,0.000141017235104096
"CLIC1",848.04088483432,1.24697406999664,0.339527589875471,1.13504301903883e-05,0.000142941596462695
"RAP1GAP2",292.623898582861,-1.26455287148553,0.350095082484688,1.13956492004543e-05,0.000143433320245155
"FCRL1",14.6793651954917,2.84142742912493,0.903956387377205,1.1416961177866e-05,0.000143623764465466
"SLFN5",463.832137361529,1.13829841434075,0.302671676205974,1.14482257866507e-05,0.000143939137528587
"SLCO4A1-AS2",22.3219488995473,1.54048035310045,0.420294578860173,1.15317676593608e-05,0.000144832768413647
"DPY19L1",335.937920563079,1.3044333247207,0.355670934422579,1.15865508892154e-05,0.000145442198763328
"MNX1",23.6599457627187,-1.57209762964152,0.455320180362081,1.16161014445775e-05,0.000145734404462613
"NMNAT3",44.6325620583116,-1.23944143035444,0.333134597415135,1.16400877313833e-05,0.000145956523712191
"CCNA2",62.9096286893563,1.5856852935494,0.47297232964867,1.16521686259276e-05,0.000146029200659885
"EVA1A-AS",8.79559864708435,-1.69785429664458,0.463761904454146,1.17282360768572e-05,0.000146903269674273
"SLFN12L",29.6708118559803,1.53635288249382,0.431409547667692,1.1734672855037e-05,0.000146904700316156
"IKZF3",80.6666461133221,1.36816538442783,0.376787642914819,1.17747777829573e-05,0.000147168887459393
"TGM2",868.651171011452,1.89296708000291,0.681485832950846,1.18582304245038e-05,0.000148052651216199
"LIF-AS2",8.51045182871571,2.15528777422316,0.600296371217585,1.19141459899475e-05,0.000148670881888523
"IL10RA",80.6331424814018,1.31308024154024,0.358155809318034,1.19284687560024e-05,0.000148769710974619
"E2F7",19.0027719965588,2.15663375369028,0.675368226672024,1.20137614634891e-05,0.000149677035778658
"DUOXA2",56.0155354303384,2.66195373444701,1.4633523805874,1.20141025060123e-05,0.000149677035778658
"105376514",11.8298642236322,-1.97660741746476,0.642582122831958,1.20928440872823e-05,0.00015057729494534
"TRBV17",5.47194687698842,-3.56642237911067,1.30760218768362,1.23765900571271e-05,0.000153780786084143
"CASTOR3P",146.485967478121,-1.24134533901403,0.340735290033775,1.23852562452326e-05,0.000153806215316932
"PELI2",720.672798929056,-1.41609524693275,0.420584511230678,1.25746767100318e-05,0.000155991785028077
"SCN1A",3.75981634295057,-2.63410141497912,0.802495933777756,1.25933607704291e-05,0.000156056926667158
"C5-OT1",11.8246283716462,-1.97862522543589,0.651649519438681,1.2589696407831e-05,0.000156056926667158
"AASS",493.22027156362,-1.37458810053786,0.39991118073038,1.27246409260511e-05,0.000157515733573148
"SLC13A3",26.0325179582532,-1.40796957081419,0.395761483243599,1.2993201634286e-05,0.00016075454737627
"PYY2",6.65409691353414,-2.39742393949135,0.834445823183066,1.30050445155255e-05,0.000160815438700497
"E2F2",8.48752069871752,2.07059678307871,0.570155280605058,1.30456049116653e-05,0.000161231186235395
"ETV7",20.1001406501128,1.73483447982249,0.5066755932242,1.31789963473029e-05,0.000162793184545233
"PLCB2",58.2622906595501,1.45640390885709,0.418645699860938,1.32373308789717e-05,0.00016342687724384
"PTAFR",67.8207929646258,1.52583978772748,0.458520258027822,1.33636215695702e-05,0.000164461730492035
"ZFP28",56.5685493055129,-1.13812070052096,0.300994411879433,1.33609692756082e-05,0.000164461730492035
"HAPLN1",9.07211732330126,4.17159712379168,1.362120281511,1.33900761389918e-05,0.00016470006304366
"COL5A1",1155.67372907449,1.86015175591155,0.689170566516963,1.34167375879195e-05,0.000164940686695931
"PIK3C2B",169.404369134962,1.06802046617016,0.28000598316583,1.34861906700745e-05,0.000165706843056151
"MST1L",97.4037974442227,-1.9757848117631,0.724986815408317,1.35895854124736e-05,0.000166889015358786
"C2",76.9892128238685,1.35214452183827,0.382709023309761,1.36090560171184e-05,0.000167039839702982
"COL16A1",462.550704221,1.57165563521472,0.488015859831524,1.36932441877446e-05,0.000167807240876712
"CYCS",759.599736272429,1.04909564651208,0.276229320024862,1.37992590020315e-05,0.000169017281450818
"BSPRY",107.448102207922,-1.61895892133867,0.509750347128459,1.38603924031957e-05,0.000169676616168731
"BCL2A1",45.1760682206424,1.80121697403735,0.58323622455635,1.3905906675907e-05,0.000170144150402685
"TINAGL1",289.690692589953,1.32644511720488,0.378454555106723,1.40943885157285e-05,0.000172359535348922
"EDA",28.5198728205401,-1.42655453075679,0.408363415007415,1.42640431192177e-05,0.000174250810659844
"STRA6",24.7890784463373,3.03600833081921,1.13228112557039,1.43553566453429e-05,0.000175274152209428
"NOX4",91.568094337516,2.08333365242979,0.843430504145737,1.44696616958818e-05,0.000176391704881329
"H2BC13",29.9350060869899,2.35155839426579,0.972459475209002,1.46270740310763e-05,0.000178217129057188
"SERPINB7",10.6048322097857,3.48456486270126,1.42162796387206,1.46457288655448e-05,0.000178350896326485
"IGHA1",786.889818240985,1.8228125722835,0.706051541148877,1.48759755200301e-05,0.000180870377398168
"EIF4EBP1",114.600908893107,-1.3196419380501,0.376512454835848,1.4965280554179e-05,0.000181670999830904
"SLC25A15",200.865892597019,-1.51039674328146,0.466226106133771,1.5003277375939e-05,0.000181942145005189
"DNAH12",37.5760769614803,-1.63022965106271,0.500163008975954,1.50123435219279e-05,0.000181957121404274
"DMGDH",30.141619001279,-1.50708791524614,0.444848368988331,1.51310735087908e-05,0.000183300569852322
"MKNK1-AS1",49.1271563818774,-1.56259428929419,0.478453185001464,1.5164616577609e-05,0.00018361118612858
"TMEM266",21.4388870036845,-2.01058088459584,0.691900991581369,1.51892384442873e-05,0.000183813518360945
"IGHV4-55",9.0656826350378,2.39921810084715,0.695067070430647,1.52948038231215e-05,0.000184898421867964
"FAHD2CP",10.9028091209863,-1.20480068134941,0.311327827557099,1.53274579937809e-05,0.000185196820845293
"EHD1",111.564257317,1.04762233226185,0.273127074480214,1.5376407216785e-05,0.000185691695260914
"NEURL3",32.9245272853516,-2.22542307986587,0.927022718620346,1.54072648909109e-05,0.000185967688176787
"SLC25A21",13.5005059790282,-1.67217986423876,0.503541012491208,1.54383045000142e-05,0.000186245589334284
"CKLF-CMTM1",61.389002261229,1.6015740531549,0.479938859874472,1.57662607350746e-05,0.000189906204343939
"LY9",10.636571984921,2.24189205243493,0.676793502234673,1.57837099953751e-05,0.000190017876550539
"TRBV13",4.65889464460352,-3.10065314198224,1.06352019706523,1.58216849056496e-05,0.00019015641223054
"DHRS2",37.8493696036176,-2.0266921894999,0.746417468088334,1.58279535723635e-05,0.00019015641223054
"DLGAP1-AS2",8.56102814855135,1.56414120130365,0.420179634261964,1.58073156138234e-05,0.00019015641223054
"SPC24",18.7930238616543,2.19707366377696,0.709001644724799,1.58240424003696e-05,0.00019015641223054
"H2AC12",62.3931666922463,1.70959756224248,0.559807863186135,1.59776160753892e-05,0.000191756151607267
"ADAM9",1083.14661181687,1.38585679446369,0.405777206040729,1.60222966265246e-05,0.000192193114154516
"TMT1A",894.575847749933,-1.30817720492471,0.380383605469397,1.60434418434314e-05,0.000192347456776124
"C3orf80",14.9016976878273,2.41961704352259,0.784845044535195,1.60801146776871e-05,0.00019268770734196
"LCP2",127.153406401546,1.34140003331181,0.382442174254376,1.609629454063e-05,0.000192782166830689
"CMTM6",798.762899798751,1.07709124466353,0.288367278332597,1.62134962857897e-05,0.000194085824935767
"FAM111B",26.0558167096817,1.60566504554596,0.465730429442259,1.62927995849167e-05,0.000194934705641369
"KPNA2",143.894412896315,1.34207612603919,0.39596446132521,1.63525886763443e-05,0.000195448764349207
"105374085",7.63127065241876,-1.41350523447706,0.374067656091146,1.63816561232256e-05,0.000195695516721412
"SRM",78.2184483613515,-1.20923636091174,0.334225735361343,1.64123225450208e-05,0.000195961107057327
"GMIP",64.6235196882941,1.05187303938866,0.273974036619934,1.64319487515564e-05,0.000196094673468112
"GGT6",96.9107377648698,-2.17552340381839,0.95160735281221,1.6484228673154e-05,0.000196617583788878
"SIGLEC11",37.3607552298792,-2.16177298476294,0.988155530811795,1.66440132051189e-05,0.00019824924604831
"RNA45SN2",314343.592099075,-2.4900850328238,0.945850994370512,1.66466227260707e-05,0.00019824924604831
"DPY19L2",140.273059909872,-1.45877106472401,0.450891458932424,1.67074705364289e-05,0.000198871966144429
"NPTX1",36.5248505912335,2.2342627777617,0.83195749011033,1.67335799311783e-05,0.000199080762775693
"CA13",92.6335692079863,1.25136922849861,0.348051223347195,1.68021256976475e-05,0.000199793956287021
"ACTG1P4",15.8450998135446,-1.80425696451881,0.585122396074094,1.69096933958735e-05,0.000200970192354537
"HLA-DOB",8.35880404037529,2.5477960520228,0.836235808666103,1.70441954701115e-05,0.000202361717806869
"LOC100128770",57.7950320499602,-1.748050803039,0.601418337497717,1.71121790530823e-05,0.000203065107404682
"SNHG4",19.1029747460551,1.25539988252807,0.335249112118661,1.73097248959559e-05,0.000205199723447722
"PKM",1496.39011072381,1.38569663138902,0.412822555218851,1.74140574932175e-05,0.000206331272746001
"PEX6",195.095477228326,-1.43801395586682,0.441460708905528,1.74511830583039e-05,0.000206665768786795
"GSTA7P",5.37799644292556,-3.58107268688361,1.81883503343773,1.75714466810736e-05,0.000207878087390399
"ROCR",5.64135424062815,-4.56939517865839,1.63586955780236,1.77375283577181e-05,0.000209416398064827
"PNPLA7",136.54757280634,-1.42626631684393,0.42839650409638,1.7763066549847e-05,0.000209611402379734
"ADD2",29.5075263345054,-1.66353880707723,0.518026714172853,1.78786802405809e-05,0.000210811791391185
"ANKRD18A",145.426162943816,-1.23907204006908,0.350737777571791,1.78829369843782e-05,0.000210811791391185
"LRFN4",20.1814507804683,1.60200270524604,0.46124482417786,1.78938798154886e-05,0.000210833822268194
"ACTN2",11.3416599801545,-1.65116019694192,0.47757251334315,1.79283316823168e-05,0.000211132684560887
"ZNF703",49.9647635047092,1.33822528124445,0.378384858951578,1.79713196176304e-05,0.000211531717991714
"ATP6V0D2",5.44759590669419,3.19536706950743,0.971600960033745,1.81819314479504e-05,0.000213685977335927
"CD247",13.9169506327842,1.72684405196629,0.502662378068413,1.82955146299888e-05,0.000214803578791202
"UNC80",88.4269020536539,-1.73206813949166,0.609094457428871,1.8286714501739e-05,0.000214803578791202
"TRBV23-1",5.27962196956145,-2.60604947161476,0.767137004777673,1.84499913481509e-05,0.000216507853017317
"LOC441239",6.59811600891592,-1.57943864528876,0.436615655051987,1.8677576395162e-05,0.000219067888713574
"TMEM92-AS1",5.82775856267414,2.74112273568684,0.832470250796471,1.87408316636236e-05,0.000219698901969876
"TTYH3",151.502178270431,1.30815815843755,0.379748349544999,1.8805825161088e-05,0.000220238582468689
"BTN3A3",68.2620334364049,1.17248935357458,0.320311315642135,1.88252827135026e-05,0.000220355387329084
"ITGB2-AS1",11.0227463112933,2.16493500957487,0.68845730673771,1.88382989164233e-05,0.000220396714664197
"NRG4",226.237997292546,-1.25479291668664,0.358647553249944,1.91113548420731e-05,0.000223254062219995
"GOLGA8A",962.893120685736,-1.34377910813769,0.400038168477875,1.91607701342118e-05,0.000223494223929925
"H3C15",87.7749695896449,1.98328432591741,0.738756154903727,1.92629538901189e-05,0.000224526156420723
"GIMAP2",53.1186310536961,1.37422476114652,0.39786705851346,1.92782303447102e-05,0.000224526156420723
"FUT9",80.3103420817473,-1.94228440765114,1.91050650236241,1.93543481274362e-05,0.000225299738848186
"ATG2B",827.147184681038,-1.01692853101425,0.273602227734159,1.93772844787779e-05,0.000225453783106862
"TNS1-AS1",11.3341629003802,-1.35421412067731,0.369039236248503,1.95134610002934e-05,0.00022689247896459
"105375586",6.84960368040318,-2.48887345550002,0.919864179414619,1.96801970548689e-05,0.000228634689284939
"STK10",135.20220760771,1.05071846911243,0.281125267462244,1.97881951261057e-05,0.000229725072852354
"CHLSN",160.452027260843,-1.03131235934604,0.275270742557423,1.97938280977152e-05,0.000229725072852354
"LRMDA",40.619890859626,-1.07744525724434,0.286253391007921,1.98308489525398e-05,0.000230039827964185
"KIF2C",22.4684130189412,1.77856677899396,0.545119711784845,1.99281975532182e-05,0.000231053727619274
"CDA",13.8957685844752,3.15540874978816,1.25130106315032,1.99623338048651e-05,0.000231334077783561
"PPP1R14D",19.1506761149133,3.43346437011598,0.966955504999971,2.00157973834955e-05,0.00023183801206656
"BTK",33.6678813842523,1.55439225997623,0.469261558985713,2.00812505713869e-05,0.000232480247646325
"MBL1P",12.285313169637,-1.78459374059482,0.562886474291053,2.01893529090778e-05,0.000233615346037063
"FAM3B",366.379642535522,-1.97794291738747,0.941733331546723,2.02040199358429e-05,0.000233668692488457
"TRBV8-1",4.43536164529525,-4.57740324468659,1.52712471079449,2.02457968757679e-05,0.000234035368362421
"MIR3142HG",8.78425843757747,1.99508772224863,0.615415638520548,2.02942361700191e-05,0.000234478656096665
"CASR",76.0621817475795,-1.92484788372296,0.690763923743329,2.05522325389845e-05,0.000237223608069203
"105374997",22.320969782948,-1.20490684807901,0.326690215949816,2.0607043224941e-05,0.000237738157562813
"GSG1",7.10091275176256,-2.04818745111771,0.662463569548361,2.06484971510272e-05,0.000237980075051645
"ADIPOQ",159.892962104855,-2.54108877986185,1.09285741037444,2.08059598918782e-05,0.000239557224027647
"TSPAN8",1747.25056370939,1.88781190769611,0.859842375981035,2.09297235287637e-05,0.000240743626827141
"PLEKHN1",9.42850693171729,2.00290264042712,0.607483844378368,2.09611078042932e-05,0.00024086614235052
"NOP10",146.375686169098,1.12423589460725,0.310364819837195,2.09592924315936e-05,0.00024086614235052
"LOC105376815",5.03368409168406,-3.01177018459703,1.12877401116271,2.10144517071092e-05,0.000241359755518874
"IGLV6-57",7.39102602215172,2.78684895878164,0.816265741415719,2.10703663109389e-05,0.00024188239191436
"MYCL-AS1",8.60823450450726,-1.98393732303891,0.630818264999281,2.11976405620524e-05,0.000243223298004587
"IPW",61.0690097109443,-1.13988005465309,0.312339434278786,2.13050788728311e-05,0.000244335393687182
"LOC101928543",9.20895889493643,4.27824600713789,1.63917684865109,2.13419710234622e-05,0.000244637738890056
"FAM83D",29.1711450988357,2.63112009841258,1.10579964035397,2.16501058498459e-05,0.000248047440542983
"IGFBP5",1708.54613495059,1.75317325154562,0.649732899139204,2.1661641594104e-05,0.00024805729050715
"TMEM171",13.096929234047,2.7010521234644,1.00373583533793,2.16826736346794e-05,0.000248175823596934
"IRX5",5.03053864971238,3.74287336289981,1.22331841326988,2.19494288096581e-05,0.000250981780704924
"GNA15",33.9148801679986,1.9159954894596,0.662434559886405,2.19449791511151e-05,0.000250981780704924
"ITGB7",24.2187066467549,1.2693996955488,0.345606211484407,2.19796248241588e-05,0.000251203434721756
"RASAL1",49.9600685323329,1.38144701889177,0.40580200245831,2.2027920580474e-05,0.00025163162963978
"RNF150",77.7563324588437,-1.17894541466172,0.329306664765478,2.2382189164692e-05,0.000255171731925167
"PSMB8",201.549077534389,1.30554304811894,0.384378639247646,2.23927334364285e-05,0.000255171731925167
"RUNX3-AS1",15.0123874638342,2.33180113399338,0.765364456163571,2.24878134298967e-05,0.00025612958090375
"ARHGAP30",72.2858420935461,1.2002444092048,0.335723487408993,2.27927363626331e-05,0.000259348300384809
"MIR210HG",17.2387153084662,1.64889054723987,0.493051850365854,2.28602633550966e-05,0.000259989338744821
"ERICH5",49.1754096217453,-1.73760595668355,0.600961447750939,2.29116197014408e-05,0.000260445931390889
"TSPAN33",31.0382006580618,-1.10272735066971,0.295823845660598,2.29600831671426e-05,0.00026086920899196
"MICB",18.5478781036004,1.69046583754498,0.499861668635061,2.30140823570214e-05,0.000261354938204004
"PLEK",102.780216893577,1.35659936573849,0.401441205479871,2.30624160548747e-05,0.000261775885214955
"PDE8B",78.0842932622657,-1.14163516742538,0.316836031918233,2.31675688032648e-05,0.0002628410454804
"PEBP4",6.72790117171588,-3.05292023527051,1.27144285035849,2.32824271316988e-05,0.00026401522420938
"DGKH",491.65364390804,1.30904754299193,0.395127310848575,2.33252711808758e-05,0.000264372037018365
"IGKV2-30",12.9215239976435,1.95122284702589,0.639889660630927,2.33461042842919e-05,0.000264479148242575
"IGKV1-16",10.3766132796766,2.79288231323843,1.0294250608641,2.34493360170358e-05,0.000265519162941436
"IL2RA",28.0286110921716,2.02180784733702,0.754997337428843,2.3490186867463e-05,0.00026585216359742
"CIP2A",70.2256205153689,1.22169313401267,0.344153072489535,2.36779540394518e-05,0.000267767474591402
"RNA5-8SN1",740.029567838853,-1.97476428956421,0.723320439863603,2.36824687017574e-05,0.000267767474591402
"GRAMD1B",112.328619495324,1.49628822843649,0.46468715179173,2.37174301448783e-05,0.000268032339210237
"LOC105376156",24.5265572331068,-1.07131022936904,0.285673056390676,2.37581438223741e-05,0.00026836192110494
"LOC107986475",6.69734179240094,3.22192094847041,0.9564608193328,2.37797304261498e-05,0.000268475236371035
"BTLA",7.80884117834654,2.61306988547846,0.864706170196424,2.39514146362657e-05,0.00027028223364431
"PHACTR2-AS1",13.6411463646209,1.82901634311846,0.578184162478059,2.39733786719536e-05,0.000270398763807205
"SYDE2",147.445619934904,-1.13467075958747,0.314226555689988,2.40847923947281e-05,0.000271350813375865
"ARHGAP4",66.0544337802869,1.23278689379401,0.348145024704116,2.41337658237111e-05,0.000271680256256748
"TNFAIP6",56.7326942970873,2.21705694569015,0.942338557603304,2.42774686461199e-05,0.000273033390122263
"GUSBP5",6.26805733637045,-1.39339646677704,0.373359886082358,2.45296734500263e-05,0.000275602979986151
"UBASH3B",102.783291579183,1.51331668967677,0.479164393850915,2.45550971139174e-05,0.000275731001056445
"IGKV2D-29",4.58238527549511,2.8947713903065,0.886157530702744,2.46259495395794e-05,0.000276283890657715
"MTUS2",30.2279154923147,-1.83549707669102,0.662916212791006,2.47524935617794e-05,0.000277435691224285
"CDC6",30.5757848799164,1.62614529594696,0.504010797586962,2.47445486579425e-05,0.000277435691224285
"FUT2",100.25705539655,1.37868712740096,0.415634830807773,2.4809189142525e-05,0.000277937082799696
"PATL2",16.5545039101817,1.77507048881708,0.55446517004503,2.48412995057469e-05,0.000278162695911339
"ADCY5",74.6060339472637,-1.56648839410174,0.511835551750136,2.4922301562687e-05,0.000278935297114178
"SEPTIN9",441.654306124505,1.06168923524017,0.29187828966137,2.5050282355737e-05,0.000279963112330712
"MEI1",10.8694986245695,1.83555205579731,0.550108822274082,2.50657865168656e-05,0.000280001706595852
"STEAP4",245.947858763798,-1.14728072472094,0.326450534054716,2.51039393327932e-05,0.000280293142910836
"KLHDC7A",23.1129792029452,-1.36823196408177,0.399152862058334,2.51604964525578e-05,0.000280789690237838
"ENPP1",412.899786917917,-1.55739614108104,0.528367937326402,2.5203608022589e-05,0.000281135781279335
"DSG2",2029.00683946196,1.26074838261374,0.369817012251449,2.53233397734321e-05,0.000282335796370295
"ADTRP",34.7326126178413,1.9594172921177,0.674332144256945,2.54093514295383e-05,0.000283158887513344
"CDNF",13.5946818329402,-1.58773966625327,0.484442755199047,2.54298892713509e-05,0.000283251906625042
"XKR9",53.0643813898128,1.63499031027939,0.524584194594054,2.56309478973262e-05,0.000285354611592896
"GDA",341.978332398585,1.37533085478716,0.420823517732858,2.56733519214842e-05,0.000285689814126286
"FYB1",238.294826053934,1.49560952183367,0.480346439078023,2.5861972808911e-05,0.000287238498190749
"CPNE5",13.8533302624175,1.79155424417516,0.544934068016626,2.58520790567456e-05,0.000287238498190749
"COX6B2",12.8952254488007,2.27412198714797,0.705867858523647,2.58264046029253e-05,0.000287238498190749
"ZC3H12D",17.483807125027,1.72692391241354,0.533809691642812,2.58950372583696e-05,0.000287468318537132
"CDC45",10.9575618076475,2.06766431435156,0.654874789563518,2.59250669241063e-05,0.000287664245454446
"LOC105370126",6.2898651006274,-2.85576802100652,1.58004153187881,2.59547131827539e-05,0.000287855733079373
"LINC02912",11.752213997965,1.83893647785982,0.574346814397752,2.62120338173452e-05,0.000290293901690188
"CKLF",76.1838588067465,1.54569661372872,0.483699420436368,2.62988589655926e-05,0.000290978089555022
"B3GALT5-AS1",14.1508049540232,-1.66576518559769,0.525235687697763,2.62977524994087e-05,0.000290978089555022
"CACHD1",127.30576642878,-1.09192602974442,0.302450753703607,2.64764978965036e-05,0.000292664809051028
"LOC107985043",11.5104567331119,-1.89470866425709,0.702167778235274,2.65501924146133e-05,0.000293261437438751
"HK1",228.050046458275,1.26564539357013,0.372739492985647,2.65580776098076e-05,0.000293261437438751
"TNFRSF25",17.4193058153723,1.62206241601868,0.488336414258034,2.67683413122428e-05,0.000295048581778919
"SLC1A1",183.821906515785,1.28977277524082,0.380613491089486,2.67577753920397e-05,0.000295048581778919
"IDH1",452.107478016318,1.03396369799642,0.286035374057844,2.70880374171707e-05,0.000298430796295856
"SAMSN1",129.944761240478,1.50854798939695,0.480961026667411,2.71159366746446e-05,0.000298596582291643
"FOXD2",4.1977014028554,2.70108130090775,0.837703390585794,2.71649062646655e-05,0.000298951799584834
"MYT1L",25.9355986354569,-2.09842666371576,0.816936622720869,2.74129369596979e-05,0.000301295927274637
"CENPU",51.6764802956976,1.29349567674827,0.375681204401603,2.74114358681047e-05,0.000301295927274637
"PRELID3B",428.891742397143,1.03842512922701,0.285997880917559,2.74377795348501e-05,0.000301426386521155
"RGS11",36.5855987535831,-1.69757303167826,0.553871067309136,2.75805630236298e-05,0.000302851787265613
"LOC107986178",13.4391762459424,2.32454994268466,0.727520822865511,2.76494420640053e-05,0.000303464707773814
"SPTB",74.6160613734668,-1.0441250556709,0.287313747759123,2.76961299582552e-05,0.00030383360697831
"CDX1",17.9663158508497,3.71415485105378,1.05961941897119,2.7763885589392e-05,0.000304433167375896
"PRSS44P",6.87550634624033,-2.1265922773262,0.706613661750152,2.79046956778461e-05,0.000305832832110733
"ANOS1",98.3819981676045,1.97075753306152,0.820003715520624,2.79228460812587e-05,0.000305887472276306
"TNFSF11",15.9926301957459,2.67993600945449,1.08015328367008,2.8027782612111e-05,0.000306594663757102
"102724584",37.9827102839329,1.72773694237799,0.595399894243761,2.80350474556392e-05,0.000306594663757102
"LOC107985688",3.5779178867073,2.77998823014528,0.770934409421255,2.80516813800056e-05,0.000306594663757102
"EPHA4",73.0330542466331,1.49122709487192,0.467894361995404,2.81504228904379e-05,0.000307366107076751
"LINC02939",54.3788066438054,-1.05353533791537,0.286398476040908,2.82752966867629e-05,0.000308584555433037
"PWAR6",97.5938528086753,-1.13551891880069,0.320348178069417,2.83685273080689e-05,0.00030945668169154
"TRBV26",5.46113012543425,-2.88717668586921,1.07881829070737,2.84806579007402e-05,0.000310242890915939
"NEURL1",90.6755469325115,-1.8623281593279,0.679580345198554,2.85122906639316e-05,0.000310296521581476
"KIF18B",13.152707768728,2.01757633023621,0.650671071023474,2.8501761383356e-05,0.000310296521581476
"EFCAB6",34.5356110344078,-1.14967103347539,0.321551624301476,2.86165576943522e-05,0.000311285448515109
"P2RX5",6.8761843085243,2.0391669499614,0.583052940407453,2.86450658158392e-05,0.000311325041216962
"RNA28SN2",238122.580747097,-2.40807470894525,1.00507932982236,2.86603943689727e-05,0.000311325041216962
"MAT2A",1592.98713987766,-1.02878730751027,0.285096484909275,2.86832967601684e-05,0.000311428224403043
"IGHV4-30-2",6.50317716598318,3.50780287970017,0.940531915420802,2.89782203740454e-05,0.000314469940129729
"PLAU",280.499500816502,1.70799562269706,0.6317841983586,2.90242174972233e-05,0.000314541834677231
"PLCE1-AS1",16.1235909458712,-1.62375753209782,0.518220964480369,2.9010695843609e-05,0.000314541834677231
"PARD6A",18.8876102464212,-1.54922989694443,0.483233720726661,2.92057384935671e-05,0.000316066760082921
"LRP1B",50.4852091682315,-1.9548469795935,0.79708304567258,2.92271180000015e-05,0.000316150878365938
"HSPB7",62.0188578236367,-1.5098657325926,0.460082146912799,2.93483774211704e-05,0.000317314820558815
"LOC107985072",8.78475365802804,2.25420123335353,0.741053753518349,2.94268438241715e-05,0.000318015216862616
"LOC107985903",4.32838188489111,-3.54521551896886,1.23197328413873,2.94986492505891e-05,0.000318553028694001
"LINC02417",5.04988577973496,-5.27296318094644,2.05185621822408,2.96912563383673e-05,0.000320276852842137
"ARL6IP6",106.51271149733,1.06965624909346,0.297297226991529,3.00133835794549e-05,0.000323601377015608
"ABHD14A-ACY1",64.5509768896712,1.22844416164522,0.352025965340528,3.01283481782298e-05,0.000324690245789039
"SRCIN1",23.6045453621286,-1.35822991063237,0.399291219056129,3.01905055975022e-05,0.000325209271005083
"IL7R",200.819536820379,1.45524579615355,0.464929705315913,3.03212003994646e-05,0.00032612847187057
"TMEM265",63.4369469936671,1.57787056018122,0.506000160936484,3.0303916512119e-05,0.00032612847187057
"PLK4",22.7847978068297,1.16315840386433,0.318116249582631,3.03545781231072e-05,0.000326220454528398
"FLT3",33.3184306328771,-1.74990979290756,0.609541767957809,3.06997053171625e-05,0.000329624608615652
"LOC105375468",5.46754639482977,-3.59666897387344,1.58166320506948,3.07187769597473e-05,0.000329677035870544
"SNX20",20.0820337746823,1.74182335209698,0.573997921408525,3.07345109179924e-05,0.00032969361088622
"MIR3648-2",82.0125071047967,-1.45058589281048,0.445650645817049,3.08997060287123e-05,0.000331312722462912
"112268430",118.531051721131,2.02707087260458,0.980476054875941,3.10313611771717e-05,0.00033257088420276
"RAD54L",21.5321033262657,1.05729257693998,0.280215163309612,3.14041329530156e-05,0.000335946146023627
"NRSN1",6.85500223366045,-2.54310042928008,0.888567510477148,3.13802679239461e-05,0.000335946146023627
"VPS51",222.34311740418,-1.10402320649087,0.313746814951904,3.13902500397212e-05,0.000335946146023627
"IFI44",225.595280613906,1.27032011050436,0.381654135670934,3.14338415647321e-05,0.00033596155849426
"TRBV25-1",5.51087012094744,-4.04451720484816,1.5650303273421,3.14344922817526e-05,0.00033596155849426
"FGF10",52.3079474719252,-1.69206302072472,0.622473082449517,3.14681727418631e-05,0.000336025504962128
"CAVIN2",148.322694461527,-1.11010092183091,0.314353710465679,3.16140636391186e-05,0.000337415144076675
"SLFN12",65.6455318336976,1.11181449711029,0.311566384087355,3.16425326533514e-05,0.000337563933058136
"PKHD1L1",42.5462404100578,-1.68158403920253,0.611586707866779,3.17295336713513e-05,0.000338336720905851
"MPZL2",378.267122921905,1.51266471301177,0.501447284092501,3.18093740715187e-05,0.000338936956973419
"TPTE2P5",77.7627008805806,-1.28716045088161,0.388620929739479,3.18424514980373e-05,0.000339073950759348
"H3C14",88.7956782019915,1.90842467088335,0.74013460744584,3.19128694378057e-05,0.000339668127067071
"CCNB1",83.9486505496189,1.73695318655547,0.621678552693825,3.21442955781217e-05,0.000341878230850509
"ALS2CL",202.965292443995,1.00462923155278,0.275577920253779,3.23167703336421e-05,0.00034349504057739
"CD19",4.8617468607244,2.90454860278445,0.845768710158539,3.25562636239587e-05,0.000345724307725174
"EXO1",12.7052053424721,1.75085284465911,0.537635045067511,3.26519615949366e-05,0.000346582150597694
"ADAMTS7",16.8879148198266,2.08767245480084,0.843762335980448,3.26687778853443e-05,0.000346602307838345
"MUC17",469.528458154614,3.89586213761054,1.72087961147622,3.27054780172894e-05,0.000346833309781707
"ANXA13",71.4077818379096,2.51729193109718,0.895533003051351,3.27298089502121e-05,0.000346932988575812
"STOX1",13.7477096482,-1.50334027843369,0.460155684206402,3.28187905564543e-05,0.00034771755521168
"DDI1",11.5834760733359,-1.96417670910428,0.703501763063339,3.31560510412024e-05,0.000350810949882667
"KIF12",169.385664625791,-1.69979493068643,0.641583836475072,3.31715816346004e-05,0.000350815520837478
"HJURP",19.9192067265402,2.16976488724095,0.851393267502133,3.36949932433551e-05,0.000356026906780062
"RELT",45.5743884555434,1.36861399249258,0.402566999415242,3.38035551863759e-05,0.000357011638525202
"IL1R2",89.0143203637039,1.55958387904315,0.517918292830255,3.38573150130301e-05,0.000357416953352001
"HAAO",54.7424648008588,-1.45271230180821,0.447898265953735,3.39040196741736e-05,0.00035774745555378
"VNN1",227.128300952139,1.68867785574788,0.639447316086046,3.41179289644045e-05,0.000359841161819309
"MGLL",249.610500578512,1.38201657628724,0.431210046214285,3.41346470696417e-05,0.000359854140046789
"LOC105373406",5.92794121283671,-2.42134700108693,0.91121468358508,3.42549098306004e-05,0.000360958199507483
"AK4",134.50404426855,1.70826489679424,0.655746772789026,3.4303491657774e-05,0.000361046713585142
"TMEM198",20.3406572290766,-1.28486742302724,0.370370142771775,3.4286015769101e-05,0.000361046713585142
"PCDHB4",44.4870332529536,-1.13751978228149,0.323446656219255,3.43099265588979e-05,0.000361046713585142
"RHOF",46.5081589848974,1.12034389317537,0.312106707576018,3.43770685882437e-05,0.000361589492371137
"LOC101927259",4.46946808906363,-2.41078543061475,0.877164116289995,3.44811621725179e-05,0.000362520272886178
"FOXA1",24.0986901485302,2.37929116051175,0.948560525597231,3.45278948270685e-05,0.00036284741578785
"HCAR2",13.5733983758195,1.87289745716551,0.593021577017648,3.47696786582606e-05,0.000364758475541971
"HS6ST2",47.6157298034786,-2.10172098873368,0.951839755535198,3.49282781964274e-05,0.000366226779735555
"ATP13A4",120.243940429744,-1.68369489411485,0.592729070235876,3.51387316522544e-05,0.000367769563036095
"FBXW10B",7.37983027976086,2.12448254580158,0.667780057361069,3.51984396533912e-05,0.000368228611142073
"GNG7",30.2539584602664,-1.21735992010898,0.352432043383977,3.53109842737467e-05,0.000369239747795007
"TRBC1",12.9000347217193,2.25518191522552,0.74634258735429,3.5332327143155e-05,0.000369296725673057
"CGAS",68.0738139458372,1.11190735441169,0.313740345997043,3.55866085716207e-05,0.000371579097147097
"CYP3A43",22.8019072614881,-2.49544505575723,1.22681650275038,3.55672015744836e-05,0.000371579097147097
"OTUD7A",20.4447651530275,-1.25959808022721,0.364465817201149,3.55986688293281e-05,0.000371579097147097
"TESPA1",13.6478945766245,1.98587626702167,0.69169467932142,3.59475290388074e-05,0.000375052014915442
"SERPINA1",1563.21354270825,1.67411933697734,0.623508037223223,3.60055564344539e-05,0.000375488825742611
"GLA",64.5271020084618,1.16602740293439,0.33319156892357,3.62894970204713e-05,0.000378110521646031
"PLEKHG1",196.977252893016,1.21205617955829,0.363532035851194,3.66058494549201e-05,0.000381235729307516
"SMIM24",106.444068212006,2.13983587814165,0.804945442139924,3.66662004296622e-05,0.000381693175171685
"107987152",21.2127566812257,2.18732400993503,0.82447888329001,3.67586563590912e-05,0.000382484272504919
"107984494",31.3066571209106,1.21565814475928,0.344077156370822,3.69162866017802e-05,0.000383952515305444
"MMP14",794.352525248534,1.47341528515445,0.499534066302115,3.70837564256489e-05,0.000385521736263961
"GOLGA8K",27.9166108689286,-1.17076765117362,0.333738032024913,3.72152256508366e-05,0.000386715459748296
"105747689",14.9904643715552,1.4764247545332,0.42334050881518,3.72493978159195e-05,0.000386897522687926
"ASB14",52.6685767790424,-1.03988871968922,0.288071219291347,3.72781042571762e-05,0.000387022677576179
"LINC02100",5.07117882620062,2.558211974481,0.832850632045206,3.73270878224823e-05,0.000387358144508877
"CPNE7",22.8148918856327,1.99560391350764,0.724082712459452,3.75306541028193e-05,0.000389296762535271
"CFB",415.410885178095,1.25615846806415,0.384346171122061,3.75872402266646e-05,0.000389709739699488
"RPL3",4785.1103339207,-1.02223112440796,0.288420305957285,3.81984211128965e-05,0.000395164877363379
"SERTAD4",21.4939580879124,1.69080609590039,0.547253297438452,3.83602843943941e-05,0.000396486302448286
"FIGN",116.720681310127,-1.18256448553427,0.348021510908734,3.83483775485732e-05,0.000396486302448286
"CTSLP2",7.54067289168404,-2.3166299845761,0.986024289249359,3.83812618242853e-05,0.000396526731208213
"CDH17",693.888235684519,1.96318446763796,1.07976544487221,3.85926558377218e-05,0.00039853349261754
"LOC101929452",8.69949531027719,-1.86469463333047,0.645398716715705,3.86791210414423e-05,0.000399248945978637
"CDS1",161.388239745886,1.09051523872619,0.31055364278021,3.87685402229558e-05,0.000399994241598747
"FAM167A-AS1",9.44919305527224,-2.69522361367961,1.42766900001002,3.88487762877372e-05,0.000400644170903495
"RP2",226.623564849922,1.00715046530868,0.281003767791251,3.90517082370371e-05,0.000402542699456373
"KIF26B",145.236660688247,1.79027812550907,0.711559934148991,3.96564119619125e-05,0.000407866248399078
"SLC15A3",39.6138851684172,1.36396910497045,0.416893389760393,3.96895023727271e-05,0.000407866248399078
"ENTPD3",80.5489218540788,-1.26643377456079,0.388625974965543,3.98726659953678e-05,0.000409386387274579
"HPSE",30.2275182427257,1.44228447191905,0.456779346411891,4.00066437209021e-05,0.000410580550731078
"ARHGAP42-AS1",4.36345287120866,1.88001562305116,0.551557634483725,4.01569515938972e-05,0.000411941178933423
"PKNOX2",16.8697141078876,-1.53223886552296,0.479775285975531,4.03324078734567e-05,0.000413376046290148
"LOC105372814",9.14151879166949,1.462204851176,0.414638542492337,4.04008549727005e-05,0.000413895002332759
"MACROD1",37.6428123178291,-1.36309806443293,0.424154724320879,4.04660895460531e-05,0.000414380604055771
"DOCK2",173.13288599087,1.356629115433,0.430526607809729,4.07179589006216e-05,0.000416592591394075
"TRBV6-4",8.7846784859744,-3.28523962581217,1.88375220628953,4.07831299624403e-05,0.00041707571508684
"PLB1",29.1626130581788,1.32817773699801,0.385206434016808,4.10115564827505e-05,0.000419042882531534
"RNA5-8SN3",3171.9512479482,-1.8564500067743,0.889851999594876,4.09955580803423e-05,0.000419042882531534
"SIGLEC10",29.111967459443,1.76992003024928,0.629030368591399,4.11310336997072e-05,0.000419709955209792
"112268100",43.1825116023505,1.57407751568603,0.51529708418068,4.12004600134733e-05,0.000420095338217931
"UNC13D",87.6126157629352,1.09376598102093,0.312010787244657,4.19962350697953e-05,0.000427038302777546
"EPHA1-AS1",8.12145797175028,1.39794241744291,0.387230115708626,4.20254391921458e-05,0.00042714832879681
"CENPI",26.5566361238236,1.81817818706385,0.638150691551718,4.25042846235171e-05,0.000431637698088908
"SLCO5A1",3767.27236011181,-1.84415181867319,0.823603237607497,4.26107723063937e-05,0.000432530054407627
"ACTB",6741.83274417533,1.04233725967323,0.296961027656933,4.26433421036795e-05,0.000432671639204801
"SMAGP",57.1405322021275,1.25659019443159,0.378438862644043,4.27062924489051e-05,0.000433121215648324
"SRXN1",120.487946786256,1.02825087029048,0.290233929782897,4.27530983220569e-05,0.000433406736262213
"PDE4B",126.966969072966,1.342012133283,0.423511044528145,4.28448610074933e-05,0.000434147555826038
"RND1",45.2467882976068,1.36567405133915,0.404220237543932,4.30406626649415e-05,0.000435751545542447
"LOC105375046",10.6215110252612,-1.87667462081066,0.627553354802371,4.31072607904805e-05,0.000436235716231191
"SOX6",178.51242019218,-1.22128883805023,0.359705077797584,4.34581834364519e-05,0.000439595512471032
"SERPINH1",367.663170863139,1.37860847763524,0.442820729066209,4.35318910513589e-05,0.000439958020260254
"TROAP",13.887908976471,2.45404467427257,0.958184319901078,4.3730361385237e-05,0.000441579724809206
"AMN",89.2613882083865,1.00505785124316,0.278058114115563,4.37268218035504e-05,0.000441579724809206
"TFF2",2186.47843641899,1.79353653020158,1.90175546857218,4.38470373710221e-05,0.000442565557478583
"ADAMTS12",218.019522708868,1.89628315653785,0.89388261805086,4.40234695186011e-05,0.00044396063987183
"CHEK2",27.4124067371816,1.06806080576706,0.293360143237571,4.4015986310132e-05,0.00044396063987183
"MSI1",20.0818626304723,-1.38008887402837,0.41874676007293,4.42017525892077e-05,0.000445465947357756
"ANKS4B",36.3497014394428,2.36222228672968,0.946872596343179,4.42302535207378e-05,0.000445465947357756
"MCUB",96.1638405955858,1.23994987367033,0.374607727231976,4.44341589977265e-05,0.00044732568644375
"STK26",109.198498137642,1.11955447359348,0.325465421155836,4.47534110269308e-05,0.000450344523694559
"PPM1N",7.45192915991998,2.29638337857128,0.785097775093007,4.48861475743707e-05,0.000451484692160391
"TEKT2",5.17279404658959,-2.16491481517382,0.760767001322355,4.52023787407833e-05,0.000454272175623745
"CCNT2-AS1",9.06630520076752,-1.0548141119572,0.283373015801336,4.54010116020165e-05,0.000455677107806848
"SCIN",90.2318985442903,1.50804557147952,0.515089164146563,4.538855531021e-05,0.000455677107806848
"CCDC51",24.9343731576405,1.26744693347455,0.369499808681164,4.55570077894656e-05,0.000456848112208991
"HSPB8",96.2354858990019,-1.10741783764892,0.318821172376356,4.58444885846998e-05,0.000459532654126618
"PEG10",323.252134687105,-1.34731454145512,0.442523076941834,4.59769657236136e-05,0.000460661836389893
"PARP15",39.7468778710884,1.54782808576899,0.516973565702194,4.60504205994567e-05,0.000461198932167403
"FAP",304.028159451458,1.89406540939975,0.76922877418146,4.64145672596612e-05,0.000464645614079374
"SKAP2",364.069994364591,1.26733937300913,0.39105342586769,4.64843853574587e-05,0.000465144140301703
"CCN4",140.749546589502,1.90259052185192,0.950598584718819,4.65477232026345e-05,0.000465577420840814
"CEP164",280.112902271043,-1.21311162092035,0.372686482437424,4.67284867542596e-05,0.000466983393434504
"MIR11400",4.38637919109351,-4.26143568615314,1.69667918041279,4.68059380211474e-05,0.000467556306930937
"FKBP11",206.01036473849,-1.37513776374058,0.447772552898401,4.69091109512481e-05,0.000468385557779223
"GDPD5",60.0466873538608,-1.12985209592685,0.329993918957266,4.70137456026074e-05,0.000469085138920079
"SERPINB8",82.4793353583317,1.09414566040834,0.316342689329043,4.70195519063854e-05,0.000469085138920079
"SCML2",16.1983949214633,-1.25816834143405,0.366959411311642,4.71322197681429e-05,0.000470007350348842
"SLC35F3",11.5830344110159,-1.7117296033161,0.59222593095479,4.73003801824103e-05,0.000471481910569843
"NDNF",83.0759371558089,1.68082104276785,0.609484993658229,4.74276019043278e-05,0.000472547311426697
"TRBV7-3",9.31902676694886,-2.35871056708126,1.09362666955102,4.75776692294817e-05,0.00047383932470939
"COL3A1",14914.7364832994,1.79620873248246,0.834760786952625,4.78195627855597e-05,0.000475840488789071
"LOC107986347",11.0940701369558,1.99750902292565,0.702807782044541,4.78787388562666e-05,0.000476225384129004
"LOC112268061",39.0708099484307,1.45438829377966,0.467801887366453,4.79061623284411e-05,0.000476294258323204
"LOC101928004",5.32809111113053,2.34748064543715,0.761046503470328,4.80672037880225e-05,0.000477486737928475
"ALPK2",22.4725238055362,2.89342863524104,1.2928081181989,4.81308967918221e-05,0.000477915122631618
"KANK1",288.327557383948,-1.0696547067239,0.312077788487546,4.84794434939373e-05,0.000481170384272376
"105374985",8.79090350133426,1.93552895845369,0.613998673210917,4.85268946355341e-05,0.000481435694644166
"TRBV5-2",6.9145545719545,-4.02833635167866,1.7604201579998,4.88322354361246e-05,0.000484258211847356
"PADI1",66.4737402522026,5.02328553311437,3.14980367158607,4.92079752707494e-05,0.000487568147298875
"GDPD3",14.5389921554442,1.66823661634539,0.533616663542157,4.92346994383322e-05,0.000487624996355349
"FAM30A",9.84017399014532,3.1887240934081,1.22305682202132,4.95183128274965e-05,0.000490016183367496
"CCDC172",12.0304114866548,-7.16259701081209,2.88548186842826,4.95910832975432e-05,0.00049031864698656
"ACSM1",38.8582000599387,-1.50386737780333,0.517294187045903,4.95768615997533e-05,0.00049031864698656
"ZNF85",77.1128032438513,-1.2709624022624,0.39008494011382,4.98891805072827e-05,0.000492427828838876
"MFSD6L",16.4339962311485,-1.93049846198012,0.815548912113214,5.07272641709447e-05,0.000500062784476835
"LINC01843",7.24925494540752,2.25746495545094,0.777977764890523,5.08494204580459e-05,0.00050105440387731
"PGK1",1650.89925948884,1.1833756267104,0.361679213784352,5.13950843522179e-05,0.00050621652603806
"EPHA8",6.03794897245606,-2.75776391446456,1.71387422551309,5.18327428240292e-05,0.000510310923523864
"MAP3K5-AS1",16.579864567629,-1.21133613470535,0.351354620604108,5.2199214478385e-05,0.000513701291150053
"112267869",6.34247964718721,-1.38425232148307,0.396868360257257,5.24218843327727e-05,0.000515455980732956
"CNKSR2",58.7473157274965,-1.63817033286121,0.574949566053031,5.24623846122519e-05,0.000515636001043009
"IFI44L",231.822669041704,1.38150167170889,0.444333321112265,5.27931776562311e-05,0.000518448640254661
"ZNF503-AS1",9.51115520187966,-1.7523457777013,0.589902756133092,5.29658735551726e-05,0.000519924829765288
"LOC105372036",11.0819151713855,-2.09423946272047,0.888254133394611,5.30138569470059e-05,0.000520176083683987
"JUP",386.628591965539,1.07820315683653,0.318167394250927,5.36903755962551e-05,0.000525925749147971
"GRK4",16.7524491433193,-1.17786580446373,0.339891982078953,5.42714629661412e-05,0.000531393780875807
"TMEM176A",145.6458185004,1.29293302820544,0.408426647232303,5.46585765561718e-05,0.00053473348475059
"ITPR3-AS1",9.30561837677654,1.54220095589297,0.454736220982246,5.47230496703464e-05,0.000535138913758627
"AURKB",10.6115717317708,2.40703913019685,0.999017534384489,5.48549322243095e-05,0.000536202923951128
"CHRD",50.4731379056673,-1.11238613041198,0.324459749450634,5.51305355683197e-05,0.000538443881433337
"ITIH4-AS1",9.40679067528351,-1.69424063528446,0.555013431225287,5.52979460205584e-05,0.000539852006633476
"TXNDC9",174.869987916733,1.14778042055359,0.344033638826195,5.59834477144683e-05,0.000545627268307748
"107984394",7.51860737630122,-2.00588878389861,0.747170220977234,5.62082283892923e-05,0.00054748206632721
"ZNF710",221.692776294343,-1.33916481073224,0.44365358822876,5.65104926851214e-05,0.00054984141437973
"FANCD2",64.8689534780159,1.0024928944392,0.284276952412627,5.67708746799644e-05,0.000551912666606265
"TEX47",6.63725316465937,-4.85175795895812,1.86327198166022,5.70585826120592e-05,0.000554278089945958
"SUGT1P4-STRA6LP-CCDC180",33.4791434726941,-1.11806424339466,0.327706180577139,5.71953942446884e-05,0.000555304437846771
"MAP4K1",13.1917914791551,1.62423649250523,0.512763891254385,5.74376881301858e-05,0.000557229513029172
"SNORA2A",13.7942381605435,-1.10629224696952,0.307423315188158,5.78159422072258e-05,0.000560431129405461
"LOC102724562",47.8344502103192,-1.81698030887563,0.672121979166731,5.78438821684941e-05,0.000560468141027923
"NPL",68.7718490625776,1.27990968660313,0.400170762002011,5.79304926098813e-05,0.000560839581579413
"LOC105378571",7.74689279291259,3.96340583427118,1.25242253745934,5.80735915560657e-05,0.000561990795420736
"EVPL",49.670553636739,1.38283444417287,0.443968880014194,5.84138053448052e-05,0.000565047779844524
"TMEM72",23.8262241631736,-1.81067912442235,0.687653380439047,5.84714245321004e-05,0.000565369766543218
"MYOF",865.749045032356,1.38584463573623,0.466744209260383,5.86886985567111e-05,0.000566763055263999
"FGFR2",265.240485798505,-1.22825968177231,0.388861512872991,5.87399922967073e-05,0.000567022734114663
"RNF217-AS1",12.4036388678343,-1.0265190760433,0.282026890803701,5.88269340096656e-05,0.000567626167655557
"HLA-DQA2",36.4074132466667,1.48204928816006,0.479636711854349,5.89105957319674e-05,0.00056796169785571
"SSR4",1457.592154892,-1.34732189987536,0.448438295621091,5.89813967820065e-05,0.000568408442235554
"LOC100996662",9.24504970104265,-1.96582986043697,0.76326973383501,5.90190231256665e-05,0.000568535241428218
"ZWINT",34.757946142689,1.34118053985683,0.41789748811786,5.91696272746954e-05,0.000569749809253024
"ENO2",83.5766001551759,1.65532478767629,0.622128906574168,5.92311221023852e-05,0.000569921412736963
"SNTB1",364.376966454786,-1.15848818307809,0.352288393572404,5.95284363858586e-05,0.000572019528298356
"SYT16",82.5736296367181,-1.49074171691343,0.513814054900091,5.95610994822752e-05,0.000572096794737769
"SCGB3A1",34.8258614590553,-3.00143712759088,1.36600881761492,5.99013132477862e-05,0.000575126865005087
"G6PC2",87.8059742935497,-1.90593753020811,0.996649027824069,6.00352688010175e-05,0.000576174915568625
"CKS1B",90.7554552359576,1.39539218005366,0.45852007690956,6.02912294923246e-05,0.000578153824702501
"GVINP1",65.8316361294725,1.15169181279108,0.338944281654149,6.0402766109796e-05,0.000578745678581901
"107984817",8.6382494058026,1.96306364474164,0.664616439555003,6.03785271717398e-05,0.000578745678581901
"LOC105375566",10.8714002323244,1.60948690133423,0.512642220683636,6.1121890890284e-05,0.000584671525251441
"DLEU7",12.3642312397357,1.89008569507856,0.713148562820381,6.11023212746874e-05,0.000584671525251441
"LOC105369968",16.1034961728259,1.27540481660904,0.373638631011316,6.13330291332411e-05,0.00058644976621846
"BICC1",638.656694453303,-1.10269341303189,0.330429719687806,6.18419043125203e-05,0.000590586373490099
"C7",2781.78075579463,-1.66870581640008,0.699641519213358,6.20113006116625e-05,0.00059196079281511
"ZNF727",63.8269964954904,-1.32797634411688,0.428800584426445,6.26627208982234e-05,0.000597688144528006
"ZNF710-AS1",31.3064657925594,-1.43847564862371,0.487133977851315,6.33625374776423e-05,0.000603619745097589
"MND1",6.99079560955737,2.04372626879004,0.666451505919989,6.34594772676302e-05,0.000604047912459397
"DNAH3",8.90048924232001,1.98943935651135,0.725932504316266,6.35546603274713e-05,0.000604706196850449
"LOC101929200",25.2741656217856,-1.29013555531853,0.401264367414971,6.43064600058115e-05,0.000611358673582255
"STK33",78.9793459158635,-1.37276020019955,0.457146461460958,6.45200587695379e-05,0.000612887802743341
"MIR3648-1",70.7297980794003,-1.34969620343179,0.427074869547981,6.48647746011533e-05,0.00061591051812742
"RAD51AP1",36.3092556295954,1.82334317953478,0.724748175943524,6.53721432345579e-05,0.000619968060430593
"TRBV7-2",8.6738454723195,-1.96004130779334,0.74109489576674,6.56046028868782e-05,0.000621918787464959
"APOBEC3G",34.9876535349096,1.43455598268064,0.477165459519331,6.56650575101471e-05,0.000622238014375313
"GATA4",88.1195168765376,-1.82234546243446,0.946783905146473,6.57727805242717e-05,0.000623004710754771
"ADCYAP1",60.3585747643451,-1.59963374150617,0.612512546200387,6.59934996244558e-05,0.000624840653534731
"AJAP1",24.0934524863773,-1.67863760001769,0.600388259486083,6.63193798532369e-05,0.000627670383254565
"PCSK5",308.569997961963,1.01312174851761,0.294512384133692,6.63793340199565e-05,0.000627982013824792
"CKAP2",93.60462961291,1.27905916958975,0.411141262786654,6.64401322160997e-05,0.00062830137242209
"GSTM2",73.5738177862717,-1.33321075680596,0.432142753780561,6.65391591247199e-05,0.000628981839814022
"DNAH9",7.52531353168656,-1.36734173430592,0.407548277373527,6.67908656726981e-05,0.000631104418017544
"ADGRE4P",8.63495863016472,1.83173669035044,0.6081872596546,6.68428923733746e-05,0.000631339270038764
"107986780",9.95558041449737,-1.87794811648497,0.708421496375975,6.70422563907999e-05,0.00063296498465674
"TNFRSF10A",75.7467125364498,1.20706928992336,0.372437611669991,6.71523706379894e-05,0.000633747088453974
"LOC105372246",8.50225646486731,2.95143165721831,0.935316454713386,6.72352206159814e-05,0.000634271356480848
"NUDT9",127.446512097193,-1.00682638784056,0.292426359268626,6.75222131805206e-05,0.000636203821269017
"C10orf55",54.5620755151901,1.62252927272388,0.601566420765352,6.74967508153543e-05,0.000636203821269017
"SH3TC2",24.6511881800907,1.80241914673204,0.69633153218887,6.77252287336714e-05,0.000637858001470148
"LRRC7-AS1",4.02015326896335,-2.51912464126789,1.14899464612185,6.80977013794656e-05,0.000640587081599953
"SLC6A1",10.4840757182031,1.86309574652191,0.619477176273026,6.86168881036306e-05,0.000644948784420654
"ADAM19",140.378468969053,1.55441340343802,0.619389825754386,6.91651198582945e-05,0.000649313761578777
"RAC2",48.3283157935138,1.41791729143373,0.464090845278309,6.91504559061935e-05,0.000649313761578777
"FAM47E",27.5048036396332,-1.18339376720339,0.354386062359233,6.9274142534798e-05,0.000650074596848155
"RAP1GAP",241.597285736902,-1.54125100494602,0.606176241624878,6.95831279184873e-05,0.000651968123804539
"LOC101929633",7.59542135786438,-1.6943786673772,0.566143156429101,6.96267474246711e-05,0.000651968123804539
"FN1",11048.446997814,1.79617530445229,1.35655038852978,6.95437901591634e-05,0.000651968123804539
"MAL2",978.577248746743,1.37476353669736,0.473592223470546,6.96339518808174e-05,0.000651968123804539
"IRAIN",21.3139386746903,-1.24976578584091,0.381639801507772,6.96442816132071e-05,0.000651968123804539
"NAGS",15.6667165378379,1.67247696334901,0.535978405852641,6.96938574406918e-05,0.000652169463404943
"TRBC2",22.2271175683712,1.59952001492724,0.527089485825905,7.0225497458383e-05,0.000656615466175263
"CTHRC1",296.202875064282,2.07705237656472,1.21731204554155,7.02023962347433e-05,0.000656615466175263
"TRBV6-3",8.43031762060335,-2.29618365044691,1.02150142552474,7.10931286598317e-05,0.000664460516657759
"112268313",2986.89113891759,-1.39310768484015,0.489941964434042,7.13183302455864e-05,0.000666297307300442
"RNA5-8SN2",375.907494085898,-1.76363529568398,0.814913635163317,7.1582955672139e-05,0.000668500793827231
"ITGAL",51.97070428184,1.24425985869884,0.387026439096352,7.21267054139164e-05,0.000673037751121425
"SLC2A5",90.9101568533531,1.71294487539381,0.59070591586748,7.23785550162983e-05,0.000675116710479201
"ENO1",1242.09122370632,1.00305749699332,0.298068051914825,7.26024501634609e-05,0.000676925602188636
"PLCB1",235.656113235599,-1.03663451441726,0.308047876941088,7.26307521521958e-05,0.000676925602188636
"PCSK1",165.09734669218,-1.49688475503423,0.561805937811553,7.27319624921229e-05,0.00067741030366569
"CDCA3",17.3940066964482,1.58039215750909,0.513703917556396,7.2741067684351e-05,0.00067741030366569
"PIK3IP1",151.603287802517,1.02878595914509,0.303888581264562,7.31154402376098e-05,0.000680623899808038
"SLC16A1-AS1",7.36317583855924,1.62780701114494,0.510919538631914,7.35495931922869e-05,0.000684117212899434
"LOC107987042",5.900896823408,-1.57506582222516,0.486374861750012,7.40556488081115e-05,0.000687998000822259
"OLR1",176.782249575864,1.8289314677736,0.870399128573314,7.44067336823758e-05,0.000690707334043149
"KIAA0319",30.4233252708713,-1.28381177301542,0.405194535625565,7.45584288894776e-05,0.000691839095545931
"GVQW3",67.5679552104139,-1.22843132951635,0.388981036479452,7.4906470448169e-05,0.000694791154037208
"LDHB",476.924959166638,-1.18354592105078,0.376988392115884,7.50185662127954e-05,0.00069555322663779
"ATG9B",16.1745748642775,1.65625968633693,0.569591593506776,7.51533916565114e-05,0.000696525351072614
"GAPDH",3122.44242581489,1.20572625990398,0.389037679675943,7.55065310255188e-05,0.000699519237790243
"RADIL",21.5635849502516,-1.75269553252368,0.653817752595663,7.57373861544493e-05,0.000701378305021374
"CCL22",6.67237471924956,2.82196463087787,1.05413987467119,7.5908069700916e-05,0.00070267888426326
"SYT9-AS1",15.6088397863254,-1.21322184117499,0.362584897323001,7.60928705207514e-05,0.000704109058761314
"RNF212-DT",6.73075987669121,-1.91086049063856,0.67720888451184,7.63004577846909e-05,0.00070574886012233
"UBXN10",35.4055234311886,1.18568139008961,0.358813462170419,7.7358274773093e-05,0.000714111845193808
"IFI30",215.835405937428,1.19269443796143,0.380757535592169,7.76752130737184e-05,0.000716752810074602
"TLCD2",70.7691456738736,1.08008712352506,0.320381601775159,7.77086135606875e-05,0.000716776354141553
"AVPI1",42.6709189688585,1.12763157737866,0.336619765592325,7.80971422764799e-05,0.000720074246346829
"LOC105374746",7.84882594676296,1.87542584560526,0.644269570093796,7.82918526362109e-05,0.000721325496237016
"DBH-AS1",10.8085704111629,-1.69703654246527,0.594747261387241,7.82949387350873e-05,0.000721325496237016
"CD53",151.754159994354,1.32155054547873,0.444837725419562,7.83868779191384e-05,0.000721701474971031
"CNIH3-AS2",4.84937593555544,-1.6881377763177,0.53469151847885,7.83978705757213e-05,0.000721701474971031
"CALCA",3.99969680073549,-2.07113402378495,0.706035291389588,7.85452424938947e-05,0.000722771766077483
"APOH",15.9394370798858,-1.98911819770243,0.991024431056983,7.87477966694489e-05,0.000724348794780144
"CD79A",12.2106649890827,2.55341667369374,0.933693302435123,7.88686744378015e-05,0.000724886728861677
"INA",14.7857034751138,-2.1486753064783,1.00057285949435,7.89199763242867e-05,0.000725071431354212
"HHIP-AS1",12.9577526275166,-1.34235004586994,0.412228078086728,7.95468489621301e-05,0.000730541911318218
"LOC613038",5.26369273002747,1.73573804052143,0.513994678017044,7.9656529969238e-05,0.000730971356175057
"ANKRD20A4P",12.7762780984326,-1.24113463858865,0.372869327137791,7.99476469595947e-05,0.000733353169011521
"107986362",6.98814974672493,-1.52514238434614,0.477904225424978,8.00970233814166e-05,0.00073443344051587
"SLC1A2-AS1",3.43827022761487,-3.59669293534823,1.52026517679491,8.04017266493488e-05,0.000736355584823658
"BCAR1",394.035556705356,-1.19954805185626,0.390196286241026,8.03953201768118e-05,0.000736355584823658
"SLC39A14",1674.70692988985,-1.20293421725918,0.387728468593285,8.04490169201722e-05,0.000736498387762097
"COL21A1",37.7021872803425,-1.2167936919914,0.381649546073013,8.12452942774804e-05,0.000742910040353112
"LOC101928215",7.33356513332442,1.50884736519502,0.460645623887082,8.17752000197846e-05,0.000747461358166678
"RASAL3",22.3963926853874,1.55339673483656,0.525718928089745,8.22197961077579e-05,0.00075122963529837
"NRTN",7.71367113128604,-1.79548825997995,0.678957564260924,8.30347766163272e-05,0.000758377765204545
"MYL12B",1261.1785874859,1.04675989179144,0.317081921856624,8.31400970977037e-05,0.000759041318689644
"INPP5D",101.499860661365,1.23249668308344,0.397145752197941,8.32253764159053e-05,0.000759521453662042
"LOC107985957",19.6929947311049,-1.36586311166751,0.447285032112919,8.35258703676221e-05,0.000761665462320133
"FNDC1",181.700054403454,1.78569395662966,1.05070560300949,8.38322116557619e-05,0.000764159057599697
"COL8A1",528.503358847121,1.75070635633419,1.00041599028658,8.43118869789635e-05,0.000768230076061262
"LOC105374836",136.0655531564,1.361043908578,0.455126136038417,8.48846106718849e-05,0.000772842448652526
"SCGN",117.762047834459,-1.87972703990234,0.880548791657349,8.51735641850579e-05,0.000775169511883988
"EVA1A",65.5310268887804,-1.37965638844681,0.468775644862924,8.52992209105092e-05,0.000776009161259077
"ANO5",149.507725981348,-1.26497827351081,0.413419426072573,8.56566262729172e-05,0.00077895566005919
"TRBV4-2",7.62267768443015,-2.1287316251144,0.941572479358518,8.5713933584085e-05,0.000779171849306031
"MAGEE1",15.8441930718404,-1.15099370885073,0.342449116850922,8.61429685354493e-05,0.000782459684879267
"FAR2P2",11.9301165960062,-1.53172416754899,0.515401976283979,8.61863954252085e-05,0.000782548221064759
"SNORA47",150.825600215897,-1.38220091786618,0.497476523272953,8.64666124433791e-05,0.000784785835985122
"MYO1G",32.2343376382448,1.3732411790211,0.452874555105833,8.66186743931653e-05,0.000785859000205075
"AFAP1",222.664262085312,1.0763111196299,0.32836310898823,8.66804438062089e-05,0.000786112455830313
"SYT8",66.9079340404896,1.76366009818693,0.682372735479553,8.67644189833352e-05,0.000786260247690247
"FOXA2",70.3250810480785,-1.29007109546423,0.433705219044452,8.67491822880984e-05,0.000786260247690247
"PRKCA-AS1",14.0313442119031,1.10992980410889,0.318356296656863,8.6906774951591e-05,0.000787243242105348
"STING1",90.7986790723645,1.24469388212947,0.403332989529309,8.73229300589894e-05,0.000790704707685354
"GPR174",19.8249218697766,1.67328778994824,0.565208266814636,8.76893540963314e-05,0.000793713339473416
"NTN4",531.76036649901,-1.01539631260915,0.305972935101372,8.78753209884049e-05,0.000794777377643281
"PIGQ",85.3563702519943,-1.01850939810375,0.303575263886948,8.81480918347916e-05,0.000796624237176734
"S100A2",155.81689647009,2.34054714152458,1.22788567444054,8.85310053918908e-05,0.000799382166240254
"LINC00472",210.806743580547,-1.0434393117339,0.315524508178045,8.85564749689009e-05,0.000799382166240254
"NPM2",9.68419244745029,-1.46784199354804,0.475491292264347,8.88612939951068e-05,0.000801199909187546
"LINC01673",5.66452812187776,-1.88527441001652,0.710841048641317,8.9812800616812e-05,0.000809150997414357
"POU6F2-AS2",4.3442043383974,-2.42654765024924,0.962930655943676,9.02680051224953e-05,0.000812621890360782
"SH3GL2",18.2991976801539,-1.55792472156863,0.568806306721367,9.03594890360575e-05,0.000813130413537101
"MINDY1",147.059568203853,-1.00252079355859,0.300025640654751,9.05420088328993e-05,0.000813827301830722
"BRIP1",46.6762896486462,1.11649799837727,0.338204433738449,9.05304123580834e-05,0.000813827301830722
"SLC16A5",92.0941298437873,1.29843326394076,0.434015983917683,9.05299655795287e-05,0.000813827301830722
"COL1A2",8935.39623192971,1.68406622752406,0.83918357542627,9.09112663390887e-05,0.000816830345471278
"CREG2",17.8500169063585,2.20224175091293,0.963335352292833,9.12770809065381e-05,0.000819166850082431
"P2RY10",21.1072964711944,1.69753641603062,0.609792049550133,9.14282648636787e-05,0.000819890287189338
"PGGHG",789.690529051452,-1.48689110818338,0.595316943102135,9.15373873288078e-05,0.000820552158404648
"VWA5B2",30.986763080817,-1.80325343143985,0.74504099060553,9.1779993390799e-05,0.000822409620684618
"LOC107985664",12.9934857992829,-1.57641293221779,0.545098262797758,9.20610096924741e-05,0.000824609699384979
"ANXA2P2",90.459402029096,1.00628724255986,0.299136759555239,9.22755538682584e-05,0.000826212907178799
"A1CF",173.824187778857,-1.69521345320553,0.782819178407552,9.24606642103463e-05,0.000827551437953543
"MS4A1",37.5870145063802,2.89941292083849,1.25625237090308,9.26895378568093e-05,0.000828961282564652
"SLCO4C1",13.1643048774631,-1.44395476526044,0.469771106529597,9.30240580712402e-05,0.00083163293162188
"ACACB",432.26820959352,-1.40520667251214,0.517661195238092,9.33439489897744e-05,0.000834171790299003
"LOC101928034",74.4197670727608,1.5145099825112,0.537088791676265,9.41031962621015e-05,0.000839665040380157
"TNFRSF14-AS1",42.0814235860619,1.15625390863858,0.358451622920629,9.4253061944885e-05,0.000840679421992093
"LOC101928188",9.00652418308027,1.69485471713437,0.576882880807913,9.43826324949612e-05,0.000841512074451429
"CCR5",22.6829152899691,1.38656128021482,0.441581382241304,9.44552676317837e-05,0.00084183664880111
"PNPLA3",7.69754532567619,2.98014011408586,1.1987329884603,9.48942761502878e-05,0.000844592972305276
"MUC5AC",4354.36592510321,1.5610304170774,1.66887031269643,9.56213764566409e-05,0.000849441775739019
"FREM2-AS1",3.7930842509823,-2.59776234624249,1.15228395751948,9.56376021232311e-05,0.000849441775739019
"TSPOAP1",77.5317475446056,-1.20236288043974,0.388622760071939,9.55711995136437e-05,0.000849441775739019
"MEAK7",83.8969677772358,1.03572544598538,0.306104350357801,9.57934240211102e-05,0.000850500652323461
"STAP1",6.42540265847633,2.27508507242156,0.782866031069227,9.61587946122303e-05,0.000853092628031757
"MKNK2",411.186574593507,-1.04485662019255,0.323293970043993,9.66204900402074e-05,0.000856861483238252
"ERO1A",1082.5219469419,1.20472742500331,0.396577897821542,9.70207210291981e-05,0.000860082584171468
"MICAL1",145.767210861921,1.05009478940968,0.32087705653783,9.7171923422577e-05,0.000861094447262996
"NIPSNAP3B",40.8681295924811,-1.06711385381912,0.324142332778277,9.74052164102387e-05,0.000862832711891687
"SGO2",44.740932361044,1.18109474447916,0.36907383359343,9.75489141426933e-05,0.000863776303393856
"LOC107984293",6.46723530956397,-1.39001108877724,0.42803701207206,9.77437604790711e-05,0.000864842450392695
"ASB2",11.5775844929897,2.16278074793547,0.7698866591331,9.86311578696001e-05,0.00087203004303659
"PLA2G7",59.5220289580288,1.52731319130364,0.588640700196428,9.8924255372598e-05,0.000873624125268838
"FAM95B1",6.65120053504452,-1.52444273393593,0.487044442583595,9.89102362945474e-05,0.000873624125268838
"FMN1",295.443856195187,1.14545293975257,0.367385769286236,9.92772547119988e-05,0.000876408439678302
"TC2N",2251.23096370651,-1.39922318137341,0.503128004113821,9.94587542784823e-05,0.000877677233444943
"LINC00941",13.2163497280272,2.09032733140254,0.869022553090532,0.00010076025794644,0.00088882482664599
"GSTA1",299.458965511262,-1.69471477677001,1.07121925174919,0.000100983109539771,0.000890452580704581
"GPX8",179.26115077794,1.38066103197617,0.47431593585301,0.000101259464416066,0.000892281216988575
"PI3",17.4510530960633,5.94286552959255,2.44781840408356,0.000101267293703416,0.000892281216988575
"LOC101928236",30.7481802859342,-1.19687746190095,0.378854981395402,0.000102138125411569,0.000899272203083671
"PTPRH",148.595113676619,1.13943444353918,0.357739548974208,0.000102725125239755,0.000904097835206711
"CTH",80.8204279594606,-1.48661556804958,0.558243905499007,0.000103169517308579,0.000907665177835985
"CD9",549.934720759526,1.20545803627381,0.396159917769526,0.000103432405378888,0.000909633587804114
"ADIPOQ-AS1",72.1539438489205,-2.39109582226558,1.15378938432232,0.000103877713274826,0.000912858800280099
"LOC105371529",6.62682795789496,-1.88822504559667,0.740309321346737,0.000103850449453072,0.000912858800280099
"DLG2",73.9046190296444,-1.15952879161494,0.367481005516764,0.000104516642912963,0.000917432640001021
"EDAR",15.0748887640391,1.89558075232473,0.81647326420663,0.000104954082820187,0.000919882351688815
"LPCAT2",200.640333782799,1.11725367539365,0.352104864699246,0.000105554628792703,0.000924448473425725
"MNX1-AS2",4.74917928631977,-1.76585682773334,0.605759642138364,0.000106060298236647,0.000928177412251789
"TSPO",134.478123771548,1.17218899435709,0.384899739388551,0.000106569877835357,0.000932285810054411
"CD96",42.6773718139092,1.34634291632672,0.452090946414352,0.000106664809851667,0.000932765094807487
"CDC25B",100.962590721394,1.21172173610371,0.401132667445602,0.00010694428047501,0.000934505587377531
"TIMP1",597.393449327683,1.50524953111977,0.594291681367877,0.000106942458508324,0.000934505587377531
"CALN1",8.64663419188316,-1.95049004892567,0.790028990315433,0.000107098432721121,0.000935500783562126
"SERTAD4BP",51.9863022383946,-1.51450529273091,1.22471749840731,0.000107419514083037,0.000937952803351885
"SCGB2B2",9.8080674075614,-1.72319386118051,0.649473188555589,0.000107552071291089,0.000938757466734959
"FCMR",16.3122350023138,1.79558870964927,0.692224114256073,0.000107817011353382,0.000940716582349171
"LDLRAP1",125.688310020722,-1.07475666363543,0.334230621777231,0.000107947478442725,0.000941148090662936
"107984114",10.2841749775473,-1.22251068611935,0.371715540930974,0.000107930012071797,0.000941148090662936
"AP1S1",122.503327576041,1.03817815519977,0.319452350693153,0.000108646251997123,0.000946530058175162
"TPBG",109.504247366541,1.24866471030289,0.407206211306955,0.000109222840139149,0.000950484153795176
"PRLHR",7.4689522457488,-3.12118015464592,1.43872206158614,0.000109983471178918,0.000956386958399015
"DTHD1",13.2635085093259,1.95475124336066,0.699983288351884,0.000111574166272987,0.000968768966125883
"NXN",131.817140941667,-1.10733902117159,0.348741448754261,0.000111819903418448,0.00097053995365246
"LOC107985238",14.8742638654837,-1.51390367514099,0.545814688188682,0.000111884320008372,0.000970736435920281
"COL8A2",72.0053473955931,1.67636945736592,0.768707950985622,0.000112790323393656,0.000977866852258058
"FAXC",15.1619881788282,-1.15467281821465,0.356528917316665,0.000112889519400011,0.000978361799052312
"LINC02015",5.48694233539079,-1.86035380766425,0.631497592896734,0.000113416486936237,0.000982562294542683
"LOC105378477",3.22947272592532,-3.15299011476375,1.43790772359551,0.000113567737665962,0.00098350592048775
"CAPN9",65.644305186709,1.82714299328287,0.889738450397393,0.000113824041549089,0.0009849912869248
"NCCRP1",11.1891644495917,-2.25517168603362,1.67416189379935,0.000113962069560093,0.000985818572683827
"BDKRB1",13.6344692603817,-1.46221959205487,0.481509584331714,0.000114228274028582,0.000987753608877594
"GNG12-AS1",29.6392777022306,-1.06459836470371,0.324902769537514,0.000114711743945239,0.000991196493331211
"FAM95A",4.39760893134012,-3.36828971134432,1.24980020915609,0.000114840591107281,0.000991940942147832
"COL5A2",1947.02195322787,1.58641094975851,0.751847498659482,0.000115319657783958,0.000995087485759524
"DNAJA4",147.2792531863,1.12307751576983,0.353996772319559,0.000115333359119879,0.000995087485759524
"ZNF229",31.5473031071074,-1.0735403043629,0.324938012904475,0.00011608408477281,0.00100045018905647
"TRIP13",16.3155518204768,1.75454845665686,0.651470858471069,0.000116790995114014,0.00100542377601857
"DMPK",109.684655555696,-1.17493996976224,0.377742336571357,0.000116759586939011,0.00100542377601857
"TM7SF2",58.8617223589258,-1.3147538997034,0.470847909907787,0.000116844134712091,0.00100550869260572
"ZNF876P",32.0329024202694,-1.12949668405426,0.352961637058964,0.000117185061063367,0.00100806919430112
"SULF2",392.68820370606,1.26302602062585,0.446693819627911,0.000117258576602296,0.00100832828547534
"ZFPM2-AS1",8.53481944098101,2.02935795855636,0.713257820479474,0.000119082403341732,0.00102287602278933
"TMEM238L",14.3769159680462,2.41396076742491,0.852711274733668,0.000119038982330462,0.00102287602278933
"CENPL",29.7330747501064,1.15911023487748,0.362396654887115,0.000119739887596972,0.00102776368242173
"P4HB",3977.99236408981,-1.25749728576593,0.441021213610273,0.000119739843998895,0.00102776368242173
"HLA-DMA",131.25771729922,1.00651714440577,0.305538801680839,0.000119916121133159,0.00102889626090434
"ENKUR",7.49963193409714,1.81206397782166,0.616192911834975,0.000120107398795078,0.00103015703617705
"MYO3A",31.2539967059974,-1.5409302863696,0.603634096859701,0.000120934362270626,0.00103686712448635
"MITA1",23.0267715783061,1.38674408686034,0.46626610475173,0.000121093786475348,0.00103746833656147
"IFIT3",156.337793025209,1.03604238659283,0.317825584352758,0.000121934069794076,0.0010442823854277
"LOC101927393",50.1254047176946,-1.23992325267116,0.412022849914394,0.00012226623286488,0.00104635577186575
"LOC105447645",19.0119354807298,1.38802441795283,0.458005103024677,0.000122455150848435,0.00104758668260802
"LINC02284",16.1095375096437,-1.7031038831305,0.719656529671507,0.000122504113962175,0.00104761983360734
"TMEM176B",264.961663915235,1.06528967051094,0.340787589064936,0.000122671831337141,0.00104866813874852
"SYP",24.6915716607235,-1.26401226077757,0.417221666835397,0.000122844638429707,0.00104975916657383
"HID1",230.171993576942,-1.3777946858782,0.537941586867951,0.000123298910466618,0.00105325374437201
"PLA2G4F",12.9010747733205,2.40863634173961,0.954736500289862,0.000123624483870901,0.00105564677792738
"112268426",46.6816604448108,1.51978551430211,0.596774982479088,0.000124270936490055,0.00106077707911331
"NRP2",286.18655113811,1.51218428803107,0.635440375247072,0.000124833786532429,0.00106440845140587
"GLI1",21.4079369843674,1.37845751247137,0.466924107340727,0.000124880761255925,0.00106441837409443
"CENPW",18.5180487250798,1.74862149364159,0.663950569752613,0.000125786909334565,0.00107135587917471
"CDO1",32.8754790095439,-1.36526776317222,0.473642214577299,0.00012676650182161,0.00107811847358166
"TRIM10",5.08967859916576,3.60661793191295,1.28111348479612,0.000127270655143141,0.00108161436439315
"SHISA9",5.02707270935677,-1.79441210074027,0.647765778057086,0.000127461561880381,0.00108284072771139
"107985768",12.9517071071188,-1.3676394006672,0.455332519574855,0.000127861684372511,0.0010858429226591
"WDR62",11.7112825824131,1.76303120628532,0.645694612569453,0.000128956429476575,0.00109314215209347
"HLA-DRA",1955.04441982355,1.21753518927459,0.414422771994646,0.000129271185326587,0.00109461224164113
"RPL3L",10.2160821901629,-4.07577417780828,1.4973513845978,0.000129333442059075,0.00109474044671862
"IGHV3-49",14.0535377619269,2.49377451301664,1.11495804966378,0.000130695458003691,0.00110465950044226
"SNORD108",6.94803263656746,-1.23832056983384,0.37124101233501,0.000131785695173407,0.00111251933719187
"CLDN18",970.108568506495,1.58361687972821,1.16197179369825,0.000132397239195797,0.0011166061171377
"SCG3",91.4741514807433,-1.58291700600318,0.728216054827453,0.000133019281248865,0.00112144521038366
"CLNK",5.79076646169239,1.982002509686,0.665636663665078,0.000133074421543559,0.00112150315000529
"SERPINB9",141.609168082756,1.18029991364185,0.398132349266149,0.000133359389127171,0.00112309003492926
"FGF17",4.46971018601533,-1.69802168287561,0.561362651662002,0.000133357678083782,0.00112309003492926
"IGHA2",370.247727355533,1.60215400984048,0.754255219143632,0.000134647765866008,0.0011327084865665
"LOC105379303",6.77288514255618,1.66194272593535,0.531918153255919,0.000134763981587161,0.0011332758277878
"GC",84.6435993396668,-1.7389122699754,0.805456371912786,0.00013588808514697,0.0011410768552186
"LGR5",20.9046279080495,2.25410763588865,1.38725853119452,0.000135844101567161,0.0011410768552186
"CDKN2B-AS1",19.6064371099574,1.6975620836208,0.613958136119473,0.000136396783800563,0.00114493470795018
"SPATA24",15.1694881867335,1.10228791021387,0.331063409066279,0.000136900167660166,0.00114833046771984
"RSAD2",93.016491467692,1.29173160991989,0.447057908856959,0.000138780575460332,0.00116284409333603
"RORC",154.469021554573,-1.59924203507494,0.729252518960266,0.000139467894104131,0.00116818187437256
"ERAP2",350.821378073052,1.23823462615355,0.422843089698158,0.000140017694442886,0.00117152003254608
"LOC105375497",4.2320499383535,3.05075838307664,1.09464441060044,0.000140225128345852,0.00117283328189916
"ACSS3",85.1884168585476,-1.13167784349067,0.365017435743374,0.000140662928893851,0.00117607166349357
"ACVR2B-AS1",12.9265685628323,-1.46035489008879,0.523249843145385,0.000141073991401243,0.00117884179904597
"112268108",3.11703732030903,2.66529731871725,0.88618309680385,0.000141095719524289,0.00117884179904597
"SIDT2",344.679255623828,-1.36228362445936,0.508959805739732,0.000141412687107902,0.001181065343261
"EPHA2",276.090574729695,1.25148131675612,0.441167068588253,0.000142966821363939,0.00119062153920829
"SEMA3F",44.2917621051135,1.28083808136501,0.429338921543844,0.000142903056467467,0.00119062153920829
"LOC107984433",4.56387544862117,-1.51228354274294,0.481460502374364,0.000142953763669089,0.00119062153920829
"ARRDC5",9.79954306143235,1.42016092016499,0.458252912067373,0.000142907937116382,0.00119062153920829
"WDFY4",103.971965555605,1.32368579210713,0.475965215972836,0.000143108196497985,0.00119094518109981
"IGLJ1",8.36364785644972,2.16147810414462,0.844284743413989,0.00014307067336555,0.00119094518109981
"SLC16A4",109.602937367886,1.0061313011999,0.313765114902012,0.000143461011926607,0.00119345385324551
"BOLA2B",63.7944271257042,1.09000588793266,0.346370362274337,0.00014403111027063,0.00119776766182466
"ELN",349.462356110017,-1.15923061277716,0.393727636576221,0.000144721727444192,0.00120308026374448
"RAB42",12.2736753945436,2.08556851954585,0.958206865326953,0.000145786202092771,0.00121106271205775
"COMTD1",77.8985686454398,-1.21913795868944,0.415556349721805,0.000146112119913944,0.00121333634960704
"TRIM45",39.7457278097771,-1.12719393508923,0.364943209387292,0.000146436978701293,0.00121559957131995
"RET",15.7431165333794,-1.6228024731654,0.62197933664457,0.000146884798890419,0.00121888153650675
"ANO1",250.860551124286,1.44903882161523,0.529813153869406,0.000147465937001987,0.00122306637518006
"LOC105370972",21.8839342816705,-1.68864975052127,0.705841422586747,0.000147494382752508,0.00122306637518006
"TBXAS1",87.7952529219264,1.2238032405442,0.419566253226793,0.000147814100188983,0.00122528027752088
"MIR650",8.01948440347343,2.01897237553071,0.792662975325941,0.000148530744087673,0.00123078168290909
"ADARB2",11.1841449776718,-1.93026954532238,0.915550301359678,0.000148677714806951,0.00123156032211747
"SIGLEC1",64.3120001182774,1.31446800375354,0.457684693108697,0.000148885056632495,0.00123283830750393
"EPHX4",15.6363371452704,2.31865491509228,1.43768730621552,0.000149264090957039,0.00123465687197821
"EMBP1",17.1635752556479,1.17153806398401,0.360923091733426,0.000149243879248718,0.00123465687197821
"IFIT2",78.7645774872628,1.08079752009004,0.337773989249999,0.000149771536445409,0.00123841339833063
"RNA5-8SN5",263.664044829218,-1.71162656994319,0.859827212495972,0.000149927857221388,0.0012392649457627
"LOC112268079",4.95692768857314,-1.88261408595014,0.726667250125775,0.000150075099571609,0.00124004087430524
"MMEL1",10.4879902293859,1.53857637479096,0.520711517867848,0.00015033531638182,0.00124174940495257
"LOC112267970",3.02479735174865,2.23269688287976,0.721820269207701,0.000150662913851009,0.00124401307865252
"IGLV3-1",12.2673939712298,2.0323090867974,0.758660013110252,0.000151103897458533,0.00124721103284157
"CXCL14",166.990237020821,1.42201429881628,0.562591260349275,0.000152259911013746,0.00125541484471412
"COTL1",168.938944873482,1.14921369868952,0.384588118716544,0.000153721263139642,0.00126611611097114
"CENPM",8.20881839069192,1.72167052956053,0.611859634510947,0.000153845160054344,0.00126668755983794
"CAMK1G",40.3792654930484,3.06079439274019,1.48471426037189,0.00015428959645263,0.00126854875215034
"F2R",368.871516745945,1.28203837028739,0.464674183533642,0.00015413428511201,0.00126854875215034
"TOR4A",65.6694535203006,1.28213199859106,0.446099861394415,0.000154211037956352,0.00126854875215034
"LOC101929727",15.814948155383,-1.23618124782504,0.408205050929172,0.000154267439320842,0.00126854875215034
"HCAR3",10.111858925463,1.81070500197282,0.639373559226279,0.000155606231379534,0.00127846916057407
"RGMA",24.794723442062,-1.41009726725688,0.509480768086997,0.000156051892850936,0.00128167752930063
"LOC105372815",299.016165099012,1.80721985380813,1.88524994641034,0.000156310108211512,0.00128289133320186
"TLR10",16.270929876138,1.71829102469361,0.665260634757784,0.00015649354987756,0.0012839433726713
"FGD2",65.7833954215137,1.31584088998912,0.471362425985089,0.000158534984822271,0.00129830083378162
"PERP",940.073178269181,1.15532506773358,0.394523335631748,0.000158578771950602,0.00129830083378162
"MAP3K21",226.134634968,-1.32250606943497,0.493653854674558,0.000158906119460827,0.0012996690373981
"AHI1-DT",9.05677591193263,-1.35714065121086,0.451469720604015,0.000158913696373919,0.0012996690373981
"ITGB5",408.294708432645,1.06158960943609,0.343848092282617,0.000159150946890374,0.0013011513902174
"BST2",133.342437457674,1.23392363854873,0.429007942295613,0.000159314396055152,0.00130202954356013
"MREG",50.2800305396516,1.04708110885822,0.329939725763627,0.000159534422681909,0.00130336930767023
"LOC107984805",284.710637546908,-1.02673282714167,0.325682901167408,0.000159591624193661,0.0013033783438101
"SMANTIS",182.567224587595,-1.02339819641338,0.323379086131479,0.000159861660827526,0.00130512497868151
"ZNF300P1",29.9604548132347,-1.181273008359,0.389560778153204,0.000159989349525537,0.00130570865339862
"LOC107985492",4.72580810460105,3.54249703222114,1.20389107386032,0.000160629783238335,0.00130909611137941
"MIR614",8.12162360070347,1.83490185357841,0.658595091566992,0.000161339995854814,0.00131355243080958
"PIK3R6",8.9775141742097,1.82309325137896,0.671357155852187,0.000162658193271694,0.00132238037812029
"TMEM63C",17.0598282517901,-1.47523317275884,0.54857230568627,0.00016306069954123,0.00132518900099352
"LOC105375913",23.953484998552,1.50157884350504,0.571192655554392,0.000163505485367666,0.00132833914423696
"FYB2",20.8418254262089,-1.69602678433476,0.705764157760455,0.000164373347995016,0.00133399047875103
"MT1F",101.268543195397,-1.59835501579236,0.772767551219092,0.000165494364293159,0.00134215062979112
"ARPC5",1081.15511747829,1.05972035305818,0.345959155490976,0.000165600389346777,0.00134254188641743
"IGHV2-5",10.6056517800713,2.23907724133663,1.01217806510458,0.000166327071526248,0.00134796285556762
"CA12",308.515882240251,-1.49567484021442,0.721623104406027,0.000167067570954467,0.00135302711047671
"HOXA3",19.3913460693225,1.69887996227258,0.767110511267218,0.000167627775022196,0.00135613905036237
"KCNJ15",314.859936374265,-1.2526019810506,0.440142739161894,0.000169833951514069,0.00137303126772074
"LARP1B",480.593362691293,-1.06146126788329,0.347427608793123,0.000170275213060971,0.00137611985233797
"ARL4C",203.957547430159,1.33179158202231,0.500778476936603,0.000170871696104229,0.00138046031258059
"PLD4",27.8178936275275,1.32391397878426,0.465446928358456,0.000171427369081621,0.00138398711626527
"AGMAT",35.675744745401,1.17235820251058,0.374292713851007,0.000171663057663201,0.00138540852546178
"PAQR8",102.569720689798,1.11622527308958,0.368258777000921,0.000172094153682017,0.00138793016383633
"LOC105375131",5.66782713162269,-1.78578349416212,0.685861666641132,0.00017209497749139,0.00138793016383633
"NEIL3",10.7669594646942,1.95086061241902,0.886258577526916,0.000172505726634379,0.00139027768239674
"ADAMTS16",42.3186261594222,-1.56214617759412,0.74316211653155,0.000173474263491395,0.00139759865194957
"SLC9A1",113.412425945944,1.01520622957846,0.322883839781116,0.000174521940039167,0.00140506489147957
"THBS2",1693.74650299814,1.61644259661404,0.906755190716701,0.000174706527274767,0.00140606378982654
"CD300A",46.7374156843373,1.42148188781089,0.550269120183709,0.0001762036688674,0.00141664091561732
"SCD",1016.28558932362,1.44408249080791,0.604279396860466,0.000177978882907642,0.00142798055340552
"SLC14A1",28.6781217299451,-1.39180018859979,0.50545928889618,0.000177982857011508,0.00142798055340552
"102723630",17.9450671281633,-1.47575180963998,0.542649111823453,0.000178754984202606,0.00143318566526831
"CCL19",21.5003350946488,2.29890768641364,0.852482013433775,0.000178997126275004,0.00143463202104164
"PCDHB6",6.41431564137369,-1.28161530978964,0.408316647869927,0.000179381486369039,0.00143721683992573
"DPP6",29.4779961165331,-1.5124670478376,0.610441792905493,0.000179736181267791,0.00143857050353328
"LOC107987014",8.22494656385918,-1.34760655043696,0.440565072539451,0.000179676431685814,0.00143857050353328
"NHIP",5.31864188417682,-2.08392233724576,0.829615660441555,0.000179637794740661,0.00143857050353328
"SPATA13",621.213922425553,-1.01971698165765,0.331137988546279,0.000180556978119884,0.00144464235076292
"BST1",37.6794129816616,1.24023546643778,0.420653384825035,0.000181616640144935,0.00145162113304698
"NCAPG",53.6545773750494,1.29163411142389,0.46193846882579,0.000181736396967959,0.00145194739070413
"IGHV3-72",38.3427626726202,2.11557139868195,1.10266434871201,0.000181844928209556,0.00145194739070413
"107984312",33.9015674387985,1.28656572429927,0.437390327342606,0.000182240637933189,0.00145460708429325
"AGBL4",12.8257797271969,-1.66016673513735,0.681508255318578,0.000182895195738654,0.00145933031352597
"BICDL3P",17.5580555936753,1.7887353585667,0.693161922373369,0.000182994970866185,0.00145962517956602
"LINC02531",8.42996865834277,-1.76882847525538,0.85376503257274,0.000184765101391451,0.00147222809699258
"SEMA3A",122.873205468591,1.61406756502212,0.752559964883268,0.00018817337186671,0.00149630674035695
"CASC8",10.34185962865,2.15106865979858,1.04493023079815,0.000189074651516205,0.00150193146255693
"ITGA4",200.33899441986,1.21576256757346,0.428407548328192,0.000189189315093938,0.00150232868633208
"RCN3",48.8508427018698,1.09728273304226,0.358361585190502,0.000189545845763683,0.00150464561883129
"TDO2",23.3214701109595,2.15785201384987,0.970474992322766,0.000189652073251787,0.00150486243312195
"CLIC3",8.03725550850963,2.34243311149272,1.17968901956589,0.000191019333469441,0.00151427301711446
"TMEM200A",109.038936069441,1.32114138905951,0.491779870893718,0.000191854935624699,0.00152037838650747
"PKP3",99.3277508294159,1.09934141437777,0.367993068793579,0.000192370384491805,0.00152342395489676
"ANKRD36BP2",41.186939210561,1.35684007277561,0.499017356202949,0.000193591302468028,0.0015289238316943
"LOC107984361",5.62168175332358,2.06987698110171,0.714733063385599,0.000193539619490033,0.0015289238316943
"MAST3",169.051894461104,-1.06775118941685,0.350652644393688,0.000193665693176801,0.00152899163471388
"LOC105377124",19.0522515551593,-1.39000990992569,0.508266213278187,0.000193812572313169,0.00152963149378277
"MBOAT4",13.4451085689356,-1.56852459394441,0.628611646038504,0.000195924713451826,0.00154315617527227
"CADM1",155.835258454508,-1.11924177327272,0.379350912273861,0.000197072004546378,0.00155009073311953
"LOC105379252",6.50677204846798,-1.47852816677052,0.509277132685023,0.000197402930246948,0.00155164312729629
"IGF1R",650.471615169222,-1.04683753897906,0.336516365350077,0.000197376300529222,0.00155164312729629
"FERMT3",70.7124359454761,1.00593401858925,0.318668342950879,0.000197655583128709,0.00155310364355616
"PLTP",340.675252050048,-1.05502163314189,0.34766432889134,0.00019794000726646,0.00155481273456261
"LOC105374618",10.7339307962072,-1.73620931277485,0.779547324625242,0.000204867295077808,0.00160488590732733
"INAVA",270.093136272375,1.26759668747922,0.456652088591982,0.000205717447318262,0.0016099174430582
"HCK",64.346645024783,1.20664946314539,0.423115400539113,0.0002087714585037,0.00163271788567266
"LOC105373791",249.513439183669,1.60978582096909,0.910479233930194,0.000209922152872101,0.00163950965444815
"GAD2",46.8107394843645,-1.70629712246933,0.895286944170691,0.000209919224215941,0.00163950965444815
"HSPA7",28.8064406337934,1.31228897213562,0.449938054812466,0.000212045489134505,0.00165386939914073
"CCNF",21.3201467782649,1.24849552043767,0.423527756841769,0.000214760787917244,0.00167336247728275
"AQP5",43.5587387184761,2.27051410353056,1.24274407866747,0.000216596989827464,0.00168653855852584
"NT5DC4",3.92187988072223,3.06322256428625,1.22240818909222,0.000219636565876117,0.00170677445088013
"COX7B",484.716902658164,1.01959264956215,0.337044362635124,0.000220798675686659,0.00171523143750569
"FLRT3",123.056618586678,1.15670867661903,0.403345868114231,0.000221047227185457,0.00171658834346727
"TUSC3",248.563966477831,-1.03907373874625,0.343578547202414,0.000223942818614419,0.00173559419296398
"IGSF6",107.809473317614,1.06744257086516,0.356187415029203,0.000223886698077066,0.00173559419296398
"CXCL9",42.7954517790866,1.84807514786431,0.849359014598176,0.000224837382073083,0.00174114448404374
"LINC00861",14.1923471128164,1.69086331652156,0.664620704984333,0.000224883778636336,0.00174114448404374
"CD48",47.0612437813497,1.3413318362845,0.498461002458019,0.000226000422217354,0.00174852759882431
"PCDHA9",18.5427298263501,-1.16843763379649,0.39168072941867,0.000227748686985884,0.00176039279511544
"HMOX1",250.819920695103,1.17007551273629,0.409137629971011,0.000228499280417846,0.00176560717675712
"MIAT",84.9475955349828,1.22885996038746,0.449471667557259,0.000229578026214347,0.00177335287203802
"IGHV3-69-1",2.9837933716214,2.81877822695486,0.946904918980974,0.000230039102220859,0.00177632387507532
"FAM81A",13.305843917302,1.45090736131914,0.522200324665775,0.000230597692607977,0.00178004564376955
"LOC105369842",14.0798012829916,-1.76822918454478,1.01213657713608,0.000231046384932394,0.00178232495149541
"ADH1B",514.113233915065,-1.51580473753835,0.831301979896659,0.000231736465510158,0.0017841396992918
"TRBVA",5.80261114812146,-2.95159649207034,1.61315004153384,0.000231659691477589,0.0017841396992918
"MIR6732",2.77818209365548,2.66436251343362,0.92134910916882,0.000232495824049109,0.00178875512310631
"RANBP17",149.419687637563,-1.0248116234306,0.335887033576402,0.000233106600762461,0.00179286059871426
"CLSPN",17.7865832182996,1.44481095145956,0.54052262030866,0.000238113470417719,0.00182653234901146
"FKBP5",1029.27934394419,-1.07147190700004,0.36731578457446,0.000241347617083861,0.00184950919622148
"PTPRC",559.431157151789,1.20215899078911,0.438804833463526,0.000242773349293357,0.00185859597061982
"ZNF737",208.353364431544,-1.0576062591128,0.350911459258498,0.000243914541892927,0.0018667175167596
"ITPRID2",2833.44973477367,-1.02371151472769,0.341997859351408,0.00024686529646845,0.00188805634083095
"ERC2-AS1",3.07329077923636,-3.08313764747294,1.51242488270196,0.000247955561052397,0.00189577079995144
"ADCYAP1R1",15.7939670254497,-1.48107355685211,0.585849018946391,0.000248886657332107,0.00190226364576036
"TPRG1",43.7310440693508,1.31883942882188,0.500757645303262,0.000251101175041699,0.00191792761410055
"H3C8",19.3698741267767,1.7311720005434,0.870069541872126,0.000251412862389382,0.00191841637360174
"CRACR2B",152.388876905367,-1.42590564670541,0.688870275035491,0.000251335082761852,0.00191841637360174
"TNFSF9",11.4303766562384,2.30223989432267,0.889481160717018,0.000251370824615988,0.00191841637360174
"ATP2C2-AS1",13.5515581188498,1.4472884988452,0.524739872436632,0.000252138510299296,0.00192142941515387
"GFRA3",4.5898793480291,-2.27384817010166,1.15338561187067,0.000252893592925976,0.00192655168250329
"EMID1",30.6302952548433,-1.08462401438012,0.364212348727192,0.000253264193992129,0.00192811059875725
"ALDH1A2",18.1170554233685,-1.5620513674356,0.655065380853064,0.000254382790108884,0.00193472475554171
"NCF1C",7.50568283439778,1.44437666408636,0.481038260845166,0.000254964182970647,0.00193851203904548
"PER1",513.553609099021,-1.20596280474929,0.446214716550085,0.000257549639337529,0.00195752890742803
"FBXO16",11.9425548622722,-1.0702803649594,0.342985010261645,0.000258174128768102,0.00196163370893618
"HLA-DMB",157.921946279675,1.18954856982834,0.433075036593658,0.000258932387017097,0.00196610915436021
"CD3D",12.1130854754489,1.79762131387113,0.776242896984948,0.000259292010837353,0.00196755384448266
"TFF1",766.054225062754,1.16162279780449,1.85572305348885,0.000259235873184932,0.00196755384448266
"GSN-AS1",60.1034524633041,1.23533764517461,0.459790534846941,0.000260080258815932,0.00197289089571929
"AADACP1",21.5868133467924,1.87486740604375,0.858266499846806,0.000261598228535657,0.00198375810705809
"ULBP2",8.39981832752485,3.02298415252181,1.23972592157747,0.000261918560420477,0.00198426285181608
"C16orf96",6.37793199819278,-1.70472830344929,0.765609778769069,0.000262652934401778,0.00198877144891065
"FAM83F",150.694276346904,-1.05235137885034,0.359976287950049,0.000264324287091984,0.00199986154691704
"PIF1",7.3177316349571,1.83086426915645,0.686798873577798,0.000265484598216282,0.00200798653631358
"SNORD13",61.5530589706296,-1.26607532294062,0.490126750048808,0.00026615970749862,0.00201165523879179
"ICAM5",3.33828713004204,2.91599805739468,0.968344818166538,0.000268658155117765,0.0020273700013515
"PROX1-AS1",7.59039877081957,-1.86433769197178,0.970761755548307,0.000268864113016384,0.00202826547595314
"HLF",49.0345403558064,-1.17127131958768,0.41992004206298,0.000269180547201139,0.00202999351321599
"RXRG",9.25520749826505,-1.87636112629809,1.01151020908176,0.000269375871636588,0.00203080739048544
"HTR1D",10.4705251420167,2.97590620438001,1.3122329922221,0.000270371294260248,0.00203765067211705
"MST1P2",49.8293118348821,-1.43825640184521,0.573694073439909,0.000271109322861801,0.00204188820638378
"IFI16",435.811659627248,1.09900172281163,0.388531944141815,0.000271667024401342,0.00204542557095437
"PTGS1",50.1455197236104,1.18144488622376,0.422313175683906,0.000272025542074138,0.00204679840352739
"DPYSL3",604.200356542382,1.3491891677762,0.597705174178767,0.000272360850090748,0.00204865793197103
"LOC101928994",5.41763879123998,2.28168586579934,0.798755178355512,0.000272811101526721,0.00205138056439268
"FHAD1",21.2920643165043,1.13543823111682,0.377100979563884,0.000273727469439867,0.00205693976469447
"ORC1",11.1716265655962,1.63709591257039,0.56881022732626,0.000274556312467645,0.00206216715797358
"FTCDNL1",43.9098781247236,-1.00224013995506,0.330339878298765,0.000275422597692066,0.00206633647315956
"SPATA9",43.181076788365,-1.1204367339495,0.387336733749563,0.000275418626177411,0.00206633647315956
"IRAK3",328.479783242279,1.23097792569072,0.462447372045015,0.000276506615577743,0.0020731304333491
"AURKA",41.1163506680253,1.27047082833269,0.466786333095904,0.000276978053204831,0.00207599518264976
"LINC02320",4.78302573967508,2.22010235761591,0.840057930238831,0.000277447444953436,0.00207884275507678
"NLGN3",13.6233016029414,1.40840215462159,0.515430646602447,0.000277603171529314,0.00207933903626164
"LINC00578",10.1237165780984,1.89951822304964,0.878194500961755,0.000277995591240278,0.00208160733563257
"CLDN11",38.6388514257492,1.49677890468172,0.655226506824689,0.00027913422002911,0.00208878698949319
"RWDD3-DT",10.2496232402815,-1.47799975936248,0.575449715573264,0.000280091293085577,0.0020939257383666
"FAM87A",8.43568176375432,-1.48378501728484,0.55870559577744,0.000281571770279582,0.00210295889012068
"TMPRSS13",8.03367886134998,-1.26013241867164,0.42483935701326,0.000281543322400316,0.00210295889012068
"107984546",19.3964412124352,1.15014387675273,0.377199190978748,0.000281661634002821,0.00210295889012068
"LMO7",987.112378967707,1.01991222837092,0.349291492061931,0.000281913024950033,0.00210415969634244
"PMFBP1",17.3972203991759,-1.4505619679492,0.58473040119975,0.00028245676434062,0.00210754107882283
"IL20RB",36.694229352287,1.88120463719962,0.929930492939011,0.000283338380891148,0.00211344053932771
"MIR31HG",35.4910390902453,3.55811923691767,2.01914297145932,0.00028359234109408,0.00211465598373587
"LOC101929444",21.1108597137696,1.97418270036645,1.09921366228503,0.000283854044785796,0.00211592837041963
"HOXB7",20.893761935586,1.82370324997452,1.03020953481906,0.000283980368932156,0.00211619110716442
"MARVELD1",98.9493397795319,1.3312225666034,0.560486428347875,0.000285462851431932,0.00212587479263492
"FAM217A",8.72739832535432,-1.65394041919096,0.819591137778455,0.000286818994436866,0.00213528975832764
"LOC107987299",52.271752216899,1.05800386197209,0.354676386277647,0.000289235284104816,0.00215189939999212
"NIPAL4",7.3693698185302,2.15956029736197,0.798447644229145,0.000289885148223277,0.00215604398814591
"LOC105375336",7.73265711723389,-1.49770158044592,0.566523070233426,0.000294107031127028,0.00218326003400411
"LOC105375431",20.0464483994553,2.00182512927418,0.915924536036329,0.000294008662697414,0.00218326003400411
"PIWIL2",68.6886262570648,-1.51443417230451,0.832992044035725,0.000294108194810969,0.00218326003400411
"DNAI7",12.7772342060358,-1.03504243790064,0.331906301879186,0.000294392289994429,0.00218467098627293
"HS3ST3B1",40.5652807169811,1.07672535113907,0.360835351250449,0.00029493700586321,0.00218801447357334
"SLC39A8",446.659659699372,-1.11761826925974,0.39396135927695,0.000295067689384968,0.00218828527381415
"CASP9",129.237079514369,-1.14239561199393,0.412058099265127,0.000295286608712702,0.00218861699979675
"ICOS",13.3921019598129,1.69373808216494,0.811248880611014,0.00029530080888155,0.00218861699979675
"ACSS1",194.991537422294,-1.14842387868996,0.421662116284614,0.000298496626501523,0.00221089229096681
"LINC02981",13.5292759985677,-1.10162149539139,0.364375755759367,0.000298995857876671,0.00221388424402946
"LOC105371822",4.5050610142836,2.32712916589287,0.865278273166417,0.00030048874717297,0.00222352103202674
"LOC105370921",5.57263779609622,-1.59262167998788,0.583475376032217,0.000300905381946537,0.00222589511287099
"SLC37A2",44.3931075054012,1.44215339303308,0.596373616975069,0.000303844486459296,0.00224549193475882
"LOC107987083",5.50183360511376,-2.40861714645207,1.28087615783311,0.000304906746371791,0.00225190980672237
"UNC5B",117.855973086111,1.11560325984022,0.398075666700625,0.0003065488470288,0.00226331822710968
"107984251",18.1214431038089,-1.00147284350069,0.32381774085522,0.000307961634837943,0.00227302686958691
"BIN2",33.1398213439608,1.08244790793615,0.363743757834377,0.000309336774196256,0.00228245155555732
"LOC105373042",4.00134909490146,-2.13500234419274,0.952212627656125,0.000309728398811738,0.00228405821894775
"CENPA",9.55747378794412,1.90444886712527,0.827192680069305,0.000310470535260077,0.00228791084261589
"ZNF626",110.387195031712,-1.03382234315747,0.352289332167853,0.000311207222990839,0.00229188584031447
"FAM133CP",53.0705564131929,-1.11089141032212,0.38236260434292,0.000311594327213346,0.00229400956679407
"DSC2",592.433586744781,1.05872259869728,0.370605236623576,0.000315076037506756,0.00231670624413591
"UBASH3A",8.64791727246727,1.73737558949627,0.689931145090588,0.000315365070894711,0.0023180978874529
"RAB40C",72.6889535560639,-1.20264059961005,0.456289496677139,0.000317439001796738,0.00233186696387834
"ASNS",99.774720252053,-1.02309993887914,0.352573141875777,0.000318236833130964,0.00233551257668918
"ITGAX",187.361876066375,1.32752118590463,0.562244348810402,0.000318667499397901,0.00233793474850339
"RGS10",51.9884389131029,1.21738170073984,0.452978507081258,0.000318955951411012,0.00233931235196807
"H2BC9",21.1955471393321,1.76967334756886,0.879306115838084,0.000319273948304112,0.00234090570806123
"POF1B",310.859794052778,1.12913914596221,0.407885858510393,0.000319474059357551,0.00234163399658444
"LOC105378626",20.3107576289044,1.34323975848756,0.501810272574154,0.00031996184647666,0.0023437306125111
"KIAA1755",36.5260785872487,1.35402147713743,0.542308688451479,0.000322028475312956,0.00235589786646616
"IGKV3D-11",4.48112537305727,2.54529627943669,0.962998203649609,0.000324167310759985,0.00236930716121681
"LOC101929532",27.9578993588763,1.71520537928506,0.882003253776857,0.000324272280757859,0.00236932907025435
"HCG26",6.13006038269941,1.64919255886464,0.601350027886497,0.000325039915529775,0.00237419127234653
"NCF1",9.99380220688754,1.40721373595425,0.50753778500988,0.000327563577440138,0.00238584811882462
"CACNB2",136.766838338066,-1.08806210542217,0.381502429261664,0.000327828356619922,0.00238584811882462
"OR10S1",7.00380090821309,-3.38071069389295,2.59971334151203,0.000327444193499012,0.00238584811882462
"LINC00663",21.3124109658414,-1.12563924899086,0.394148414963572,0.000327868002728944,0.00238584811882462
"LOC105377352",33.034355175904,-1.52444882666761,0.94132909013228,0.000328446625676911,0.00238720470370502
"LOC105370472",3.27316117744351,-2.65211308020762,1.17270550415227,0.000328436072249576,0.00238720470370502
"LOC105371114",18.6739185174607,1.73349916359546,0.852990219436704,0.000328220151236838,0.00238720470370502
"RAP1GAP2-AS1",27.7716184528717,-1.26327127666325,0.491703259881772,0.000332101629072013,0.00240986300796009
"HMGA2",65.183100569958,1.54203667734922,0.815332548832102,0.000332729907935978,0.00241366825191771
"KITLG",339.229527742017,1.02397790380573,0.356835192514907,0.000332869440038695,0.00241392679129184
"CFAP70",60.2179058436436,-1.03337922695956,0.352457604671621,0.000333004667746318,0.00241415396414531
"LUZP2",16.4869972493299,2.23851127733611,1.36275138043241,0.000333893188189485,0.0024190858208864
"IGHV3-66",4.73578733327311,2.54563400764511,0.907292108798919,0.000335311939194053,0.00242709436360555
"LINC02915",18.9126438333317,-1.64163710404528,0.923820460292275,0.000335219777557205,0.00242709436360555
"AIM2",14.7490473625463,1.63973358370288,0.660769425030298,0.000335605067646021,0.00242845959101691
"SYT14",30.053860029625,-1.49835689470343,0.73658306984461,0.00033576728006859,0.00242887694657337
"TFEC",75.0331154739071,1.1845317011012,0.437737514811576,0.00033610219207309,0.00243054292960418
"AMIGO1",33.3925814077751,-1.11928328158884,0.391895724379421,0.00033621717683451,0.00243061795387363
"107985878",7.69406192376226,-1.23288347287401,0.420609331770588,0.000336643611704111,0.00243294380029394
"TPM4",2005.71547846135,1.02977326730041,0.354387669823142,0.000336910741826091,0.00243411725321183
"IGFL2",47.6820525902391,1.87164011645012,1.56991404731711,0.000337462483662837,0.00243734560394965
"ABTB3",23.3159711070876,1.40243146438386,0.557434748939521,0.000337622658448234,0.00243774470759624
"KCNJ11",13.7869202878752,-1.48198448858873,0.609310806339219,0.000337916456689512,0.00243910806808972
"283174",31.3395343264048,1.39190446306746,0.534366065658732,0.000340001192007579,0.00245263200754303
"NAP1L2",20.8015664141305,-1.17155728395329,0.411503102507523,0.000342230480987748,0.00246718126768549
"ZFAS1",423.32394587192,1.09853374088528,0.386351423564487,0.000343753218258494,0.00247739020664892
"CD3E",12.8345194513181,1.7433075938963,0.770328120719348,0.000345108437165814,0.0024848449140216
"P4HA1",389.283448292182,1.0650936582378,0.379026751660303,0.000345607314313094,0.002486895617239
"RPS29",36597.8681422038,-1.04067483785116,0.367340173548243,0.000345504143447977,0.002486895617239
"ZBTB7C",38.2504397443752,1.33668064454856,0.517405068524814,0.000347458146550547,0.00249770328466922
"ZNF470-DT",5.29289366960244,-1.25686064980307,0.416406119718357,0.00034753926056964,0.00249770328466922
"FAM95C",26.0792621037106,-1.26211722561493,0.467995660600573,0.000347754689377271,0.00249770640113783
"SLC25A22",76.5319917775261,-1.20724019066529,0.473097072742604,0.000347652835344846,0.00249770640113783
"PYHIN1",16.7458900190963,1.58653664883823,0.660676382971047,0.000348149810831764,0.00249977158673549
"LINC02277",3.87322399892681,-1.9737778422175,0.871309911450837,0.000349437900197129,0.0025082451686995
"CLDN9",3.88866578761633,-1.87436377683846,0.864964133585308,0.000350506778703646,0.00251514051982063
"EDRF1-DT",6.81676888184745,-1.27791083712094,0.440629961201604,0.00035207326358337,0.00252560119770287
"KRT6B",14.5015449706266,3.80597309524352,1.7235987898608,0.000352311226152803,0.0025265281912532
"BMAL2-AS1",13.1069327337133,1.67450411377782,0.778343464991453,0.000352971996521947,0.00253048575723154
"LIPH",228.407350635305,1.28960028891318,0.544361267837752,0.000353220356468568,0.00253148518894114
"LINC02316",14.1935292305669,1.46013470533936,0.561614555131569,0.00035563721657044,0.00254802057570588
"EDNRA",168.099242021412,1.40565502655979,0.73651561480815,0.00035603597768103,0.00255009122731774
"WIPF1",250.004463107343,1.0749865680721,0.383292565713303,0.000358126956138932,0.00256348731543071
"MYO3B",18.9058489800873,-1.50361000437589,0.765401454170953,0.000358340813137434,0.0025642281469813
"SLC12A2",1057.76232318781,1.08752119423321,0.397897151532434,0.00035921078813482,0.00256962175665878
"RAB38",22.0698564475246,1.31918644149237,0.49252189122688,0.000359925246604568,0.00257318864764835
"SLAIN1",52.6059555451075,-1.11123299505307,0.401980348785185,0.000360753839915252,0.0025783191234792
"CLEC2B",109.560660483035,1.24494403756044,0.494296005470984,0.000363925247956057,0.0025985873190716
"PROB1",12.1557355189084,1.34318572720702,0.481440397590263,0.000365692501357173,0.00260601464671024
"IFNE",11.4416852827461,4.41662306097833,2.11607879972673,0.000365306832516886,0.00260601464671024
"LRRC18",10.9123908942434,1.6806259855585,0.670725612386927,0.000365705076685723,0.00260601464671024
"MIR221",9.34578368121099,1.57764145466244,0.584854859284653,0.000365466472114561,0.00260601464671024
"MYO5C",578.999961831288,-1.07890874294314,0.396729159245907,0.000365896669114462,0.00260625662381193
"LOC105377286",9.18395678791502,-1.2713796577133,0.450878362629795,0.000366058807898587,0.0026066124430045
"GRIA4",17.947350279565,-1.30730009316355,0.482722762896438,0.00036850637955612,0.00262163065798727
"SIM2",9.19146306722381,1.40904690954665,0.515914914110682,0.000369159785378876,0.00262547524128503
"HAS2",91.3600132459926,1.35538066212842,0.605864113461895,0.0003695410256075,0.00262657868766909
"LINC02609",13.1817780446683,-1.01483149898037,0.329654439927823,0.000370732408679592,0.00262975614354316
"KCNAB1-AS2",2.71182521226422,-2.91657993413029,1.32586588538228,0.000370506248463117,0.00262975614354316
"TMEM132A",43.0906384984587,1.26020430312341,0.479350800698389,0.000370777272112623,0.00262975614354316
"SIGLEC6",9.25183098263613,1.4719478301699,0.559898060892472,0.0003707803368301,0.00262975614354316
"ALDH1L1",87.5150717206414,-1.37751350727085,0.679425863959665,0.000371740757447504,0.00263576335040975
"LRFN2",6.43984868386488,-1.83998314606864,0.831900572332604,0.000372235732836267,0.00263766308400447
"TIMD4",3.21397052554121,2.63336938801176,0.893153819335545,0.000373750195160199,0.00264758712943513
"CSTA",40.2636831781469,1.61049406414232,0.786611239974825,0.000374821026648975,0.00265274643746236
"EVA1B",28.2113373737778,1.11941650260301,0.386102251164535,0.000375960971912141,0.00266000401412259
"ST8SIA3",64.7760121304282,-1.49762846919461,0.78444085227925,0.000380757261892525,0.00269148006695248
"DRP2",12.6693733146815,1.94133479528046,1.18073664451223,0.000381415857054723,0.00269449602878276
"MKRN10P",3.47608913964698,-1.71956390949749,0.672669609293587,0.000382004593418088,0.00269701511032187
"TNXB",362.644185316339,-1.26846089346836,0.538120698915478,0.000382277585449892,0.00269812262999035
"LCIIAR",18.1835090604962,-1.5251891686405,0.767096745684128,0.000382510694580178,0.00269894806819631
"LOC105370910",38.7227324571269,1.18559359945275,0.423763842091454,0.000383505634826355,0.00270514675931705
"CDH23",104.997434941109,-1.31076890259287,0.576191734043472,0.000384131312972297,0.00270746362840516
"IL9R",5.72967995664437,1.78066868312065,0.679523995041837,0.000384183670447678,0.00270746362840516
"MAB21L1",8.70835677968399,-1.14561163604719,0.389518932309986,0.000388942073774545,0.00273850578307623
"LGR6",10.7906595873373,2.21980073896141,1.11884708109729,0.000390963192342979,0.00275190238536477
"PLXNA2",831.713044231359,-1.20642017267726,0.49519484479634,0.000392847587515169,0.00276349188492732
"LINC02605",16.0016333189769,1.49080310857826,0.655057625672689,0.000399154761609062,0.00280276847566835
"MAL2-AS1",126.893898518685,1.18828493016114,0.458662258457141,0.000399146170577068,0.00280276847566835
"LOC105369151",10.4729898909422,1.88180218991106,0.813192886066377,0.000399458989111932,0.0028040572845969
"SVEP1",486.727086253564,-1.07160497652125,0.39882921493455,0.000401356413944877,0.00281567520471293
"TM4SF5",21.2316074423667,2.50337414960199,1.13683879778051,0.000401343254853053,0.00281567520471293
"CDH19",47.8374184219041,-1.41185404851351,0.672929662440548,0.000403276787309512,0.00282488277152141
"BCL11A",44.6809747316666,-1.21247293019741,0.466519036244192,0.000406326296816184,0.00284452892634048
"AS-PTPRE",13.6504411296414,1.38626952187642,0.530571187616686,0.000407483772557087,0.00284950156982251
"CORO1A",61.3940584178896,1.07018790010441,0.375979345390678,0.000407314215126269,0.00284950156982251
"LINC03060",6.75308140664242,1.76154283128255,0.790894324254116,0.000410891310958807,0.00287129612334673
"H4C1",36.0944004625894,1.19157939454377,0.444085050918578,0.000411610133889199,0.00287523015441441
"KCNE3",235.193564961874,1.14853878546038,0.439639935899072,0.00041191138077908,0.00287582960709193
"GRK5",66.8311908440491,1.06719376140029,0.380055832662621,0.00041317776257534,0.00288380453993332
"NCF1B",6.48671519209022,1.57959966393463,0.59110008692467,0.000414963387199946,0.0028945284603995
"THEMIS2",85.1771165750897,1.13394665757531,0.425752442805907,0.000416136699963246,0.0029018416037353
"OSM",28.342181334266,1.49562996212266,0.636189273957341,0.000416972917193835,0.00290680039933956
"WDHD1",46.1094335822074,1.03662444878663,0.359681077034683,0.000421072421199634,0.00293010413494265
"VPS37D",6.86752979224982,-1.18068658468365,0.398271831379682,0.000421979213886555,0.0029355350403156
"IGLV1-51",19.1986192724196,1.59915887082581,0.628956845645306,0.000423812882382304,0.00294740865673536
"ABCC6",86.9778972937763,-1.36662753174815,0.659935264022086,0.000426601088760365,0.00296502431867996
"NCKAP1L",149.430437714611,1.1645594623957,0.449857793982421,0.000427083609756012,0.00296749033273952
"ZNF837",6.83451539554603,-1.33377512086447,0.474916481655153,0.000427676233624747,0.00297071966764454
"PPEF1",7.35225000078658,2.42123873779463,1.06864826777289,0.000430235585698398,0.00298581954411657
"SKIDA1",8.27755526147388,-1.36505453024943,0.510434200462436,0.0004313654677782,0.00299187362502283
"FCRL3",8.16370540463216,2.54340355670409,1.32360968647744,0.000431615238346867,0.00299271264189479
"EPS8L1",82.4722449373621,1.18519225115478,0.455956005835907,0.000432546347275238,0.00299827397939742
"PMCH",7.85660077290234,1.43644029406031,0.528104608224038,0.000433195026685458,0.00300097985838897
"H2BC26",15.0422782757215,1.6820348263217,0.82932327387265,0.00043856505319212,0.00303365853257485
"ARHGAP9",39.0172008542548,1.04784971776481,0.36012547130986,0.000440150670205864,0.00304281488313991
"EDIL3",496.602347173532,1.34482216000625,0.650091473213466,0.00044054410240903,0.00304462885766621
"KLHL25",34.9057372795911,1.13934851805712,0.411210550842241,0.000442669016076917,0.00305658680194567
"ZNF662",74.015129641684,-1.20168015618411,0.4741756802789,0.000445826595329433,0.0030756475482421
"SYT4",40.8484888932327,-1.4384182995047,0.756087912552252,0.000447105450433752,0.00308355450900214
"LINC00665",25.8965068445091,-1.22972676973748,0.482570949694718,0.000448704474544286,0.00309228047396461
"TRPM2",31.9132765003874,1.02542389049299,0.348796877416729,0.000448769948707066,0.00309228047396461
"TGFBI",962.34699269305,1.37136828850833,0.690280096645483,0.0004525539663415,0.00310913406503393
"PCDHGB1",16.9955614987453,-1.04333223835407,0.35853751014747,0.000454081232128837,0.00311686186957564
"ARAP3",51.5969088918945,1.02252595201488,0.353578796828238,0.000454253883533444,0.00311712610274648
"CYP2C9",70.6818849717387,2.62602174670151,1.02128514784097,0.000454793103114954,0.00311780173506429
"FLVCR2",55.5742857961747,1.21806156716536,0.462422573140534,0.000456233017691023,0.00312609087763224
"LST1",23.4398760865402,1.22203066517573,0.461597483355554,0.000456626591727761,0.00312786522959744
"LOC112267934",8.75538784564747,-1.30152044799926,0.480433399461491,0.000459926937955432,0.00314861591143031
"KRT6A",205.510942772438,2.59989236475923,1.57368501736099,0.000460805067398741,0.00315369830368475
"RAB39B",14.4095992230479,-1.07942543103924,0.376482130052013,0.000464957586620587,0.00318024419344402
"CXXC4",79.6731548587752,-1.06438647971713,0.392293593756227,0.000466235166352355,0.00318710623424447
"PRRT1B",18.1542707061898,-1.45658862094726,0.65748821432344,0.000466700332019724,0.00318758466366013
"CELF5",2.721573717185,-2.12726002021105,0.882004825716829,0.000466716721573994,0.00318758466366013
"CYP2C19",96.6150440711002,2.05112375839388,1.15151201387328,0.00046730782217156,0.00318974654763695
"LINC02542",3.22729924035654,2.02376775463278,0.759114338971937,0.000468935818668746,0.00319897937368418
"105370975",7.53870385698824,-1.69581585786321,0.834556088825578,0.000469494620507094,0.00320185133768193
"GRIK2",22.2360557373139,-1.08440909202731,0.385842304488495,0.000477001265790396,0.00324827796325904
"TNFRSF11B",129.762066203574,1.48496878198197,0.683393551945642,0.000480258657573576,0.00326854420290628
"SEMA6A",142.252272051813,-1.09541202580329,0.397723618610242,0.000480909806922093,0.00327201738326057
"NPTX2",28.960037368957,-1.28623507948492,0.541037047850498,0.000481072895213664,0.00327216882912456
"STK32A-AS1",21.9510386991973,-1.48153469567113,0.912283960186556,0.000486399338819922,0.00330356288730806
"LOC101927723",17.5753803722229,1.45640882331469,0.589478534969432,0.000490315310179301,0.0033272418901916
"IGHJ3",12.4285233102745,2.2855932245618,1.06253058645355,0.000491282374894281,0.00333121370481948
"CCDC180",25.6654269368385,-1.02821121629486,0.360081568171266,0.000493458192822692,0.00334466193414097
"IL1B",55.7702406819668,1.16860583267835,0.441465459185293,0.000494459424883816,0.00335047090614624
"IKZF1",120.590144531523,1.17503420724047,0.454647249829105,0.000496322753079745,0.0033596410309989
"TTC7B-AS1",8.75927646549612,-1.14106510837063,0.398298389478264,0.000496391119406895,0.0033596410309989
"CHN2-AS1",31.6636499705319,-1.33023980010566,0.566447308269531,0.00049760834917072,0.00336689865841051
"GLI2",36.9589077507255,1.4432393278606,0.700913975825394,0.000499206839314082,0.00337378444196122
"LOC344967",5.11394265458104,-1.24591734100214,0.426382049020713,0.000499003282817664,0.00337378444196122
"MMP9",73.0009132004337,1.45468357567736,0.718227112551098,0.000499638323043319,0.00337571864958171
"SLC23A3",9.49019315903373,1.41820544812807,0.547336303457278,0.000499821847986997,0.00337597692964473
"ART3",9.93272574397174,-1.58284482305819,1.21271902101381,0.000500840069330943,0.00338187126152411
"ETHE1",71.5670358885622,1.01988964821535,0.36746613282621,0.000501765571647269,0.00338713627461484
"WFDC21P",7.98796254090822,1.43134031718736,0.541388985482643,0.000504506954017375,0.00340173731664299
"GPR65",41.8208369771214,1.21019320232376,0.472663761531647,0.000505347549059513,0.00340636794383458
"RAB31",465.244248321023,1.33068886987319,0.656589376157816,0.000505970831651679,0.00340958012570381
"LINC01503",7.84246446248279,1.70048939210983,0.716875220697117,0.000506955025436346,0.00341423188869956
"102724057",5.61326339227474,-1.20551450333203,0.419972262475033,0.000508468111954924,0.00342243817533971
"PODNL1",11.2624908196641,1.53583315862453,0.678776448173845,0.00050841970105504,0.00342243817533971
"IL17REL",8.6679599980214,2.87923351341525,1.20108654736866,0.000511582882198698,0.00344041339157359
"TMEM179",9.10257786963293,-1.48973291674995,0.596833345611081,0.000512674287175619,0.00344476201923815
"AKAP3",7.76623964739719,-1.20966316041598,0.435044788347593,0.000516229306904848,0.00346664391500987
"LOC105376938",30.0959902882237,4.63447801549436,2.59185522735666,0.000517147671869041,0.00347147233114934
"SNORD114-21",5.45790664255798,-1.47982998349254,0.575512691572445,0.000517247136235809,0.00347147233114934
"PLD6",19.1313078078464,-1.10835000410899,0.40527891807346,0.000518282227327899,0.00347641095610962
"TNFRSF21",337.77136647502,1.02770141440221,0.382068889888719,0.000518938317220392,0.00347980715746488
"LGSN",24.3578121734179,-1.37011622769226,0.613534945692943,0.00052232422892449,0.00349948196628043
"COL11A1",743.784541235121,1.51068488682251,1.55948477652446,0.000524547153042058,0.00351336209309087
"KAZN",93.0628635728054,-1.00544471533021,0.363696061848672,0.000527394333994366,0.00353141422200551
"AP3B2",14.0072779068382,-1.30226107024135,0.516449935070009,0.000528025643300768,0.00353462282399693
"HIF1A-AS3",35.4609479051415,1.08882116807094,0.399363183191445,0.000528247358438595,0.00353508852918224
"ERCC6L",18.0102760343798,1.07996850607876,0.378242204793439,0.00053172454531729,0.00355528627638769
"MIR621",9.28448176433443,-1.37010007251026,0.555508006913337,0.000532358515863917,0.0035585011841479
"PRSS22",52.0915721281504,1.28205801318793,0.522212844652199,0.00053370045199321,0.00356627358451132
"FER1L5",15.8764886749895,-1.2779604493739,0.520194383738492,0.000537239644920626,0.00358597045381521
"AMER3",9.6568225356666,-1.67677045355287,0.824800339419017,0.000542009857488094,0.00361677169406544
"ARHGDIB",205.813998784583,1.00672439784657,0.366784198511429,0.000544156613407284,0.00363005423844911
"TG",7.08556591128533,1.65050755711149,0.707913983289622,0.000545038322095736,0.00363384947314044
"NDP",3.57869861241865,2.52139704470899,0.953275499459062,0.000544888404451076,0.00363384947314044
"ABLIM3",89.0154328043822,1.19188448504775,0.475074265545311,0.000548159912041769,0.00365256540186134
"STUM",25.5702525857361,-1.38629298629075,0.592639761218312,0.00054875593715379,0.00365444087124342
"L3MBTL4",132.669023449817,-1.15404082281795,0.465180688872733,0.000553088253921026,0.00368012760018759
"FMNL1",90.3012995520443,1.02229251512174,0.373557076780363,0.000553508547177827,0.0036818697662974
"LTK",15.8192811200186,2.06876327241929,0.849871310982771,0.000553906988236783,0.00368346561868393
"LOC105370660",4.23077997714564,3.60787035950417,1.2769554890082,0.000556266292869597,0.00369703870561358
"PRDM8-AS1",3.35556127057743,1.99142085872062,0.829916197417702,0.000557162407324687,0.00370087722532564
"LOC107985152",6.93899697806924,-1.16421613036463,0.408631572368172,0.00055757995694198,0.00370259225480049
"SLC2A6",21.2590325352326,1.04819745679294,0.365836172679118,0.000557776903046577,0.00370284181208206
"ADAMTS9-AS2",43.08885884169,-1.19364876043073,0.487219348320027,0.000558503608292225,0.00370660706617248
"FAM13C",50.7513000550562,-1.12934492247997,0.437716891094274,0.000560125784268747,0.0037158306175452
"PBX4",10.279052326312,1.24026205417223,0.44063039173825,0.000560472537148373,0.00371648955497787
"ECHDC2",375.052292903911,-1.03875447717712,0.389133317996075,0.000561292462585579,0.00371980329953677
"MYPN",7.1246402914916,-1.53603939955268,0.694525942512783,0.000561244844479476,0.00371980329953677
"CHAC1",66.490516424389,-1.39907166733058,1.07116688027428,0.000563618400196191,0.00373308823505088
"CCNB2",34.3659792611352,1.29779260198988,0.542067675031586,0.000566498421686929,0.0037478903268496
"KIF20A",33.2730572342255,1.34681806411178,0.58723809831211,0.000566894835346787,0.00374837834356363
"LOC105375957",9.68907059352645,-1.28358499643075,0.504412940584181,0.000567452313085517,0.00374993017478441
"LYPD3",8.43927330101368,1.96370383277943,0.932697503748071,0.0005673090260676,0.00374993017478441
"LOC105372143",25.0020567802912,-1.39722203154468,0.671748742440318,0.000569539918529901,0.00376051719438541
"LOC105372887",32.7140975665542,-1.2917245388672,0.578125493456625,0.000576424567424807,0.00380057458119052
"NRXN1",72.5122447870262,-1.31865760143421,0.781825329989369,0.000576713369656808,0.00380140004084424
"LOC105371912",3.52557974613931,1.99054230236733,0.782006989879233,0.000582896192843825,0.00383997534469131
"DCHS2",18.6408691312145,1.22076797879593,0.469307007703583,0.000584164652076078,0.0038450611022628
"CYB5R2",22.8464302999775,1.0829485977198,0.390139837949628,0.000585864414268922,0.00385406559046954
"CLGN",12.1089399987596,-1.02253282220094,0.352032359699786,0.000586203872991414,0.00385520718623139
"MIR29C",10.2024282010352,-1.21917602438517,0.448909241621297,0.000586512085651979,0.00385614270235533
"APOL4",30.4006205282965,1.108824012077,0.409292118160815,0.000587204513779553,0.00385851156042645
"PRR36",4.98639475534427,-1.55076709300078,0.619133514010037,0.000587536713835199,0.00385960292506668
"107987276",13.1489699000078,1.25476783162926,0.479138712921676,0.000589459831567374,0.00387004780629215
"107986874",68.0934746800505,-1.05738641560222,0.405024087493374,0.000591970158707871,0.00388508493602604
"TNNI2",19.7761331989249,1.63139600245903,1.12112367413093,0.000592084603334117,0.00388508493602604
"CPZ",28.6337839051313,1.41998872200783,0.664199558659481,0.000592728486635389,0.00388711441912878
"LSAMP",308.423595086063,1.21256025929834,0.512644094043256,0.000594096323075586,0.00389278851287683
"ABCA12",21.2738912320144,1.62075290626816,0.912435859081999,0.000594914496104533,0.00389705055454999
"RBP7",24.0810354990714,-1.1411479183042,0.434165659543853,0.000595166088267091,0.00389759979168147
"CSF2RA",53.1237612076468,1.1890274465263,0.484982251375083,0.00059572767419602,0.00390017822201874
"LOC388242",4.30540435408476,1.54252894049303,0.541908551002947,0.000596446985360225,0.00390268817371017
"MAP6D1",11.1088073188936,-1.2658230402314,0.492895483844479,0.000599536367296031,0.00391752463863847
"LINC00920",8.73698411923088,1.61909173589406,0.703908567686624,0.000599362433168953,0.00391752463863847
"SECTM1",33.3725844009144,1.16307629627397,0.427360414480238,0.000599557461372861,0.00391752463863847
"EID3",27.0677337735283,1.01564058431064,0.349807550765743,0.000600278832680119,0.00392113541673392
"LINC01605",6.43319227735651,2.70580960050994,1.24541531752448,0.000606124486328905,0.00395598383141913
"KRT7",309.178042725482,1.2411571415632,0.542689671865731,0.000606092825052688,0.00395598383141913
"RALYL",15.968270696416,-1.56473249102763,0.913384476204474,0.000607184462446273,0.0039606768627005
"LOC107987171",5.8472224841654,-1.31431429928109,0.490626424830627,0.000608818716770399,0.00396910855335584
"FAM201A",14.6990435234607,-1.17226891561227,0.448748033734431,0.000609070455811432,0.00396963591606693
"NPTXR",30.1400326572023,-1.05361876386683,0.385132093483426,0.000609703990321527,0.0039726506492206
"C9orf50",5.76838389135899,2.34057965559217,1.01685858323932,0.000611544333621125,0.00398352469629572
"PRKAA2",158.712480240715,-1.01999544098658,0.384516329755906,0.000612611948717526,0.00398833953245044
"LAPTM5",458.600661801585,1.23915461342515,0.566447069162231,0.000614423201673879,0.00399891403106235
"PCDHA4",36.4993275403944,-1.16675208513648,0.466318856968262,0.000615901384959531,0.00400741211972409
"GDPD2",8.4754125341948,2.22861883950738,1.28607706337945,0.00061745820368111,0.00401599584592425
"ELN-AS1",21.8360300213586,-1.10671644204297,0.416888425693522,0.00061851933240543,0.00402054267237746
"RHEBL1",3.23176883513664,1.86601105155461,0.775055796842065,0.000618611579675034,0.00402054267237746
"MLLT11",20.6586340974086,1.42991146815591,0.681562734465565,0.00062042901111488,0.00403122708983619
"PTGER4",384.804833556253,-1.13362430234736,0.473584204581859,0.000621778954151508,0.00403774007817504
"RAB37",11.4438851420927,1.02855050623225,0.347285773065481,0.000624260493431615,0.0040527221472153
"BZW1-AS1",37.5865462368837,1.01416448569989,0.362341167404559,0.000626816028338256,0.00406704004982948
"TNR",10.4779419427836,-1.20372910788511,0.449472651944094,0.000628383701904134,0.00407607351025755
"LINC02535",8.19250286792074,2.35059665168662,0.923804899904319,0.000631216739478876,0.00409330754724858
"FREM2",112.623551494886,-1.20319295541053,0.523220739932509,0.000631836884111271,0.00409618582654168
"LOC107986454",39.29776835397,1.0129019136124,0.359378437136213,0.00063242185400252,0.00409883452656863
"DUSP2",30.5550448395535,1.21202926231984,0.455673242572568,0.000632626834333733,0.00409901965860131
"SST",130.145853914493,-1.43395757700507,1.44204054444757,0.000637135809248774,0.00412363524453907
"CGREF1",21.9016928979536,1.01827519800822,0.352578913113416,0.000638453181279675,0.00412986070908498
"F3",859.694506773571,1.07511829912495,0.425388889101876,0.000640384963741034,0.00414120362719814
"CFC1",13.0662357100638,-1.43536409108889,0.646312354506493,0.000643697128562632,0.00416146432447211
"ASTN2-AS1",6.90614806382813,-1.25249631330561,0.472676995536908,0.000647326727063106,0.00417911544965581
"IGKV6-21",5.17298534163853,3.16776572992896,1.41476594991239,0.000649914428122146,0.00419281177772934
"IL1RAP",244.247830241532,1.17798306469088,0.496826804438539,0.000650170038095925,0.00419281177772934
"HIF1A-AS2",318.658487217788,1.13735837320413,0.464557969475191,0.000651220294575118,0.00419841940745085
"MAF",279.082616179072,1.05701783426684,0.408043586707147,0.000652915690641365,0.00420701499502277
"DOCK10",228.522796586094,1.01222330760569,0.383615563127598,0.00065350164874088,0.00420962317951049
"CD38",27.5814685971532,1.30223528293855,0.564926405090896,0.00066081540695044,0.00424849086344589
"SKA3",14.4040628204831,1.46105579460046,0.65385852184273,0.000662076228811624,0.00425189087242623
"VAV3",177.604199241807,-1.0372887907162,0.39297456384022,0.000666674309889238,0.00427737144983553
"LOC105375200",9.66335269384957,-1.63984901046431,0.974638202274908,0.000666780262160718,0.00427737144983553
"PCDHA7",10.4183695935218,-1.13200325448686,0.415748552077203,0.000668496517973664,0.00428483216417051
"CCNE1",10.4548231856674,1.26667167385939,0.471853171014793,0.00066939275178307,0.00428821080443331
"LOC107986116",7.55774913687514,2.07804924461195,1.04103821191077,0.000673088154105822,0.00431012718898735
"102724438",12.960756123992,1.20335746161133,0.449556852205411,0.000673536352210456,0.00431118929576032
"SGO1",15.6666960931514,1.27471652811973,0.509666581728599,0.00067931474987828,0.00434481132192465
"APOBEC2",22.2467889974298,-1.14239278320572,0.438985288691125,0.000680284208252743,0.0043488878391417
"LDHAL6B",11.6064263668281,1.1713251258613,0.433978676420787,0.000681569128153496,0.0043554066811459
"IGHV3-43",3.26460279236292,3.00940019510887,1.19835844081406,0.000682109741201168,0.00435766286412129
"LRRC9",13.6481039656187,-1.19875301215254,0.458641111390891,0.000691437581395899,0.00441361324278399
"ARHGEF26",114.393200821537,-1.04391295662277,0.385640412980624,0.000696072129355316,0.00443953772318714
"USP18",22.269747694666,1.21176622832725,0.486985718490155,0.000696510485228201,0.00444111446879178
"KLKB1",21.4199104093906,-1.39377021038878,0.634410518974298,0.000699037108500861,0.00445600197970302
"KLC3",7.75627755335514,-1.11880876380395,0.400246489838284,0.00069936760707019,0.00445688599843003
"APOBR",22.7401578160038,1.20757926882033,0.496550750891508,0.000699965111063622,0.00445947062121285
"105373711",7.56782030383529,1.41830231534345,0.575028849245486,0.000701674774234313,0.00446791268274438
"CFAP43",26.0399028517743,-1.04394083912992,0.385293110028569,0.000702067671544982,0.00446796558431873
"CD22",15.8327895770822,1.37890295958389,0.540430729532447,0.000701962631144428,0.00446796558431873
"COL19A1",25.8292090245459,-1.41788048933146,1.03108939647432,0.000702545410678637,0.00446978165857561
"ITGB2",191.742142244052,1.1017208989866,0.451893790200971,0.000705890768470696,0.00448860755484855
"PIK3R5",53.7135271601644,1.19561492220513,0.49992729683908,0.000706169546913048,0.00448915168878924
"LOC101448202",17.9966542212049,1.5879671107782,0.839775789305748,0.000710803094076189,0.00451613614735035
"LOC100506124",15.5343570007232,-1.0585223916202,0.384010557875666,0.000711157950361837,0.00451715554309931
"CYP27C1",8.96984435389882,2.4083179112135,1.24087262434855,0.000712860773019468,0.00452302568572019
"TSPAN5",37.1881369175069,1.18853323343821,0.497109770506098,0.000712699278460176,0.00452302568572019
"IGKV1-27",20.093371292166,2.19583654443903,1.13500620473055,0.000715449087707589,0.0045357324837342
"PCLAF",43.7818080027163,1.33371610767772,0.643919939543764,0.000719804540983923,0.00456209997538501
"COL12A1",3340.22256539705,1.34738464806727,0.734748143787379,0.000724760092538281,0.00458850156679209
"AKR7A2P1",4.41657826359777,1.41651182128069,0.493501743059291,0.000725693266730988,0.00458940747209976
"SLC11A1",136.479528983702,1.24564609645307,0.568824846680518,0.000725663091586757,0.00458940747209976
"NTM",93.5685082756236,1.1926690230205,1.20674612114837,0.000725390764052296,0.00458940747209976
"LOC107984561",9.67179833313749,-1.52203301667032,0.808329339705354,0.000725981320831429,0.0045899798610934
"HKDC1",157.663737348359,1.22943208889391,0.551700195287319,0.0007266695861154,0.00459183242681298
"RNF183",8.25579543390505,1.99047628554198,0.954316483279312,0.000726982257625291,0.00459255920498196
"107986643",5.50240020924455,-1.69436164443813,0.933288310957237,0.000729125556058739,0.0046023450950896
"VSIG10L",6.03727070602133,1.69976888909935,0.769435456139771,0.000731828081143311,0.00461689532049004
"CRABP2",59.1623448087934,1.54063224687336,1.01645462646712,0.000734314794795851,0.00463006899785118
"MYH16",3.37792809234586,2.8503635870332,1.32334840942582,0.000735614757783989,0.0046370072971001
"LOC283038",5.40550115929631,-1.16102172297211,0.413802489513074,0.000736664138444601,0.00464236269508009
"CFC1B",9.73409400753217,-1.5072862033816,0.738006432179846,0.000737455497335172,0.00464483016551443
"LOC105375166",31.5047217070642,1.49831262332752,0.71973267029224,0.000738106083219979,0.0046476312308911
"SIDT1",44.6071500280009,1.11372305102215,0.431342920354168,0.000743693701014051,0.00467778103493814
"CHGB",666.520991660803,-1.11674333774545,1.26782507170406,0.000746760475632111,0.00469579963499651
"MNX1-AS1",5.41537191937541,-1.37188753691085,0.553940263528742,0.000751704931826916,0.00472305681206014
"ALMS1P1",4.09133617137452,-1.5237280638155,0.630971657811634,0.000753772382266244,0.00473220786326835
"DDX3ILA1",7.37487813655467,2.65064774076631,1.33824708521555,0.000755235088074753,0.00474011001388895
"CTLA4",10.4210706471572,1.58481705933969,0.954145149371158,0.000755910956973972,0.0047430707764759
"TMEM196",11.5846849575792,-1.57276900562744,0.876777084858716,0.000756816180074936,0.00474746866739771
"FHIP1A-DT",19.8168895193825,-1.22012416788015,0.524582220155931,0.000761335473975021,0.00477001528997392
"CD84-AS1",22.7952878171076,-1.35030536696801,0.941723760348118,0.000763817355113858,0.00478234875938305
"GUCY1B2",4.04144404865055,1.92171617407021,0.721216145114213,0.000768136830546456,0.00480680292425179
"ERMN",12.5313441427945,1.45266255724424,0.645760356398569,0.000769585126490754,0.00481456930910411
"LOC105379100",6.15259376122059,-1.15667192149124,0.420391284039178,0.000770695871639371,0.00481762673595394
"MIR628",6.17919018002591,-1.28835051717401,0.490998905967961,0.000772144130946514,0.00482538162521309
"CHDH",183.025070054601,-1.14320708935161,0.495483989241714,0.000772672917294364,0.00482650188724127
"SHANK2",203.112944190723,-1.07283678018105,0.429021286236216,0.000774388318108912,0.00483550458781525
"GALNT6",170.073790298796,1.09358252696886,0.438337619485463,0.000775018733681605,0.00483814085897155
"105373154",3.95660893557904,-1.75879970503821,0.917383802989224,0.000777138749196777,0.00484876982749385
"TLCD4",261.044053240125,-1.05562995774859,0.42104033675246,0.000779285428310614,0.00485824977912453
"107986566",8.69665174676537,1.9757990778138,0.934802738021088,0.000783409148066073,0.00487610810482593
"IGHV1-24",12.0304063619954,3.03330201257899,1.33715192238795,0.000784152558814438,0.00487942814784506
"MESP1",3.2129726134537,-1.72827269384335,0.842718025488059,0.000794955137929571,0.00494267664698785
"LOC101928842",4.41247632679271,-1.79035091448373,0.946268520516874,0.000801997506025672,0.00498246311564345
"LINC02595",5.40890523528215,2.15881339119293,1.1367123108175,0.000803799676084024,0.00499099023885952
"PSTPIP1",23.0680859479041,1.04950458986636,0.384447674889423,0.000804356487963269,0.00499311327753848
"ANTXR1",828.506719901169,1.26779050232171,0.66192049340683,0.000805488055903548,0.00499880207770271
"NEURL1-AS1",2.61294492268635,-2.76598767596934,1.47986292830355,0.000806490716484839,0.00500368806342463
"112268421",10.3955370409181,1.79010939962019,0.83351701901349,0.000807722813428659,0.00500999454618657
"LCP1",417.266101593112,1.12051995849033,0.469986378784375,0.000811465895132421,0.00503052563324488
"EGFL6",6.7662192288248,2.11198798600638,1.54144555020224,0.00081217235431764,0.00503356219060293
"MSL3B",15.3030236950424,1.37230056850466,0.612981499761808,0.000812816424734758,0.00503621056765656
"FN3K",29.9971629675764,-1.07465760436074,0.422737135110391,0.000813594298790927,0.0050396863589462
"CDC42-AS1",8.48103675108417,-1.20992535298466,0.469236497837633,0.00081523579400331,0.00504850844180888
"LOC107986465",21.61439356994,1.00870739450191,0.362366937868156,0.000818172996333079,0.00506223550395341
"LINC02600",6.78120180326491,-1.35322234882153,0.548303384378523,0.000823273548876006,0.00509014393510751
"MROCKI",15.0774961682264,1.14384171640502,0.431890506184407,0.000824619575056491,0.00509710982347368
"LRRC2",17.9245320523608,-1.07372075641001,0.407153130007271,0.000828604887732348,0.00511625387338214
"HOXC4",6.06463744729626,2.08914566579158,0.993711393269595,0.000828817713768469,0.00511625387338214
"CAMSAP3",65.7760039157558,-1.16690178018201,0.522411302036968,0.000829311689086166,0.0051179434517708
"H2BC6",27.6298895208148,1.15608549326825,0.465441243577418,0.000830931949041608,0.00512522002547963
"LOC112268199",25.5404511895373,1.17899961731239,0.474996306250115,0.000831413017211297,0.00512562516959554
"EFNA3",7.92771808540235,1.54626101443664,0.719559749767764,0.000832628796300975,0.00513159949126079
"RPLP0P2",10.2705140516382,2.2193167414501,1.44179319855491,0.000834515568597767,0.00514186402449459
"CLXN",8.35592271817083,-1.50165977187722,0.66130109544705,0.000837417905248882,0.00515427947773716
"GAPLINC",6.05782679772983,2.11354503804999,1.17514301570094,0.000842050777469369,0.00517780772993384
"107986477",10.1148999129103,1.18805746647767,0.44994970072277,0.000843073151747375,0.0051822234605424
"GCKR",13.2376444962422,1.94577693050593,0.902301198004185,0.000843894115555204,0.0051858978510778
"PRDM16",67.0843078544454,-1.20990684919921,0.53096071450856,0.000846645565450062,0.00520005543569447
"SLC6A8",117.772376038314,1.09105806513991,0.43704646086302,0.000847204333796639,0.00520211223461018
"KDM7A-DT",14.8519064057526,1.11889848102271,0.417685559361978,0.000849385460443819,0.00521274991373802
"H2AC25",20.7033190968025,1.54455706204049,0.989079512229306,0.000849918360587283,0.00521464301775693
"TNIP3",5.88709321377417,1.3654167454296,0.535299303331166,0.000851544607353136,0.00522324153955916
"BSN",29.3713143089587,-1.08181496584152,0.418170983677681,0.000851853412925736,0.00522375667704657
"STAG3",55.89587114401,-1.00577211973713,0.385550813087085,0.000852498578021937,0.00522612323257774
"FABP4",309.949438853143,-1.28983962406387,0.82549113854531,0.000852689183331276,0.00522612323257774
"IFI27L2",61.3224106606454,1.12032970724812,0.453420420685204,0.000853031439074185,0.00522684216426389
"25787",4.90284622584169,-1.53138191042001,0.690266054052045,0.00085524928891938,0.00523628912464869
"SNORD107",5.27371030924323,-1.10889638131131,0.392885336099663,0.000856720062215256,0.00524253111550473
"CST7",10.5576714344765,1.13632694861331,0.41624139391904,0.000857893929690335,0.0052441898069863
"MOV10L1",9.23147400652829,1.79191502688205,0.837972647040601,0.000857678822683631,0.0052441898069863
"SLCO4A1-AS1",15.1759819369667,1.57443045201039,0.762799274649934,0.000858518390264799,0.00524662672219953
"IGHV2-26",4.74720547995193,3.25797033116871,1.30943341718775,0.000859912837512375,0.00525376670512754
"TMEM125",85.0248368522222,-1.15841112266066,0.517920877605531,0.000862182861244511,0.00526612370879703
"CDKN2A",17.0237321968295,1.60959557077641,0.847117206080499,0.000866209132581206,0.00528158908973442
"POC1B-GALNT4",260.412826527544,1.0676351845459,0.440112303855413,0.000868258354730543,0.00529223055408294
"WFDC2",61.5701116925358,1.60363414038122,0.895101418615759,0.000868940470090749,0.00529499916668202
"PCDHA11",13.4935312360983,-1.02940091160683,0.379430555867726,0.00087096897963889,0.00530463442381289
"LOC105378067",5.41047439712959,-1.55619329950509,0.802272096516155,0.000870978279614641,0.00530463442381289
"NMRAL2P",13.7910236646657,3.50954628754888,1.43604240901171,0.000871798377745453,0.00530823776386677
"CD109",392.573799204317,1.28051484543249,0.723120079521674,0.000874147459110344,0.00532114650574505
"POC1A",12.9388734319133,1.38521140204835,0.603447165051473,0.000877583631741429,0.00533926569350932
"CHST2",17.2057596125074,1.00734332703848,0.363043882524209,0.000883352334167078,0.00536873959831861
"KIF23",47.0675188163035,1.16341984815663,0.508044309235342,0.000883121709308125,0.00536873959831861
"ANKRD31",11.1981072815376,-1.0280363697483,0.372192168275951,0.000889522013577133,0.00540058635627507
"CD36",388.412823052408,-1.16637116433554,0.530118608536694,0.000892619491440701,0.00541656147391608
"DPEP2",12.1000639398643,1.24184096470807,0.495825887996953,0.000893873053752499,0.00542275206369173
"UCA1",10.8448621404741,1.95615529996525,0.930128618581862,0.000895123805174779,0.00542892237359332
"RRAD",17.1017507936431,1.67601535890307,0.847701644808323,0.000896405164761578,0.00543527505303634
"ALOX5AP",69.5551938899016,1.23190379002241,0.581907077733507,0.000898376103621596,0.00544296447657048
"GALNT4",266.968067663037,1.07082645562711,0.445337418803103,0.000901456635778053,0.00545593772657022
"PDK4-AS1",6.70089986284527,-1.30513716177644,0.528519177687806,0.000908305961362267,0.00549452981313519
"CHST4",50.6342086134951,-1.20843016958149,0.55578370342526,0.000910058071186765,0.00550369580531611
"LOC105369315",5.61591924448658,2.58324281539233,1.22433909084484,0.000914834012727287,0.00552970038650325
"APLN",5.31245220721604,2.01807691197992,0.961393631818772,0.000915668845607905,0.00553330705531851
"LINC02481",3.18089643009874,1.55536070124613,0.583192032656898,0.000924677392112198,0.00557903900434352
"LOC105376216",12.0871472915942,-1.06163667014184,0.395359379547997,0.000931500056274378,0.00561728622048668
"OR10G9",3.29504678783623,-4.27940032689701,2.93385087854737,0.000934274477571994,0.00563109403019074
"BMP4",38.2708374925569,1.18533965766329,0.52499902300176,0.000944754458884836,0.00568688338139615
"HBA2",147.457276589406,-1.09884608577678,0.475447378240792,0.000945931583524442,0.00569102028565262
"IGKV1D-16",3.48955051273159,2.40339530499154,1.15663536990921,0.000946647739573614,0.00569330828478262
"LOC112268104",4.8873855740602,-1.47618953777759,0.658673027173298,0.00094680194587476,0.00569330828478262
"LOC105370841",24.1804896188912,-1.0025930107025,0.376199113140304,0.000948578545458397,0.00569809268452065
"PCP4",9.20580883968726,-1.52346935742393,1.0152213601955,0.00094835665853167,0.00569809268452065
"MT-TH",23.0827744551879,-1.18086525805441,0.51152995525709,0.000949199683642012,0.005700350129083
"ACOT7",41.3130506029562,1.0023813610605,0.380062810242753,0.000953061668454094,0.0057205858606383
"ITGB1-DT",11.227446911332,1.26021659198648,0.506765768231094,0.000956596829715254,0.00573735863150075
"H4C9",22.3608027939986,1.3714121319412,0.659965853309656,0.000957964087795066,0.00574407627868861
"SPARC",4548.58793839588,1.24669253491789,0.6773422270329,0.000962303239136965,0.00576711781308934
"LOC105375138",4.80886738504975,1.46395350981813,0.58315778119566,0.000962859939001463,0.00576896613788009
"LOC105378345",3.62202435478688,1.72241402461821,0.711566322830013,0.000974439019896408,0.00583082426662195
"PCDHA3",11.240067614286,-1.02236885461664,0.379068515051143,0.000980983040299055,0.00586545057677523
"LY6E",224.890083222804,1.12945998588325,0.508889435490893,0.000997074036249326,0.00595094149300105
"CHN2",163.645512392643,-1.08410233575311,0.460925394693485,0.0010002948509571,0.00596863144889273
"PALM3",22.5100092082673,-1.35378434332949,0.761900252154439,0.00100452915142688,0.00599101723764328
"RENBP",11.2771164138322,1.4766251995265,0.642148417039737,0.00100939382664713,0.00601796489024542
"CTSV",21.1171656278928,1.5087713040355,0.808946579165249,0.00101151474204141,0.00602783919757171
"ITGA11",138.62430405389,1.23646701698205,0.650346386645827,0.00101728365808425,0.00605300479239035
"ID4",254.151107412185,-1.12401940465969,0.488022691281521,0.00101843458859021,0.00605819960724364
"SPAG4",71.1952401284075,-1.10923229357139,0.484701695372818,0.00102580619487391,0.00609580740099622
"IFITM10",15.8653534432282,1.1232996386965,0.414580837845055,0.00102641339195705,0.00609785608849962
"H2AC4",36.4272756249903,1.33724637501574,0.746231463099018,0.00102881036779098,0.00610741157271933
"MPP2",20.3571387410248,-1.09090056008632,0.433885618736578,0.00102921252466899,0.00610823831690525
"PIMREG",6.08429585899538,1.63494930478576,0.79352029478814,0.0010300623249858,0.00611172066420967
"PDLIM7",143.940860158787,1.13112202891261,0.529349259461261,0.0010366117285133,0.00614744091679597
"LOC388282",7.93640657497127,-1.50275484447081,0.989710460479635,0.00103798724313696,0.00615402745452598
"LOC105378095",5.69229359667575,-1.51677080776928,0.695128398775298,0.00104526068132226,0.0061892701568288
"UST-AS1",18.6621458066616,-1.14424757467474,0.478331049251011,0.001047544351331,0.00620119566959895
"KBTBD8",32.9857373274168,1.04113767047572,0.403637619056581,0.00105194563589923,0.00621774531928735
"LGALS2",146.060554532034,-1.29244004598959,0.956232841410846,0.00105174415866745,0.00621774531928735
"BEND4",2.78736485845883,3.66591686294183,1.47975696300256,0.00105522859529262,0.00623556368556055
"AATK",75.0042813277512,-1.23876295442094,0.604802179293262,0.00105742612521646,0.00624696059481426
"CD1C",12.2488471952152,1.48025210003063,0.628140685517065,0.00106224964138134,0.00627226694218437
"PTGER3",111.22369692376,-1.00856496580327,0.40430843473652,0.00106313904357825,0.00627592369856216
"SOCS1",10.0571277879177,1.07608484108669,0.397311464482744,0.00106452086459738,0.0062792948182077
"LOC105369199",7.90989801944856,-1.19970801736221,0.479128167249719,0.00107778549048828,0.00635108949315118
"GINS1",33.7989348488695,1.1089747463922,0.456051451765286,0.00108373510262364,0.00637644596339843
"APOE",185.820827759208,1.06366164979823,0.437177993811416,0.0010879431856295,0.00639149429029115
"LOC101927636",3.42225150052703,-1.60405089838894,0.795178280239485,0.00108874675628858,0.0063945983019123
"LOC101928570",39.8445102865289,-1.01508634797543,0.400629654179544,0.00109152733783228,0.00640694526772592
"CALHM6",12.7736349572426,1.15686998043806,0.444974212013184,0.00109192685704451,0.00640694526772592
"IGKV2-24",9.77763787309477,1.74182472192817,0.872607360502188,0.00109742322259172,0.0064324633941835
"PRRX2",9.76341594357,1.71344789894712,0.794425262497314,0.00109768527471218,0.0064324633941835
"ABCA13",77.5189395674316,1.37862174415974,0.921360807384338,0.00110814043656704,0.00647739447638619
"CD180",22.7885574423239,1.3965865096975,0.714807665681943,0.00110894858443632,0.00647885852637109
"GINS4",15.5421238021294,1.20515545490188,0.506945467442134,0.00110884547538532,0.00647885852637109
"STPG2",11.1453709309111,-1.0623750786107,0.407580183984549,0.00110924759046346,0.00647897631081411
"ALDOC",31.0200938840374,1.14851626389728,0.502322896896002,0.0011099880241351,0.00648167171168108
"ENPP5",99.275350521135,-1.00236576093652,0.406077541671501,0.00111597376315564,0.00651027226981876
"107984895",7.40093834003702,-1.39941514992343,0.755265513300367,0.00111993698171104,0.00652828293277876
"PDCD1LG2",15.3854401755506,1.12275294524063,0.447182373542311,0.00112525405870809,0.00655434395940901
"TCIRG1",543.106768845179,-1.02498224832271,0.43313310053496,0.00112964445554121,0.00657332555083896
"LOC105379096",15.7565409978047,-1.05885203304665,0.41861238592111,0.00113307484288298,0.00658998597606662
"LOC105372884",67.220536942619,-1.280823720751,0.692774320823035,0.00113409778822499,0.00659229734761769
"CEACAM21",9.7872004144949,1.21752164219543,0.494978488072185,0.00113794201652061,0.00661167360686579
"MME",445.9226445725,1.26337679123841,0.678904554603969,0.0011459192851036,0.00665225431055164
"LOC105370364",8.94003099574712,4.2822830873019,1.77381895849027,0.00114607161631755,0.00665225431055164
"SGIP1",68.1347572179801,1.26574052746316,0.661693822822345,0.00114873612923062,0.00666106412844356
"CRTAM",4.43439273170118,1.60773802541703,0.65460880317383,0.00115065305296267,0.00666889515045953
"BNIP5",89.3473594583971,1.42979818136365,0.950173233687495,0.00115361715964178,0.00668103058431622
"PKP1",35.2542040714704,1.79790432087041,1.59355563476105,0.00115463412091725,0.00668525387478505
"CADM2",26.8108900940859,-1.35131973286746,1.03806888034848,0.00115583388629957,0.00668736148795241
"C1QB",275.229302558825,1.02480488444312,0.42873773245217,0.00115796940895308,0.00669788877695417
"LILRB1",35.578377528631,1.17015143856576,0.519281249062623,0.00116000347642669,0.00670631519651014
"GNA15-DT",4.74055261578449,1.68041913318832,0.804439393075582,0.0011621638239838,0.00671546293217202
"TMEM200C",8.96909654109289,1.51355931546445,0.739243267716845,0.00116511179162948,0.00673082358988339
"SGK1",1791.1168024634,-1.10426032958207,0.506419687202176,0.00116682266244322,0.00673735699847621
"PTPN7",24.5905376855798,1.08739368527293,0.44180605167234,0.00116899249917529,0.00674792955727768
"PPP1R9A-AS1",7.55106016084249,-1.36481558941519,0.662756901820471,0.00116923453400473,0.00674792955727768
"CDH13",39.5853808637078,1.4075907389994,0.904344003385027,0.00117689132011428,0.00678706126156747
"DBNDD1",14.5998330141505,-1.12599545151566,0.477895912934703,0.00117979886713963,0.00680045315752651
"GCHFR",19.068482833298,1.12973958922525,0.465962218000491,0.0011846992721587,0.00682700585034907
"FGFRL1",159.993142531443,-1.00862607259916,0.423755449179456,0.00118718620675847,0.00683964084156536
"LOC105373265",13.9035485861946,1.36195442127831,0.703446835236392,0.001190452763798,0.00685676003144435
"GADD45G",19.8012539168351,-1.11452304620308,0.46762428744927,0.00119400705083292,0.00687212133418452
"MT-TD",20.6948634966611,-1.17447198479144,0.527969996707839,0.00119463728557332,0.00687404589655675
"KLHDC7B",5.25283331992291,1.66363520046644,0.781544678938508,0.00120227142093045,0.00691283753163056
"MELTF",86.1514395702325,1.03961219191052,0.434778844975186,0.00120334845669733,0.00691731850355331
"CYP2B7P",10.7020876736911,1.76177861736057,0.895409086272147,0.00120882541815801,0.0069453656258411
"ZNF365",23.9098557112463,1.33893957424768,0.792397750511948,0.0012117121313095,0.00695929820102203
"ACTA2",1033.7177642865,1.20686667956207,0.67336482606773,0.00121377728621216,0.00696429278642261
"HNF1A-AS1",46.3908161090532,-1.23391017138227,0.573649744379802,0.00121451751110757,0.00696429278642261
"IGHV3-73",6.68574158018316,2.49613477907782,1.98910165952135,0.00121430177280825,0.00696429278642261
"LOC100652768",72.051645497661,-1.07287824669376,0.461125827617207,0.00122030785775358,0.00699231888407013
"112267956",72.9829647624672,-1.17242053058437,0.532020807581782,0.00122814151530955,0.00703027053663895
"PPFIA4",8.12549523671833,1.82582840688846,1.07044912548736,0.00123842241356295,0.00708039979801555
"LOC105375247",7.2244801524809,2.23313267672959,1.3199172906025,0.00124380210318067,0.00710591145006217
"CXCL13",16.5762070684659,2.89195883407132,1.54179158208233,0.00124427900789045,0.00710688858120321
"MRPL23-AS1",3.57484746607416,-1.56388153408455,0.70515065604803,0.00125070647072945,0.00713658272283863
"HAVCR2",77.2310558989379,1.14942555113571,0.533107659658768,0.00125433006275613,0.00715198994064755
"ADGRL3",98.113104210655,1.19579979567379,0.572203495027483,0.00125689555304899,0.00716310232403561
"LINC02831",7.33076254364908,-1.32594075231932,0.614816397830924,0.00125967083329063,0.00717715836476402
"CCDC150",8.75767859386647,1.2140798473194,0.487839299552276,0.00126407228047025,0.00720047056551269
"SH2D1A",12.7170613300825,1.35686942335436,0.614406068099768,0.0012679665806515,0.00721911382049439
"CD1E",4.61931341797111,2.52203520248988,1.21305588492425,0.00127390628811752,0.00724228348529745
"LOC105377616",9.1525994924092,-1.40018986687588,0.668965662667207,0.00127753091688328,0.00725401536016203
"SLC24A3",36.7074018362146,1.26171268826627,0.711604251304608,0.00127833746200626,0.00725504907907073
"DDIAS",10.0541005669326,1.58477973649911,1.01992975671148,0.00128105224975767,0.00726690649978503
"LOC105370178",4.19914446933847,1.66570254172237,0.682308337295548,0.00128218484276468,0.00727155597306258
"ABCC6P1",21.3052894226611,-1.24783853665661,0.692092520606028,0.00129799289568979,0.00735044234251821
"HPDL",5.91706954584031,1.60652632029042,0.741738941188998,0.00132145892030733,0.00747325495021185
"FAM3D",124.970650037385,1.07393964675264,1.35321678174563,0.00132688466885229,0.00749578538312254
"ADA",101.797251228248,1.06182098877293,0.423441303391141,0.00133211278688569,0.00752166235802895
"LOC105371903",18.6838780551756,1.0427749746623,0.407864539562775,0.0013330213851695,0.00752313623619463
"ADRA2C",11.0076638193094,-1.23851710250588,0.53512408300807,0.0013359578585535,0.00753787781532071
"SHOX2",8.37560061956222,1.9813377079698,1.03049353184733,0.00134091674472478,0.00756034956653248
"CRYM",4.89938906662535,2.02182045406202,0.913109021966726,0.00134335058990192,0.00757223458427247
"KCNJ2",30.0847059967781,1.07580589363813,0.455437881546204,0.001344950356929,0.00757941342305245
"CAPN9-AS1",7.15404279043885,2.38137768471259,0.916822854356801,0.0013649090580952,0.00767513600310791
"107986431",12.7974974257263,1.33821210095789,0.630270106148191,0.00136965157984691,0.00768877855949332
"P2RY6",10.9944123074289,1.25466699293852,0.556815139570622,0.00137281972447016,0.00770098172333754
"LRRC15",47.9983580355943,1.32998595734411,1.29090656274066,0.00137499476787585,0.00771132112758756
"MAMDC2-AS1",9.22756530563246,-1.05435796875603,0.415222491810652,0.00137779700470129,0.00772330842080447
"SIRPG",3.77451170787133,2.13797672378981,0.81428157552222,0.00137766759831889,0.00772330842080447
"GRAPL",10.8132123117139,1.19023774587643,0.487329615347161,0.00137824103864334,0.00772393404073274
"LOC102723331",49.4590060873804,1.14489501302114,0.518096768286365,0.00138126550438565,0.00773715139691432
"FSTL4",12.9710236512763,-1.12439028394265,0.468266709757008,0.0013944170862352,0.00779938192089497
"MAFA",7.52910458315498,-1.4919874585043,0.963649885239232,0.00139506052348782,0.00779938192089497
"LINC01504",13.5058182028631,1.02557378801576,0.390361238406667,0.00139830366099043,0.00781563280325056
"BTBD16",5.28847520057908,1.59606895667141,0.658954921352341,0.00140400564501609,0.0078419570426094
"HAGHL",11.2998809491464,1.37851242374849,0.68325227600602,0.00140355027007874,0.0078419570426094
"MIR181A1HG",6.63064982670395,1.35426456398354,0.550529876766778,0.00140956795027906,0.00786912814145456
"SMIM18",28.5003328484776,-1.16422046947925,0.550988846101114,0.00141220514907718,0.00788195691539953
"LOC107986672",1.60282461514042,3.74210066862707,1.50138947326996,0.00141557550919295,0.00789677341859552
"SASH3",46.7835576843851,1.15696112121298,0.529621830998961,0.00141829527098311,0.00790834908118374
"GRAMD2A",8.54698951114062,1.50512702585879,0.830571892476956,0.00141910894612712,0.0079109876111477
"DUSP8",51.4256535277155,-1.06010955878446,0.468507023833852,0.00142648749944127,0.0079483062468868
"CD28",29.4665930168771,1.23271303152007,0.568210964693203,0.00143537031171363,0.00799013636623529
"ANKRD20A5P",31.5723179884844,-1.04082422215393,0.443143201785403,0.00144308636093452,0.00802924128264212
"FER1L6-AS1",15.8013924469882,2.84969114290122,1.42945936411765,0.00144649246305099,0.00804433996624934
"KCNJ3",35.7892992713005,-1.25239185364979,0.758750881025976,0.00145330120732435,0.0080725444781691
"LOC105376093",9.43764092995828,1.22011101272312,0.484333573123358,0.00145664112441172,0.00808916264954741
"LINC00992",4.17806178415926,-1.48341022981346,0.735784561360528,0.00146261746890348,0.00811459333571452
"FHIP1A",304.044863234606,-1.02736855130368,0.456813270233784,0.00147081996565392,0.00815231438501166
"CCDC89",4.45521563618055,1.60821332159924,0.754806543802428,0.00149609074264664,0.00827658771557016
"NCF4",27.0306172494379,1.04656281829694,0.431003206879677,0.00149880108042563,0.0082825933413038
"H3C13",32.8977382398943,1.29475157841191,0.677923379262683,0.00150210993321877,0.00829803240569143
"NRIP3",17.0848489182576,1.30107938898353,0.627143909724791,0.00150489398394806,0.00831143611053795
"SNORA74A",212.07193402042,1.00791913130552,0.436508152324197,0.00151923581188743,0.00837869548758709
"SLC9C1",143.515322792731,-1.14199954199525,0.562232648503588,0.00152009932879469,0.00838146841588626
"CEMIP",253.86552296042,1.1499715723859,0.581036876900231,0.00152151299880388,0.0083872727229438
"HOXB6",20.1191707963541,1.56857120137655,1.22502011233714,0.00152262743280693,0.0083899588365004
"LAT",14.6991861169074,1.0454055071965,0.416347559585022,0.00152633474117983,0.00840587525748123
"MIR4435-2HG",172.703025749344,1.00028580668784,0.432662812845377,0.00153026425981471,0.00842352288007456
"OXER1",6.91716916688058,-1.31036194565732,0.600325071862932,0.00153124635563584,0.00842672380975886
"LDOC1",21.9865233554963,-1.13782605457612,0.508769539692595,0.0015356651165346,0.00844524946335654
"PACSIN1",7.80638657101941,-1.38965721105704,0.697881886248932,0.00153673944988547,0.00844784904817787
"SNORA74D",58.8585826004806,1.13241595720996,0.537853694644337,0.00154396638184323,0.0084808649839545
"LOC105376373",7.60965431017365,2.6839900403327,1.39078107932957,0.00154690931875004,0.00849100827336575
"LINC00426",3.86442935911935,2.09644344677424,1.05085754509205,0.00154797588570911,0.00849300198142928
"PYCARD-AS1",7.88726716787399,1.14936380246897,0.450077388460289,0.00154800358904037,0.00849300198142928
"TTLL6",15.8122654475355,-1.33466841875697,0.742319935210684,0.00155652128167444,0.00853368852753793
"COL10A1",619.753850950225,1.18061502638079,0.682034873887456,0.00155762923138614,0.00853774833480938
"NCF2",98.4095678736294,1.05775237824319,0.488251416462662,0.00155884199093172,0.00854238058002325
"LOC105378379",2.31738081071733,-2.84488612778016,2.61857692964309,0.00156021399027736,0.00854788306156439
"IL16",87.0444265292058,1.00549363645136,0.432422255835802,0.00156233844407196,0.00855750441961624
"RFX6",27.3809478256439,-1.21151472708967,0.98310961394147,0.00157072554724023,0.0085993892766557
"RRAS",58.206477621622,1.03437013051586,0.451640699893278,0.0015739850183924,0.0086111471397098
"107984428",39.1536026171228,-1.06612277907923,0.465492280720324,0.00157569668031545,0.00861848219565195
"LOC105373346",5.22371638458393,-1.51827759045991,1.32807334102237,0.00157745878146987,0.00862132447341617
"CHRNA5",25.7544373337911,1.15054199689023,0.513649124685776,0.00157900798594007,0.00862644028998764
"PKD1L2",9.03318843684871,1.84446028386736,1.2592883954833,0.00158054333860845,0.00863279841856308
"LINC02362",4.79177583506585,1.48342738682089,0.627838910107943,0.00158274796886061,0.00864280823888986
"FAM78A",16.7773376169945,1.16442711449737,0.507563401352196,0.00158630440192428,0.00865540629315471
"SDS",38.9128606046525,1.48900501040226,0.90197062387129,0.00158654510017413,0.00865540629315471
"105371056",9.21974755801135,-1.23437363171288,0.589056989679357,0.00158622080063442,0.00865540629315471
"ROS1",22.2662501513893,1.70555938540823,1.04634834376891,0.00158882416793859,0.00866580505681998
"IGHV3-13",6.77828226451478,2.07338975694848,1.01716412227558,0.00158947038904777,0.00866729511605842
"CYP2J2",30.2937504585458,1.09540747146181,0.478771838609685,0.00160653667508733,0.00875624669145066
"FCGR3A",184.012853549376,1.20691833303273,0.676039338090739,0.00161037690758782,0.00877172924321916
"COL24A1",29.3036308023442,1.19819668447766,1.08473036886439,0.00161573973935266,0.00879197022104428
"DOK3",21.653713789848,1.02837656386444,0.421361592603357,0.00161539275600604,0.00879197022104428
"GABRR2",10.9485763296065,1.45960887499411,0.69709288531554,0.00161549979927669,0.00879197022104428
"ANK1",16.2001460819144,1.32872735708514,0.689325462274704,0.00162143761729817,0.00881884434408308
"IGKV1D-13",24.5369065231053,2.21041934809082,0.997609267601169,0.00162433348935934,0.00883046060488167
"NR1I2",45.4251191488039,1.42502027726814,1.04190808373641,0.00162589788667933,0.00883483100958705
"CLDN23",60.0256870270945,1.07637598805791,0.478375430742459,0.00162587223640803,0.00883483100958705
"CCL13",9.27077409958473,2.25335675099759,1.36725443280341,0.00163009508719546,0.00885142775204174
"IHH",13.9462073657398,3.39041474174906,1.47666670433375,0.00163752572227958,0.00888347190221015
"NHERF4",20.9643826817148,1.62307286265705,0.783612278182431,0.00165023933529744,0.00894200348778828
"H2AC18",249.745904021873,1.03469144181649,0.467222433662086,0.00165210136578789,0.00895000588344173
"NKG7",7.37602832163062,1.11961870250329,0.415428217943172,0.00165322735419666,0.00895401808269449
"MT-TL2",17.2464573192059,-1.09004937990864,0.479845564099421,0.00165521698198384,0.00896061663010124
"ACSS3-AS1",16.3437053981644,-1.06115900344851,0.446083946881897,0.00166348325893384,0.00900117222201391
"LOC107985499",6.08383187842817,-1.39728061950107,0.832429063384788,0.00166954524386485,0.00902766668401203
"LOC105369631",3.02046574111177,1.54129842923429,0.631298650366008,0.00167219145298261,0.00903987166357631
"LOC112268151",11.5062102131649,-1.37840092719778,0.817093072871762,0.00167830663007872,0.00907081985342617
"PPP1R1A",21.0800342821151,-1.2600910946582,0.877008213546608,0.00168819416488,0.00911577769486096
"LOC105373957",4.75573525775868,2.40276160636496,1.40354817399951,0.00169573012066861,0.00915009042121112
"SPIRE2",28.6600847217996,1.14444709073675,0.524449902023205,0.00169752907220295,0.00915722028599092
"H3C11",19.64554400165,1.11668349879664,0.473300804360873,0.00170057834434433,0.00916986257387803
"HBA1",114.972082258896,-1.0813535305587,0.521713829495368,0.0017016984224516,0.00917294882670532
"LOC105371401",4.78502883912739,2.48763299702548,1.42164172457808,0.00171852590245708,0.00925161013521555
"107984442",3.89737345360131,1.718754506463,0.784258994968071,0.00172406610699139,0.0092792856140711
"NMNAT2",126.484719520858,1.19414174646606,0.595858263843399,0.00172486345035438,0.00928142711185362
"PALLD",1170.14437365012,1.05957316026068,0.522692941973214,0.00172949851306625,0.00929015696390497
"LOC105379025",19.5381794449406,-1.27081394641423,0.799762575963427,0.00173078788600571,0.00929015696390497
"LARGE2",27.0235134101285,-1.13896250313081,0.584215548507021,0.00173102081465007,0.00929015696390497
"OVOS2P",4.94816019695454,1.49361292758117,0.69742093962427,0.00173036180723336,0.00929015696390497
"TUNAR",5.16880005444191,-1.48884272132367,0.929759357036063,0.00173008024316913,0.00929015696390497
"PBOV1",17.2193721869349,-1.17727656461112,0.611802439165991,0.00173744178514438,0.00931674587533572
"107986589",40.1315644077926,1.05426323109815,0.460269206114692,0.00173971129822025,0.00932676327045399
"KRT14",11.2202722515026,2.14981500993761,1.06792824099898,0.00177280191714523,0.00948010415301945
"LOC105378773",7.9551963689554,-1.38958497418915,1.18978400131079,0.00177517807839333,0.00948844321404852
"LOC105374493",9.07652287760746,-1.1183440112252,0.462662350779945,0.00178352731052527,0.00952430638015507
"MT-TG",23.4433371083243,-1.03714671222332,0.453101565590072,0.00178427841668357,0.00952612798980761
"SOSTDC1",9.93666489531019,1.92545957212216,1.12511984899048,0.00178648091025089,0.00953569583038809
"FAM90A1",11.2516836779143,-1.02256511637526,0.410906704049405,0.00178784917409704,0.00953861666134208
"PBLD",307.005518923174,-1.08871460664236,0.553772541215059,0.0017926310550525,0.00955973894058868
"LRRIQ1",19.5500292759162,-1.11422653459843,0.501825289991312,0.00179791207773893,0.00958350243777563
"PBX1-AS1",15.2223710402324,-1.19551233234763,0.560612505822959,0.0018055017221053,0.00961733895302997
"LOC105376572",9.24398576271578,-1.30375381907274,0.677753802330912,0.0018092396916261,0.00963283323440247
"SNTB1-AS2",20.8460814786267,-1.05088378888604,0.465557366805036,0.00181309175918052,0.00965113104800902
"ABCG2",53.7767204986164,1.0262907136727,0.429413573206561,0.00181747462855987,0.00967224530338723
"LOC107984087",8.94507244718911,-1.22286789423024,0.556772817204343,0.00181806157643372,0.00967315336121766
"LOC105373424",6.52999994593015,2.54847253154051,1.11785871060502,0.00182247424490127,0.00968558320270921
"SLC39A4",40.243208579001,1.02622066353552,0.42948487643264,0.00183391488859221,0.00973965998547201
"SLC5A7",3.8405369986815,-1.67182173854972,1.05324134323408,0.00183810948898713,0.00975524759630333
"FAR2P1",3.23410092527774,-1.62645082338257,0.971422950788912,0.00183978811276197,0.00976192664992566
"COL22A1",32.7630382405847,1.4840517396921,0.89386115767312,0.00184788957344841,0.00979596491879392
"RNA28SN4",823638.408594805,-1.56721162433841,1.79237075507107,0.00186539734611688,0.00987750850889375
"DDC-AS1",6.67022719097402,-1.62309521900936,1.15353640556078,0.00187359071843436,0.00990960171700941
"HTRA4",6.41064051817213,1.54576505804988,0.867656849655145,0.00188151491499721,0.00994019987493411
"H3C7",16.1023151140183,1.32515429271884,0.793439625833852,0.00188743179360128,0.00996607432864381
"SNORD114-20",12.7928554798796,-1.1249243963844,0.498156273129335,0.00190253201228428,0.0100307082608181
"ACSM6",12.1984526144679,-1.12517263373664,0.496476063659666,0.00190456295718922,0.0100391380014273
"IL21R-AS1",4.02056461912268,1.53175833069173,0.628812013830876,0.0019056473042302,0.0100425754397343
"ANXA2R",5.46435818434942,1.00657555217441,0.373374834291884,0.00191347051717105,0.0100655393856621
"TCEAL2",11.0501487182559,-1.22789228965437,0.621545601652837,0.00191300911621045,0.0100655393856621
"KCNA2",11.7344546665181,-1.22465519060954,0.693467041893201,0.00191524939723847,0.0100726165108275
"NTF4",4.99662254962178,2.26583080264607,1.18575254221452,0.00191580000687492,0.0100732322153743
"ULBP3",14.1799708099752,1.02530244242849,0.419800436265119,0.0019200326497871,0.0100886383124838
"CD3G",9.6096262090722,1.39527646234568,0.63242969391728,0.00192208596053575,0.0100971438600606
"RTN4RL1",6.22766414330267,-1.31500742945882,0.637209488165165,0.00193142503241742,0.0101416182210664
"DSTNP2",12.201144555118,1.03939023374909,0.4313417154076,0.00193737451383701,0.0101659658602084
"TBX21",3.21161304221569,1.76743235944533,0.775961308003719,0.0019385807524317,0.0101678570564367
"LOC107984763",2.89131832250867,1.9113392769292,0.797564148978756,0.0019491941721019,0.0102187559992752
"S1PR4",9.76084060441415,1.37579731761176,0.721966332189188,0.00195971589804917,0.0102643717637894
"SNORD12",7.0908445069522,1.04219248084448,0.407808038713585,0.00196519099655569,0.01028869148377
"FAM3D-AS1",30.7465764691181,1.95491648497871,1.71702341606164,0.00197686837017301,0.0103428364289507
"ITGB3",85.0529230566488,1.04593170145029,0.47972419174709,0.00198266131802824,0.0103684752924569
"LOC105370935",5.09053582927473,-1.25148103545853,0.5648861771796,0.00198531821161317,0.010377698233258
"C10orf105",8.3113348286232,-1.10852280427313,0.471025975927432,0.00199344035811967,0.0104178107784324
"CLMAT3",137.31913351562,1.10760458108348,0.579195217166747,0.00199905300024626,0.0104447934474302
"TMEM52B",5.42873145736767,1.91741575861246,1.43178721606707,0.00200437205312931,0.0104631733665377
"105379521",10.0116352656402,-1.16499441837848,0.51913483343278,0.00201364364483114,0.0105044926106088
"CACNA1B",10.0357524512839,-1.34758133526247,0.686066171349973,0.00201926951215181,0.0105267505305917
"SIRPB1",18.0815640165332,1.05976086118647,0.469247916859047,0.00202440112016218,0.0105487687882862
"PSORS1C1",3.94025693826541,1.61633075536786,0.781965838145936,0.00202585181492746,0.0105515953642321
"C16orf89",24.2723995759061,-1.25136715458546,0.788490150065565,0.00203484661622783,0.010591321937288
"HLA-DQA1",121.224834865537,1.00267616266858,0.443944234923329,0.00203598048338083,0.0105948502869773
"PPP1R14A",17.3582207641877,-1.11070406514827,0.495147111562707,0.002042369350182,0.0106257169394265
"SIGLEC14",16.1277447791211,1.2087243045193,0.564088003622695,0.00204541448310016,0.0106367962208667
"ROPN1L",3.37487416395365,-1.82864210459438,1.01145363753597,0.0020484400051733,0.0106477636510518
"CEACAM18",10.8978443560949,3.69772553244985,1.4146820502791,0.00204986662230154,0.0106527960118936
"DLEU7-AS1",4.86770749814987,1.48097829607516,0.767482814601618,0.00205081399186064,0.0106553361137929
"FBP2",7.53678435367076,-1.276952884963,0.838496553438134,0.00205205261791413,0.0106566466124806
"PLA2G10",24.168519218055,1.232247398306,0.709799492462098,0.00205244216013991,0.0106566466124806
"MT-TF",21.4486650154528,-1.23824364740071,0.623262029037227,0.00206103636821811,0.0106893258963276
"CDSN",7.30255059720623,1.48690061923267,0.777029941938997,0.00206972256590927,0.0107248001380245
"BASP1",69.0608734152181,1.10537195254949,0.575290586432412,0.00207241027529755,0.0107291561378205
"CORO1A-AS1",5.83573854681867,1.24460584949387,0.520268646282838,0.00207185031425362,0.0107291561378205
"EPOP",13.9425931691428,-1.08183876922422,0.496454854646918,0.00207364371732663,0.010731716430398
"LOC101927793",6.62093868799644,-1.2691996910356,0.631726641429493,0.00207672526555879,0.0107419215372347
"SLC16A6",23.8273839256613,1.17397699648584,0.554735376802613,0.00208782625453255,0.010792134154408
"RARRES1",195.993333685839,1.17072390720117,0.733420153212775,0.00209753080372648,0.0108350663015973
"TBX3",82.6152420006944,1.09086464114134,0.535234176586231,0.00209735088747199,0.0108350663015973
"CD1D",18.8848422402062,1.11672549807877,0.515841774411313,0.00209904490164376,0.0108404775038215
"MEIS1-AS2",17.3210500308441,-1.03794429366662,0.458744998621716,0.00210287417397956,0.0108578403183144
"LAMA4",483.021196323967,1.03260062724145,0.52735096847825,0.00210460721871021,0.0108639034399606
"LOC100505874",7.03740129672558,-1.30882641898173,0.629242982064479,0.00211288640081974,0.01090226860383
"KIF6",5.78362718337812,-1.31189964030914,0.645195724059462,0.00212240212857261,0.0109489372685135
"RGS2",985.375039780277,-1.07481846956724,0.621785815410228,0.00212693618603057,0.0109650238035102
"PLP1",28.8725275419617,-1.15913163994822,0.837686833327707,0.00212810650768002,0.0109686234928894
"TASL",16.0189718732143,1.19420460914577,0.574920305132105,0.00213796688098813,0.0110096765247693
"ADM2",22.5940093109059,-1.1289566402616,0.604811760932021,0.00214604611647936,0.0110488325983598
"JPH2",32.2986588882787,1.38457421161332,0.784876476311488,0.00214952720595615,0.0110618526313159
"LOC107985949",8.59483705304188,1.2250922045993,0.580191170300095,0.00215681662697705,0.0110944508142156
"SLAMF1",14.4186443862208,1.20637166806289,0.570252207272597,0.00215858712581607,0.0110986439186405
"H2AC8",43.3755293219391,1.01269584119132,0.452163363874553,0.00216048439316619,0.011103484820884
"LHFPL3-AS2",36.6600980224192,-1.23493236903805,0.765392187832586,0.0021715184228014,0.0111478635779475
"GPR68",25.245617149555,1.0356619654953,0.456460658610098,0.00217226555530245,0.0111489357705042
"LOC105372432",10.9822215427776,-1.01412989213359,0.424444339043809,0.00217314463233962,0.0111489357705042
"ZBED2",9.82867180158834,1.56934243826882,0.911845212100263,0.00217611258018043,0.0111566583849277
"LOC105374745",3.96978735690123,1.78868207577128,0.938014208644519,0.00217748191429702,0.0111587543623051
"PMP2",10.1274329426482,-1.28509654445809,1.02760256365599,0.00218849679003706,0.0111994778811771
"IGKV2D-30",5.9005018752541,1.53076300312682,0.751015554972856,0.00219132604462317,0.0112099208821707
"LOC105376364",4.07502557356825,2.32456841843598,0.948399735852971,0.00219526142503976,0.0112251098615314
"LEMD1-AS1",1.76871491466734,2.77017113144076,1.27955408271562,0.002199290945846,0.0112382945077484
"FMNL1-AS1",11.5140582528046,1.04105126819236,0.428361775646099,0.00219913120850759,0.0112382945077484
"LOC105374570",3.32382965505726,1.55674633168988,0.706057766967657,0.00220408083158853,0.0112578188880984
"PPP2R2C",21.8827460136881,1.28938017872178,0.774306288685253,0.00222126000983325,0.011333108548194
"SKA1",10.6313369091499,1.22353632142895,0.583802150193733,0.00223006234792014,0.0113705242908936
"CECR3",3.88553169323003,-1.73280895500026,1.39164688014828,0.00223068958854479,0.0113705242908936
"GRAP",8.17898394152934,1.1901594919389,0.547176813200624,0.00224106643315666,0.0114091101170892
"BCO1",10.7411646195017,1.42763715471602,0.894466494249349,0.00224226411207333,0.0114127068223491
"ZNRF2P2",3.98756172796238,-1.22248330475966,0.603679329867481,0.00225332341306633,0.0114589558990143
"PDZK1",87.317954872584,-1.10812907013236,0.616271742041167,0.00225393553403159,0.0114595606418433
"NUAK2",57.7931649289501,-1.05886033668158,0.510327728391338,0.00225836967380533,0.0114672297412023
"IGKV1-13",28.8114442952445,2.0523403005794,1.02647666380958,0.0022584051343121,0.0114672297412023
"LOC105370256",4.7853243422203,2.95651602465829,1.70129569813593,0.00226036223093081,0.0114737898431858
"LOC100507006",5.28070864795374,1.17367428281569,0.486799893564798,0.00226598994894617,0.0114931841221926
"LUCAT1",16.5596561580172,1.40796085326438,0.762281640238597,0.00227862064871329,0.0115547251795839
"GPR171",14.8234333738669,1.31287752526875,0.675330354953067,0.00227949007162645,0.0115566117857824
"SNORD26",4.01499151342692,1.25020982262294,0.483534900745555,0.00229479658308697,0.0116266024003545
"LOC107986868",3.74959323611055,1.84699953253402,0.916325175553965,0.00230255830858535,0.0116481476812499
"C8G",11.3882677811856,2.40015758438595,1.10275071000952,0.00230134520320765,0.0116481476812499
"PRAP1",120.252584761598,1.45834445328062,0.84603991387034,0.00231276645091792,0.0116946960798864
"LOC101927857",2.88451565306268,2.06186913927132,0.878146405968619,0.00232052538540502,0.0117111146061267
"MIR3667HG",37.5562797438445,1.03044225070503,0.472119779636876,0.00232054967276123,0.0117111146061267
"SPOCD1",11.4908978336818,2.56957506549108,1.88215718127035,0.00232584430328851,0.0117305736759211
"VWA3B",3.43391405661428,1.80981055869542,1.11429917098204,0.00232592007424009,0.0117305736759211
"105377632",9.56513812393781,-1.07707789087765,0.476901305213388,0.00233623197339565,0.0117774679761007
"FCRL2",5.11673314740442,3.19437739358537,1.54091667170848,0.00234157606731598,0.0117916168019261
"SULT1E1",11.0007851223108,2.41719683375971,1.32854594612969,0.00234103328039741,0.0117916168019261
"LINC02940",7.15051843583806,1.37017611026062,0.695728924536909,0.00234121735522385,0.0117916168019261
"FER1L6-AS2",11.433891985138,2.82159390151534,1.42166001199965,0.00234413798908184,0.0118019601682159
"PTPRQ",26.1799692356246,-1.22205014012785,0.858138389295302,0.00235969675581001,0.0118648678037753
"HASPIN",7.71236346079132,1.23287039190003,0.557833733396653,0.00239578821306427,0.012022924218261
"NEUROD1",44.2507602378876,-1.15427224529734,0.947931759359782,0.00240426462164172,0.0120524462748318
"MANCR",6.65178355087025,2.33072224375019,1.58118459767126,0.00240853019920216,0.0120660196590044
"SHISA6",11.0034161983243,-1.10938768502108,0.519069805203393,0.00242988693780762,0.0121442080017122
"MIR193BHG",11.6158147467159,-1.17100139992097,0.646009280316241,0.00243579036987353,0.0121642482931554
"107984832",10.5334563052888,1.21201211682944,0.627536181964302,0.00243599084605346,0.0121642482931554
"HOXB3",105.173652697918,1.08881949083671,0.66299712654839,0.00243664661563431,0.0121649084903874
"107986215",3.94039159027243,1.93011017102761,0.939294171776043,0.0024386247348562,0.0121721687893413
"NOL4",30.8808831667043,-1.16837715541832,0.803720854490057,0.00245286368333692,0.0122345961704934
"FOXM1",29.8231683386214,1.02863634648315,0.46678510951168,0.00245453022183949,0.0122384140996654
"GJB4",13.5544728769643,1.38148507261158,1.59300665610657,0.00245924917176819,0.0122589082673128
"DHDH",8.35299229709443,2.3077409005701,1.09425944898542,0.00247210706134897,0.0123102030798207
"ZNF469",76.20566565208,1.18344568688152,0.788474716075295,0.00247511856185174,0.0123221467876159
"LGALS4",1044.68424179347,1.12167753256698,0.786063745364562,0.00247731736788544,0.0123282221124048
"LOC105375567",4.15958009673344,2.24012515996488,1.3632120551386,0.0024932876415785,0.0123997299554958
"COL4A5",172.770026845775,1.04530741679816,0.555043483185866,0.00250368642051934,0.0124354754127334
"DIO2",143.545218562978,1.09187473031592,0.608022544104589,0.0025059170871017,0.0124397236849996
"OSCAR",9.04555390934885,1.33950500773252,0.609228297679447,0.00250541084721691,0.0124397236849996
"ASF1B",14.3251962975387,1.28238151888558,0.780117298085345,0.00251823680423774,0.0124917233446763
"DNAJC27-AS1",9.1790198032153,-1.0357275869965,0.448355085648618,0.00252310812656395,0.0125132160769932
"SLC26A9-AS1",8.66913466567594,1.28521557593017,0.700848924821655,0.00252387916517809,0.0125143688439848
"SHISA2",30.5152778025735,1.16369900788197,0.629567210529518,0.00253130876530205,0.0125408708548532
"LOC102723985",9.67718823279692,-1.24639980888046,0.78178342369581,0.00253138301309496,0.0125408708548532
"LINC02700",10.2577435410577,1.30893633861651,0.618960296753249,0.00254436870497722,0.0125864183223644
"COL23A1",5.88649697529311,1.5642753057232,0.74601422507685,0.00255603923036118,0.0126387681458698
"SCN7A",218.378440706528,-1.07699611711162,0.656705703914605,0.00257322032516086,0.0127129011811849
"SLC30A8",267.292596339557,-1.04621175060536,0.954657592689321,0.0025756158381562,0.0127220310373213
"ITGB1BP2",5.32995303351996,1.39658032367621,0.787330602801214,0.00257681027399969,0.012725225657042
"KCNK16",24.4991919798831,-1.18166053895686,0.897883047534267,0.00258616658900637,0.0127660039718638
"LINC03135",17.1803486764534,-1.20470574151224,0.660408419032096,0.00259472753656986,0.0127973878820209
"LINC02328",3.58264047861251,1.3456007365135,0.621920186324372,0.00259966277531769,0.0128128113552238
"DGKI",25.2785188203143,1.19783023120918,0.731611189304752,0.00260658221161477,0.0128340618111611
"PXDN",232.193324415006,1.01791885265852,0.542123896341644,0.00262708031220223,0.0129130973247343
"SDK2",25.6772983930761,1.22639587784083,1.02130201765185,0.00262770394924384,0.0129134308926989
"TRIM54",10.1166532644328,1.75658778730566,1.17567166276727,0.00262993826760207,0.0129216780815678
"SERPINE2",158.841902924391,1.04625050934418,0.577115429104523,0.00263368585291007,0.0129349051827329
"105378046",20.6986596355215,-1.0547973984664,0.520976351776312,0.0026369817685846,0.012948070877655
"PTGES2-DT",4.27995676221334,1.66345670587399,1.09761198382859,0.00264764733943687,0.0129894607119543
"107986113",2.62866474303429,1.65830046998056,0.684461998045642,0.00264951981093314,0.0129959030624935
"DLEU1-AS1",2.31140374166549,3.34262810505026,1.53109238351462,0.00265048753302143,0.0129979058315224
"107987281",7.9104552486428,1.42365800951879,1.19552482787258,0.00265960138619106,0.0130343468061905
"TRBV16",3.43142774544174,-2.35633079387109,2.01066468653255,0.00266504466341031,0.0130555160772377
"C3orf70",52.71032787237,1.0948733019231,0.543547829273303,0.00266632895018383,0.0130582467413117
"CADPS",181.283980448441,-1.00957389701282,0.484983209542607,0.00267037937780208,0.0130733807086455
"CLEC12A",19.8074522455985,1.17243036096949,0.672544907602045,0.00267977746384687,0.0131083430257857
"PLD5",7.09702547111156,-1.39930032600771,1.0705126547594,0.0026929467242032,0.0131644471148456
"MRLN",4.16184169769511,-1.55229590112524,1.16722717959139,0.00269247167055325,0.0131644471148456
"LOC107985009",14.7226078634688,-1.09220523889794,0.544577126302536,0.00270176578236754,0.013199227912807
"LOC105375469",6.63398550269683,-1.15335019726882,0.566828034548283,0.00271271222860598,0.0132443514670435
"107984698",3.4557748061185,4.51048709130042,2.14801992756797,0.00271224632250084,0.0132443514670435
"LOC107986365",5.50561414142531,-1.18737747603429,0.563075502508204,0.00274784474664645,0.0133709262174514
"LANCL3",9.26567243123258,1.27610315205812,0.765433133673666,0.00274782386920226,0.0133709262174514
"LINC01695",9.56486962365016,-1.22282386774257,0.744026344591191,0.00276470025512841,0.0134444977873396
"LOC105373836",8.66212241076288,1.05185860011846,0.433130691942043,0.00276645183054785,0.0134502005195186
"LINC00456",2.36795485558627,2.16356518644645,0.93947612919651,0.0027741837517991,0.0134849706010569
"NPFFR1",4.18615762120884,1.86465912042856,1.02034619884421,0.00278350408937826,0.0135214971130646
"THY1",236.037099088466,1.05785679105251,0.612586564873018,0.00278307151500787,0.0135214971130646
"LOC107984862",7.95453316672766,1.22622555924929,0.55737040208808,0.00278402591731875,0.0135214971130646
"RAD51AP2",9.94616758487555,-1.02803492786224,0.439396578317144,0.002785128494258,0.0135240251962559
"CMKLR2",4.47297445402483,2.13518125759345,1.69254736950133,0.00279028503245344,0.0135434035364645
"107984751",15.9619445196799,1.12500488697047,0.534623270974785,0.00279246236813735,0.0135511410032731
"TNFRSF18",3.44985664035713,3.47045519377567,1.73836701853281,0.00279935459334423,0.0135760809802449
"AFAP1L1",39.3515746348809,1.0202536719395,0.498632860903554,0.002805598506578,0.0135955329190672
"PCDHA5",11.5456099695491,-1.01319779951038,0.4573713391361,0.00280940858057484,0.013604962144572
"LHFPL3",23.677117487445,-1.2015304131978,0.769214786013085,0.00283325786294729,0.013697616821802
"SPRED3",13.2647795111797,1.26351579530918,0.64570592345239,0.00284052223645766,0.0137241701318556
"RGS1",333.132205616474,1.00312347229363,0.513999169401871,0.00284994294759312,0.0137639626662494
"CARD17P",2.36555977908082,1.68113573232551,0.739655880420835,0.00286153949513312,0.0138170968764377
"LINC00299",2.94780129359069,1.42807886962358,0.616945470711916,0.00286616461841898,0.013827934989403
"GTF2IP7",7.65398158810318,1.36969548130708,0.924649970352835,0.00287268940102512,0.0138536609034493
"LOC107985656",6.72145051550311,-1.02587759540693,0.435585976230223,0.00287820004743872,0.0138687221282121
"HNF1B",93.6060638492907,-1.07601535930088,0.638914616491605,0.00290725116235647,0.0139768220064872
"LOC107985354",5.07816329115745,-1.09770186127425,0.541161234725939,0.00291686746304941,0.014014353909006
"MDH1B",10.0625817635453,-1.04335479850682,0.478360773306772,0.00291994290433212,0.01402622976683
"CD244",7.18442696761001,1.20386407193491,0.552837635971031,0.00292177544343778,0.0140321315478042
"FOXJ1",14.0950609122648,1.26088455778421,0.619292536389136,0.00293017652497569,0.0140637578099174
"IER5L",36.5329181691753,1.09238009431253,0.575333116025376,0.0029316561182234,0.014067953305849
"VASH2",18.0282584157233,1.07607672931984,0.528860993907398,0.00294223117364732,0.0141128698017538
"LINC02086",16.6241210888891,6.21887439235875,3.15569337966147,0.0029441417470495,0.0141191193999371
"ZAP70",20.7041311483684,1.09255868744199,0.527743214968051,0.00295181807372104,0.0141517191568191
"APOC1",120.651765993885,1.10799731607004,0.833827357363262,0.00295215763947073,0.0141517191568191
"CARMN",43.629980911094,1.08374489583812,0.594632014760925,0.00301212198217078,0.0143739277584182
"ABR-AS1",4.99782543598147,1.41466034619893,0.711105640659563,0.00301175330063994,0.0143739277584182
"LEF1-AS1",3.20552278717469,2.16380651254055,1.31265109519176,0.0030225032125383,0.0144145858258061
"SLC52A1",8.87056809671241,3.15967595570968,1.29324155713254,0.00302687071789456,0.0144265315139036
"SULT1C2",207.779079228882,1.07063887962995,0.598919200784842,0.00303073116540134,0.0144360472792333
"GPM6A",18.8475038325262,-1.004171598867,0.463776853670352,0.00303613760755369,0.0144558723998996
"LINC02224",3.56981456663968,-1.42365256586562,1.12500480319262,0.00303948008201462,0.0144688219023991
"LHB",6.03363316968103,-1.25395601295745,0.791047588024247,0.00307871276644844,0.0146345931113808
"PLCXD3",83.2584808477994,-1.04540903102371,0.575512552069881,0.00309138420903548,0.0146768108085287
"KLHDC7B-DT",2.03796630959294,1.83023463306201,0.779599582239249,0.00313578962642355,0.014860304297359
"HES2",5.60311335826519,3.16115577167754,1.88091171896844,0.00314361504811929,0.0148913140964428
"HSD17B6",9.32159395396935,1.18565898439196,1.35718213627043,0.00315885754563457,0.0149452362192668
"SLC30A4-AS1",8.52591724060015,1.27424264273044,0.761389429768414,0.00316020817845103,0.0149485824564963
"ALOX15B",8.40481035117142,1.2572452858366,1.15876392689278,0.00317646166206064,0.0150162943475034
"LOC105372586",4.64354207888928,-1.2939037642668,1.11236813939418,0.00318437057836131,0.01505062050208
"ADORA2B",31.3284685886824,1.10877945405243,0.583719517315621,0.00319051791630946,0.0150704785089348
"C14orf180",7.74388918571699,-1.21610507895222,1.9568118359024,0.003196445320341,0.0150954079305128
"REEP6",33.5825817718337,-1.10874624196717,0.673833882795342,0.00321713358924212,0.0151746039273326
"DRAIC",4.14916407435449,-1.29094755400284,1.0965818923648,0.00323633618342959,0.0152589836083577
"MT-RNR1",247186.531408159,-1.13666735254941,0.754627770297475,0.00325794619109425,0.01534841438566
"PRSS16",26.3131574492393,-1.02396560331023,0.536626838300239,0.00326021185164053,0.0153559745333201
"LOC105371754",49.0865416168763,-1.08574872832689,0.681534893616663,0.00327382085765007,0.0154169492556748
"ASTN1",5.67004029722827,-1.22454424615365,0.636608491476436,0.00327690589095805,0.0154283502282493
"LOC644554",5.0738688367033,-1.10988995583656,0.514434034983643,0.00328681958953444,0.0154656243748142
"TREM1",51.4288013560731,1.06588139147756,0.629869516600106,0.00329166927863614,0.0154853078941305
"ANO3",17.0256976959395,-1.09562210301742,0.638095652114925,0.0033035943750985,0.0155351174469568
"LOC107985972",5.44015255650031,-1.08199244608949,0.487106494283541,0.00332575574976795,0.0156266804541675
"LINC03026",4.06004976071868,-1.28160091452006,0.688886618136563,0.00339802047081447,0.0159372235848555
"HECW2-AS1",7.24233018301256,1.46483716908365,1.11077077564755,0.00342727657967332,0.0160592822524966
"ADM-DT",3.28347434934649,1.41666121636839,0.662409234871998,0.00344422836556765,0.0161212870145807
"ACAN",29.241316767608,1.20027620481937,0.67814592352865,0.00344559119063516,0.0161212870145807
"IGKV1-8",3.07436345788539,2.56675779362603,1.33334966421031,0.00345033017043439,0.0161402096859358
"LOC105375532",32.3105494953063,1.05359130985593,0.569158448868367,0.00346071105718762,0.0161785323835191
"112267947",2.9323237464099,-1.31660358435957,0.986144173878826,0.00354353499756561,0.0165068845841844
"LOC105376506",6.1885494523037,1.1277763807547,0.478886845282377,0.0035512074092035,0.0165355318943574
"RP1",8.27725066678529,2.35001954124598,1.52707562778449,0.00355809427688863,0.0165543292998613
"TMEM191A",20.6887741773296,1.39473877800069,0.855165231670453,0.00355797995365848,0.0165543292998613
"KCNK10",12.6418640256969,-1.16296733896565,0.692760567106319,0.00356008862186532,0.0165602921179261
"LOC105377567",5.32837771541548,-1.23491390596127,0.772959707141814,0.00356426588216044,0.0165764046781421
"TM6SF2",21.1432890938257,2.31087562396063,1.2070282908031,0.00356931114327017,0.0165932261732458
"FIRRE",50.8140160939854,-1.1082064679957,0.692665042856174,0.0035911416723252,0.0166746955948194
"HR",31.612742952661,1.13975987949245,0.650379883816768,0.00360143961693181,0.0167124924105074
"SPINK5",26.8590616036582,1.15633185100099,0.800670907837159,0.00360383457362045,0.0167179328172691
"LOC105375716",20.7501745910037,-1.07832746404909,0.636372043650041,0.00360522940370095,0.0167179328172691
"LOC112268227",8.38367769213463,-1.06921069545951,0.508176027796885,0.00361924763595914,0.0167616541402254
"CTSK",413.245936834154,1.03979441249821,0.676235075175275,0.00362665307967755,0.0167892576820697
"GZMB",6.84850057208443,1.2601982813597,0.621240280313339,0.00363456749197383,0.0168158454153747
"MGAT3-AS1",2.30504532430131,1.95412527504558,1.01808768888379,0.0036433200907035,0.0168496302363646
"RAB7B",24.6513824090061,1.0305610547933,0.49460433585006,0.00365228283574539,0.0168843596674382
"KCNMB4",19.6907461771881,1.02959379407222,0.506155535069424,0.00367668096530296,0.0169768843856944
"PON1",6.14205499277923,-1.24260315493003,0.74157409556202,0.00368829190194326,0.0170240028601174
"GRIA2",25.1874665354987,-1.09196998540011,0.754439190759594,0.00369902518432712,0.017052946459889
"LGALS1",492.775652612704,1.00316355012966,0.587991660905638,0.00370284609361302,0.0170671749623286
"LOC105371657",3.58617232187893,-1.26969124943186,2.27105807358594,0.00371555733984808,0.0171168684932236
"LINC02334",5.66158607182532,-1.14710643174877,0.577367539611577,0.00371583751580891,0.0171168684932236
"112268292",7.42547143058962,-1.07996614665616,0.527410451954155,0.00373091206794801,0.0171794970072874
"TNNT2",10.9197988072255,1.81027389929089,0.923932550466404,0.00375644013237125,0.0172901914571406
"CTB-3M24.3",7.8884032290439,-1.26153863336171,0.686677835265544,0.00376032420076339,0.0173046410783793
"LOC105374841",6.64637664209506,1.2759617484229,0.688405489722705,0.00376646533941783,0.0173226092956004
"CP",439.4752285688,1.07698264996394,0.697348956997058,0.00377912581777495,0.0173703690037576
"LOC105376095",29.1660660930164,1.06882267987194,0.610612642979977,0.00377984014129538,0.0173703690037576
"LOC105370780",35.7374494944838,-1.05045330970438,0.691918709874951,0.00380894846971012,0.0174799363408482
"CHRNA3",10.3718986995127,1.01585125544337,0.465028064492939,0.00382239394253294,0.0175243337124611
"LOC105371372",7.63353009708425,-1.19800488491384,0.736774388107787,0.00382599697530147,0.0175304751964365
"CCR7",17.1784446075572,1.20319916801819,1.03840259681529,0.00383952093217718,0.0175843930800274
"LINC01018",3.50296932123697,-1.20106662744111,0.741425921256256,0.00386483848192128,0.017666638230856
"ACHE",30.8820995613945,1.14650255823308,0.671575602605988,0.00387529592173182,0.017703991494581
"LOC105369724",4.1960448517252,4.01540866632649,1.82646575182729,0.00389414218314861,0.0177691267921166
"ADGRB2",13.2584668457765,1.10425351864643,0.537584920418218,0.00391884005273806,0.0178642826418224
"MYH15",7.28585403890615,1.1284334225386,0.528447514987047,0.00392056825992283,0.0178686550645953
"MIR1204",2.77079729712834,1.90946507258998,1.26502710682144,0.00393880835368894,0.0179412295820354
"FOLH1",148.273537290445,1.09451021747403,0.542043526272735,0.00394301439764526,0.0179568678026828
"SOX2-OT",2.35810228442477,-1.31289106253829,0.950117792433101,0.00394546296792514,0.017960978068131
"AKR1B15",10.3088340866206,1.98050075394571,1.19775991418648,0.00395441520456701,0.0179946802346484
"107984575",5.71648834757695,-1.01094463630713,0.442369096121526,0.00395408580768231,0.0179946802346484
"CD86",50.5030243531013,1.07673361780584,0.630341636422686,0.00395647098961417,0.0179969857955531
"SRMS",6.38535965168388,1.60921743221269,1.6761860688858,0.00396630002742768,0.0180346342734407
"101928268",5.90012532779419,1.23145250065002,0.551073747357794,0.00401424002122165,0.0181991935401142
"ADAM12",164.406923938523,1.00793670086602,0.850510236937637,0.00401346276363011,0.0181991935401142
"MEI4",35.5220090745024,-1.10581097385806,0.748724887270339,0.00401793641595516,0.018212398093
"LOC102723338",8.17506870771278,1.2076061574779,0.693634138224719,0.00403688183592327,0.0182840057422373
"ESPN",16.344504959736,1.14791028022176,0.599541942723636,0.00404037899645978,0.0182962786947462
"ARHGEF2-AS2",5.59256299848392,1.12507314707313,0.499390076361549,0.00405050882532294,0.0183314321301867
"SVOP",11.8863493030995,-1.15539718177274,0.87460784223335,0.00405783647719192,0.0183574436424366
"BTBD9-AS1",6.31481320751081,1.13559187223559,0.540113926177278,0.00409238387580472,0.0184849415541063
"HCAR1",11.4881940462867,1.54010144605317,1.7119674713915,0.00411800230429727,0.0185753802252664
"UNC5D",18.9003419437628,-1.06101721640224,1.02647065322001,0.00412783870246779,0.018616135918447
"LOC101928760",3.85344299191722,2.54881602707339,1.26442185431194,0.00417157204907128,0.0187660167589877
"RUNX3",29.1077545512163,1.0176133482799,0.537811939942649,0.00417389693687913,0.0187692075340404
"ANKRD30B",5.79372082498247,-1.00388180391182,1.34795462798845,0.00417779105822483,0.0187830834438572
"LINC00520",3.09509350155361,3.78143720714074,1.99924270062574,0.00419559909979291,0.0188376319002296
"SLC16A11",4.20401466886862,-1.14238807498373,0.555248160570285,0.00419873217732207,0.0188444160981414
"LINC01426",9.77149662454397,1.07271783979042,0.522796388552591,0.00419802123682356,0.0188444160981414
"FST",50.5023229145184,1.07079371445108,0.634797657178119,0.00420156448345686,0.0188482980124731
"LOC105375523",5.24122047138774,1.44893684312599,0.92479917382172,0.00420557671021693,0.0188605626060394
"PHEX",7.91509024029649,1.15048067423203,0.565375448327283,0.0042133157295222,0.0188916231137492
"101929280",17.7395880762954,-1.00913147625971,0.539800582194606,0.00422091988002064,0.0189184169390971
"HOXB5",9.78592427248784,1.59643565139117,1.23796904391371,0.0042253273617018,0.0189326277732354
"RNF182",7.33806842376923,-1.14302353982331,0.614752334941004,0.00423063505920673,0.0189473410949631
"CCL17",4.00740570148776,2.67192748798154,1.70392638054654,0.00424315050775614,0.0189960697587117
"RFX8",7.38043391534399,1.26986321074765,0.826813922325639,0.00424871110084433,0.0190172996393986
"LOC107985736",6.24946261791216,-1.05774487249859,0.511759059538802,0.00425518105963812,0.0190425908938158
"CFAP54",18.9568309807092,1.03243760637251,0.540069031164812,0.00428069860954233,0.0191287084738346
"RNU5F-1",6.65683934620843,1.38239202947263,0.76434645362251,0.00429949489466404,0.0191968659598698
"FAM218A",5.42162042290014,-1.1529519753388,0.596235766616046,0.00431025791627369,0.0192261168524898
"SIX1",8.27700575940962,2.32026563595225,2.35818668307578,0.00431186699151929,0.0192296026003744
"MAPK4",10.4105739109672,-1.10989579310077,0.628590914974897,0.00432357953763311,0.0192744379426142
"IGLV3-10",5.59096546538085,2.69260292882147,1.46897388257662,0.0043353484439658,0.0193194900451755
"RAB44",5.84523090159604,1.4399915862402,0.682347913737212,0.00434508460698795,0.0193417798133509
"VIP",26.6346421958744,-1.04094217986752,0.906269490478561,0.0043532241417108,0.0193657214115739
"PKIA",44.3372682122717,1.0273692481572,0.749038935752288,0.0043792806505245,0.0194555613604085
"CD7",8.3784837764186,1.28394197648691,0.781847383530289,0.00438346237116779,0.0194704164010865
"CASC9",13.0998271595913,3.09740470837422,1.45553175722559,0.00438958413035505,0.0194901561759602
"PTH2R",3.43960285482114,-1.17449149697064,1.03618010631331,0.00439670595032696,0.0195068670528636
"LOC105376874",6.02105138520512,-1.13039122512952,0.642618078326293,0.00442284133525597,0.0196060212919258
"TFAP2A-AS2",4.18634350044945,1.80461491371483,1.16818921043174,0.0044372084836844,0.0196602858730753
"UNC5B-AS1",7.80688813924546,1.55348952358888,1.10288718416446,0.00444987259810612,0.0196976166540285
"GPR37",15.2842851673242,-1.04964761599551,0.624292695834777,0.00449397487893049,0.0198625654007894
"CDH4",7.80328037610547,-1.08962231437561,0.608703288915415,0.00450568076013308,0.0199067298843301
"NELL2",22.8869046847117,1.05904171870032,0.547389887314823,0.00451406965019705,0.0199324227142396
"MS4A8",52.6458404040342,1.11803175559858,1.02663967834516,0.00451702026024105,0.0199340865615766
"KCNJ6",31.7511611145746,-1.01074605703879,0.688673584720199,0.00453021729051457,0.0199771491260403
"LOC105374083",4.97755372523923,-1.19618967868007,0.741779716518132,0.00453862948552273,0.0200104470770627
"FAM225B",5.61176507038345,1.21527212368848,0.644390353991213,0.00454517325863648,0.0200354962368467
"LOC105369140",6.0373800455587,-1.12244492334275,0.620035979628211,0.00457153902095949,0.0201288059791536
"FSCN1",105.911249439811,1.02100737848174,0.608102926618992,0.0045710527416235,0.0201288059791536
"H4C6",18.1131449311611,1.02538691648592,0.525935252887135,0.0045832365710775,0.0201688450244291
"LOC107984281",6.77662938173837,-1.16575250418595,0.726607558377126,0.00461242037228031,0.0202781084432073
"ABCC8",121.289657984081,-1.03325314224321,0.811400448610742,0.00461890506252878,0.0203018843595989
"LOC729683",5.27157380538679,1.20775377495028,0.545359823649927,0.0046940969922645,0.0206098532908665
"ESM1",27.8957741693533,1.08470389454809,0.663768235502737,0.00474259208168992,0.0207874225651887
"107984932",4.31708728577266,1.68776723550546,0.900529936196243,0.00475590023831253,0.0208418223382104
"SCAT1",3.06546773762572,4.97989135633537,2.45371111262109,0.00475930787376126,0.0208449610644379
"CABP4",10.5658372067855,1.05289473823763,0.540068808217473,0.00476393352946877,0.0208612882693567
"XKRX",6.51446816602162,1.27921971582123,0.665847651311519,0.004766485179416,0.0208683416848636
"LOC105374056",10.4748115614468,-1.13170839314254,0.720412150163364,0.00478127381097586,0.0209093477772388
"TARP",7.29416585785419,1.05070630897797,0.500599972026233,0.00479140412526377,0.0209342374671876
"MIR6887",2.40860256085567,1.60369958822346,1.04107870753074,0.00479085909438985,0.0209342374671876
"AKR1C4",3.69883698599428,1.59068163598441,0.765652816627167,0.00480306346507913,0.0209772894005853
"TM4SF20",268.332088611046,1.65375195552327,1.59981028778766,0.00480442103499649,0.02097927508892
"SAPCD2",19.2991436854992,1.0712663265012,0.591998168775315,0.00482331383255704,0.02104990550328
"TWIST1",17.1918016105365,1.39994840776407,1.19255511855983,0.0048469651420206,0.0211213869232649
"FAUP4",8.35357676437187,1.135077917329,0.589164732782857,0.00492313719768729,0.0214039935957674
"SERTAD4-AS1",6.58134766974079,1.1926139418611,0.654932536648655,0.00498902006431299,0.0216508453507617
"CAMK2B",13.9231384599993,-1.0810606200074,0.656186144712838,0.00500836193373486,0.0217228466549056
"HERC2P10",5.24348258311308,-1.21771377588699,0.780074574421986,0.00503156592383248,0.0218041969255766
"NMUR2",8.76396105320344,5.44405726775843,2.82092263780386,0.00510721913680433,0.022089768548706
"IGHD",14.1809848884368,2.67462550848685,2.12876084945893,0.00511307149475536,0.0221090609132685
"INHA",5.95926420616751,-1.16602108560748,0.740998327717418,0.00514272866468814,0.0222061513703826
"H4C13",15.9287399373143,1.03440633457043,0.564688468639264,0.00516469986991288,0.0222760115150143
"RNA5S9",9.8869505985745,-1.16721550035516,0.980489706951827,0.00516903134210293,0.0222865918043722
"USH1C",153.416331784575,1.00183353603366,0.658432777337487,0.00519883093357646,0.0223894702720923
"MGC12916",5.17717649215531,1.09416256177296,0.500589043735972,0.00522509725632122,0.0224824323612266
"LOC101928389",4.52259591330012,1.52149620020085,1.06878243893252,0.0052505273061944,0.022575129896267
"AGTR2",4.23253820022335,-1.3378970779122,1.19013066267203,0.0052623106111778,0.0226090582564194
"IGLC5",2.64986842318234,2.86259920422686,1.49304383862086,0.00528912106344465,0.0227116481073991
"LOC105369313",4.59680573007484,1.30610433425613,0.641052937183654,0.005293746049839,0.0227273077361436
"SPTSSB",50.0608541928129,1.02923321408879,0.607201784762004,0.00529800738187504,0.0227378631271976
"LINC01023",3.30353812975986,-1.11991071027584,0.560009267761224,0.00530109767850351,0.0227378631271976
"LOC107984997",10.0058319634287,-1.11379182541191,0.809493637012731,0.00531909952275244,0.0228066575772565
"LINC02678",1.94707564256982,3.05358330224221,1.64528329429058,0.00533396569933623,0.0228619614506691
"IRX3",6.18866846749995,-1.11883124107011,0.659461109907078,0.00535035458521955,0.0229068525497653
"DCST1",2.63906040506632,1.29814717012013,0.634758745163221,0.0053833861884264,0.0230145901449113
"PPP1R1C",11.2315661797278,1.17258492265409,0.711327485318208,0.00538349955170526,0.0230145901449113
"PAX5",6.57817851111463,3.28710540131854,1.73256508209246,0.00538623143517779,0.0230180407203156
"SYNDIG1L",5.54723122697966,1.25028763043712,0.744566460940057,0.00543024159434233,0.0231805371016983
"IGLC6",5.01666927749213,2.25759349747106,1.20894954182912,0.0054512464332463,0.0232531138014463
"FAM88E",3.76062968099465,-1.04494287278843,0.492585540819314,0.00550466002227742,0.0234495331860339
"GNLY",8.98747782511039,1.10897531377204,0.588703215792332,0.00551944804666237,0.0234922834519509
"TRIM46",20.2774705940791,1.08095653035701,0.796520908584051,0.00554434943532457,0.0235853092511473
"FABP2",179.962404280538,2.19637016697484,1.95149269306317,0.00556655657301258,0.023671109438863
"TMC3-AS1",6.51245550029986,-1.06192382444577,0.574512707060988,0.00560030097755256,0.0237884813918526
"UPK3B",9.41723671781403,1.13385613021009,0.634935550954883,0.00560628262781922,0.0238051858291995
"SNORD114-3",5.90770552151445,-1.10937442507547,0.653754458622428,0.00561117302837587,0.0238085473546957
"XXYLT1-AS2",4.14332916967327,1.30874730322299,0.810306366614234,0.00563310316432981,0.0238885110463959
"HSPB6",25.652045382098,-1.01258841173985,0.604413420748841,0.00563471596126861,0.023890990029211
"TRIM69",4.11518126245145,1.14543795361669,0.538567716258872,0.00565159531969729,0.0239339348555896
"VAX2",7.40769974953486,-1.08925007032219,0.64406855889199,0.00566767698215665,0.0239695075865325
"107987148",5.33429521788769,1.01533571943745,0.455345462025919,0.00568176825324215,0.0240247289106608
"LOC107984262",3.82748236724637,1.45395147876607,0.828284282557592,0.00573224505618317,0.0241981523792856
"DRC12",6.30759870840628,1.19948455127118,0.638010541990361,0.00573708823586794,0.0242062921108691
"TNFRSF17",4.01152876065577,1.50302720291813,1.39491193533058,0.00573997149931113,0.0242076360012895
"RUNX2-AS1",4.37803016901645,1.44054371427482,1.04300873649795,0.00574704302226775,0.0242257882116094
"CLRN3",48.8612207493933,1.61735055120559,1.24436613113097,0.00576819045481932,0.0242818239269256
"LOC105378925",3.58824131836494,1.51093246134018,0.938753271193711,0.00579388534853329,0.0243790159495058
"FOXF2",11.9090622536063,1.02608469679295,0.574156392070252,0.00580691000585295,0.0244293959779093
"MYOZ3",4.15621540985369,1.39814240306778,0.756794147990643,0.00587081541458322,0.0246574819487209
"FAM225A",5.62945730068305,1.13917113203421,0.604413386204822,0.00587173865385292,0.0246574819487209
"SIGLEC5",8.10964379970587,1.20094279794638,0.799511815636673,0.00589577281552286,0.0247295317062762
"LOC105374790",9.58402490853848,1.07751918982188,0.610406789320217,0.00590977961205014,0.0247679886879482
"REP15",44.2347366760709,1.17926535284203,0.742081603887276,0.00590967944390537,0.0247679886879482
"LOC101927432",3.74560005187148,1.4042253884923,0.866481349805024,0.00591108869181276,0.024769007349733
"LOC105378433",4.63228261216115,-1.11257353684963,0.634832402032124,0.00596248506332772,0.024975363339899
"DAPL1",11.8542437230055,-1.04697721279345,0.641629257501712,0.00603872430313798,0.0252446490074507
"LRRC74A",11.1152883837109,-1.00281383799137,0.62941704770828,0.00606761177407874,0.0253426136204781
"LOC105373414",3.56149734549508,3.90385498810161,2.04036124845362,0.00608499784164084,0.025406096109708
"CCK",25.3488616741239,3.64372423640164,2.07382124359109,0.0061173870756768,0.0255275662182741
"KLHL30",5.75536894113127,1.80544256481229,1.25318726689832,0.00617909968688885,0.0257112072394095
"KIF26B-AS1",12.8828865904978,1.11972123410893,0.685525985633592,0.00622233187822056,0.0258586802343864
"ORM2",8.8031371567006,1.9892469608364,1.03925553509473,0.00623998047897079,0.0259146553973777
"PRO1804",14.0232822957037,-1.00029990181554,0.594420155623361,0.0062485519130493,0.0259351739370669
"LINC02968",4.26242174597179,1.22901073766408,0.537915972332633,0.00629076698345438,0.0260777824907337
"LOC102724672",16.9680993332642,-1.02478199827571,0.674822082036231,0.00635607001862873,0.0263296999256264
"VSNL1",22.5208487933586,1.01351638133439,0.619332592898977,0.0063611472556339,0.0263413395980491
"OIP5",11.0256910895977,1.00461933019639,0.504193215384497,0.00637940222974054,0.0263981141243137
"CIB4",5.31332827968609,-1.16851465397915,0.86985343360095,0.00638272720754081,0.0264071699906002
"LOC105376939",6.98006237964716,3.68845630221146,1.98182731072077,0.0063868249009369,0.0264194190089494
"LOC101929555",8.21278084736187,-1.05030321039502,0.588125224238977,0.00639075373971643,0.0264309653154702
"B4GALNT1",10.3196806838674,1.03343085074327,0.612122186145347,0.00645256678693243,0.0266534025412222
"LOC105376361",1.95456268753516,2.52280689810278,1.361322215252,0.00645490369582029,0.0266583162766414
"NMUR1",13.7461741307564,-1.0264977286849,0.689797429026391,0.00649535167285618,0.0268110669957032
"IGFBP1",15.0155407059743,1.2237153608372,1.70984596981021,0.00652507449288214,0.0269278098112581
"GLDN",45.6769859977894,1.03609388614052,0.654034888760496,0.00653679743978278,0.0269677713979675
"LY86",15.382633084539,1.02180484136681,0.589995693281423,0.00655846101325304,0.027028350770297
"FMNL1-DT",3.34539507574166,1.22279900435756,0.586464261824002,0.00659839731807099,0.0271592137618032
"ELK2AP",3.1243604783539,2.61895496849563,1.46099468139787,0.00662411767776211,0.0272478429804364
"CTXND1",5.58824674106988,-1.10758267371794,0.712318678498792,0.00662756879136733,0.0272518808226945
"CMA1",4.04068588933155,-1.09773121521509,0.56492907651079,0.00665364120239328,0.027338170351478
"DNAJB3",2.36038595577577,4.90291357394743,2.49159919244265,0.0066606882367668,0.0273542413584569
"LOC107985695",3.87432847152844,-1.23073217054707,0.948541655905074,0.00666108446766296,0.0273542413584569
"SLC28A3-AS1",5.40229729783529,-1.01968985637484,0.511659300225673,0.00670662194914308,0.0275256864315425
"CRNDE",37.596416102796,1.0036956965686,0.561954787033349,0.00671010727569801,0.0275263669757845
"CUX2",3.79840250225164,-1.13399160176826,0.762409071746783,0.00677547800644979,0.0277406575294909
"LINC00923",6.50610072452858,-1.09107651490243,0.690695874146596,0.00680156399087728,0.027798476574852
"KLHL6-AS1",2.20345354055037,1.62188078306251,0.912397393474447,0.00682637911903685,0.0278802810389913
"ARHGEF3-AS1",2.39509220180049,2.00342349394418,1.17236989707815,0.0068750179409637,0.028059202855839
"CEBPA-DT",6.10416901081237,-1.07515213206146,0.742372423317728,0.00690097097794743,0.0281502915506686
"LOC105374167",13.4100308290651,-1.00315045888173,0.571046692230255,0.00690931706277528,0.0281695002550594
"LOC105375206",3.86147416734214,3.629055060068,1.873533923953,0.00693741935534801,0.0282592809820321
"TMIGD3",8.19218856309543,1.10517134870562,0.797905132137402,0.0069491971117251,0.0282973352420141
"LOC102724210",3.32172997321261,-1.20546305306234,1.02129116042652,0.0069689221835109,0.028367713197946
"CLCA2",44.6245711186777,1.2273722087635,1.15540648476664,0.00697825298016707,0.0284007195645791
"NLRP2",25.327525747302,1.00010270218753,0.579107431440639,0.00698417456315237,0.0284198416768556
"CLDN14",4.80257180344794,1.00478019331737,0.462938840473176,0.00700969051022446,0.0285086922816498
"LOC107985250",9.20523999285524,-1.1541756165497,1.07535705164889,0.00704275774940659,0.0286081252285773
"107985690",3.7243156727804,1.51470040958073,0.936799691389598,0.00708631419389541,0.0287498708390361
"BAAT",18.5899296168628,-1.02124933778335,0.74919220983288,0.00710369147028572,0.0288052829514989
"LOC105371981",12.2258880065908,1.17001714179842,0.750253147926941,0.00710809860152903,0.0288130968259817
"UBE2Q2P13",5.26866575547082,1.01326237703272,0.493716698143424,0.00717961924961647,0.0290472668056484
"CASP1P2",1.64918497633961,2.9610474649109,1.45167617061296,0.00719404298432405,0.0291005551428916
"LOC105378662",3.37617246755018,1.14522550376036,0.585255109144253,0.00722020581372291,0.0291657653132566
"LINC00944",1.79317363797151,1.89161912761432,0.986807337283958,0.00724395351353206,0.0292464395980743
"FAM216B",7.10180760381791,1.38235043088358,1.02509920115648,0.00726126785524055,0.029295981701079
"WEE2",4.06015081135814,-1.02571366144135,0.501185982649762,0.00730228599843535,0.0294206025964358
"ANKFN1",8.43022836736437,1.27453422366709,0.912816390355833,0.00735242770038377,0.0295867089744401
"LINC02391",3.67546834142584,1.67168121325774,1.16015186181335,0.00737845844911708,0.0296709037842221
"LOC105371082",6.55709561481257,1.09232628455669,0.517367492665955,0.00742040181580468,0.0298086162154602
"CAPNS2",3.29882665863396,1.76962593113427,1.12770700021815,0.00744211957502025,0.0298855251167638
"CASC19",5.37025850997154,1.12167682006009,0.749607641361206,0.00746889428351222,0.0299671487959603
"COQ7-DT",6.3345312654754,1.01056715931162,0.525331133154437,0.00756991966967989,0.0302992391946619
"PICART1",5.82834697334263,1.30706411737527,1.13457295374581,0.00760280403702745,0.0304046732874927
"LINC00842",6.88330585817079,1.39812602711162,1.45113976582767,0.00763863607955352,0.0304954826990423
"107986761",3.6119810957083,1.74362922527175,1.01314099227964,0.00764285126689321,0.0305018291285235
"SPRY4-IT1",3.72398757318021,1.18443450204626,0.569295250740942,0.00769062788166544,0.030651148100815
"FGF14-IT1",4.78305855371531,-1.08834806469793,0.710450052418766,0.00770396328184462,0.0306973323611109
"BTG2-DT",5.37359266951391,-1.05391897954629,0.655372687784847,0.00776236176000691,0.0308780132672078
"FOXD2-AS1",3.01720194349072,1.11687718258985,0.529017810016546,0.00803901864615053,0.0317664282726713
"TNFRSF8",2.96992994071218,1.40992664312602,0.785112972482743,0.0081773678304994,0.0321872169306545
"ITGAD",3.65528208289807,3.09615465407855,1.70752154228959,0.00823379206600589,0.0323654472430463
"CASP5",6.43014630864475,1.74122583977422,1.19834665967805,0.00824406078363172,0.0324003302279572
"TBX15",6.04355559927394,1.15904191304424,1.03866159770779,0.00829806250098902,0.0325795002045421
"LOC105369344",5.48845602517977,1.07431102726154,0.532672984270388,0.00831261834046636,0.0326311348438479
"SYNDIG1",19.2416637847561,1.01089703792839,0.737919821863153,0.00838668949937779,0.0328608314532956
"LOC105374296",5.87174868015994,1.13338563277397,0.648950296802691,0.00845306866301439,0.0330818680116455
"ITPKA",10.9124182880086,1.07883769818734,0.86616800532052,0.00847999520910943,0.0331649029933778
"EFNA2",5.6334125783869,3.07158808413255,1.45036154314914,0.00848248791805131,0.0331690687943323
"LINC02813",2.44174274207098,-1.10252306193219,0.846735595026962,0.0085136701265125,0.0332686050100097
"LOC107986613",4.32724784391067,-1.02965328464409,0.58653318470033,0.00853036534884703,0.0333114351059598
"SIGLEC10-AS1",5.19005897831236,1.11204806527262,0.652354564041713,0.00854194662840394,0.0333510552698648
"LOC101929028",8.47762288462981,1.29460662258673,1.08989503120382,0.0085664556964975,0.0334298955505743
"102723983",7.86050595480945,1.00334629396467,0.580063001592781,0.00858110864001744,0.0334765472336024
"GJB5",9.40877315546246,1.20440786646796,0.95566935025454,0.00867394020358467,0.0337755992341696
"CETP",6.20811258389929,1.14929867297903,0.703756491403567,0.00869930885736443,0.0338573603519033
"LOC105372442",5.33579533802497,3.00976777708217,2.95493302880839,0.00883453201307159,0.0343042114511226
"KCNS1",6.63276761722776,1.23507214555855,0.78833602644691,0.00884928620879627,0.0343375359153943
"LOC107986659",5.66093248261204,-1.01783204600917,0.623219773488942,0.00886046625009312,0.034369437950069
"IGHV3-64D",7.35669956908519,2.23086314113312,1.44882551866162,0.00896250007866451,0.0347072815546283
"105371419",4.876260981265,1.24059385335941,0.811035615694362,0.00908185884977068,0.0350759624957483
"FAM83A-AS1",2.29508155160098,3.72486664763889,2.07126739621997,0.00908457756134464,0.0350806314837698
"LINC01599",4.29587203644057,1.20688371881425,0.68928681303928,0.0091319892115472,0.0352168911751534
"MIR320C1",3.39478470869515,1.21968613807505,0.76391300801704,0.00930966667444545,0.0357537363935107
"LOC107984568",3.11026656205243,2.97527029328339,2.01778668425178,0.00936008357739398,0.035905818378859
"PHYHIP",12.6748921016842,1.01329972313183,0.678071243381912,0.00936926282844623,0.0359232379239188
"LOC107985779",12.9618956119682,-1.05856141105815,0.717067081426126,0.00940618557029819,0.0360291331562609
"LOC107985189",5.9066055889492,1.16999283534006,0.673260514995559,0.00943364385559474,0.0361045486715111
"FRMPD1",5.62248124135682,-1.01874780019502,0.746285833086999,0.00957258012258343,0.0365735640336407
"LOC401021",3.45314463643451,1.21888197875368,0.631051538890884,0.00959612344975127,0.0366358738670672
"SFTA2",29.2612479533924,1.26983556788602,0.969781405799428,0.0096393248095624,0.0367404383120378
"MTNR1A",6.77641977270676,-1.00174670031145,0.86190565163945,0.00966983458441632,0.0368325584539202
"LOC101928797",2.82771808017909,-1.2458335785875,0.76517677911237,0.00967213656276896,0.036835288155374
"HAP1",4.54884468968831,1.22642190137527,0.632106303144361,0.00972541161010906,0.0369771937775832
"HOXD3",2.12000605245106,1.99787575485359,1.116531394046,0.00973725397654953,0.0370044318196154
"SUSD3",7.05231603757684,1.02142991141413,0.732150436651563,0.00976037934094275,0.0370741235878379
"ARL9",4.14082836548113,1.08139801786855,0.596497484782631,0.0097643450750137,0.0370831248476534
"105374160",4.53193735652869,3.99726547796532,1.8476897811426,0.00977956082569808,0.0371166441988067
"CLCA4-AS1",6.36373544806778,1.02913039129676,0.614148090919116,0.00990750393028317,0.037516436411364
"CLECL1",4.18640797117783,1.27535346573269,0.727447330391859,0.0100269897628553,0.0378639862083444
"SLC12A5-AS1",10.1299778581583,1.01493228069136,0.823526628907121,0.0100316442827814,0.0378670358424795
"SMCO2",3.93597876940499,1.18192942750555,1.0982459871624,0.0100713384554254,0.037975908635477
"LOC100506253",2.83210256186529,6.21761345793815,3.318929051828,0.0101624949775276,0.0382699466455191
"CYP4F35P",5.32726564254511,-1.03704856081775,0.747190715992764,0.0102638171166051,0.0385640023778007
"AQP4",4.94673620648897,-1.00065943047067,0.799300567401397,0.0103146800615022,0.0387175430095321
"PPP1R14C",27.893176752333,1.14079502705619,0.904721077597388,0.0103530629530793,0.0388302530613071
"105371371",3.54583649858426,-1.0712310942258,0.715173469890678,0.0103836296675038,0.0389147246413501
"HOXB-AS3",10.5490721349661,1.05104940067818,0.900133194052535,0.0103898290582836,0.038930443181619
"TSLP",4.86066122775393,1.10549716683341,0.777394259907152,0.0104784952512344,0.0391679274714336
"LINC02966",3.91713346780391,1.31191879106426,0.886544570830633,0.0105344418069172,0.0393201213467825
"GABRB2",10.2729313511648,1.07566407721338,0.617606076745754,0.0106521660937571,0.039651246265371
"MCEMP1",14.5820104186195,1.17457346968448,1.00975804945874,0.0106640780972431,0.0396765179486698
"LOC105372631",2.84295735238741,1.21160638331596,0.739328726167131,0.0107911985100277,0.040037146780811
"LOC105378497",3.71591824972564,-1.03750216519717,0.672859926063276,0.0108824756372051,0.0402955093913085
"IGLV2-18",6.51475420665608,2.66670800006006,1.80522498978569,0.0109365929457745,0.0404572101727544
"BLK",5.66228609685247,1.19431272432323,2.29844467584309,0.0109622367755386,0.0405391646474039
"LOC101929319",5.08725534843532,1.14035238704949,1.02398368771082,0.0109844511415634,0.0406006312333803
"LINC00607",4.31469947531666,1.21519383305949,0.838482485622541,0.0110065365707724,0.0406589746411528
"GPR85",6.67323618778629,1.08325334044216,0.86692371132638,0.0110169564292142,0.0406767809681856
"IGLV8-61",7.99880487740632,1.48743928841958,1.18359366304839,0.0110674841609854,0.0408308978216092
"RASD2",7.36409844647985,1.03675701387148,0.66841989510641,0.0112089545790745,0.0412653641222927
"LAG3",5.12960535668551,1.09155789696724,0.653375073295281,0.0112808251477913,0.0414665357236087
"LRFN1",4.38767183037842,-1.01991198509877,0.619984939033822,0.0113356794576622,0.04163523746424
"ADGRG7",64.3395992866359,2.43567511503133,1.70068897744977,0.0116373709340078,0.0425348928192026
"NFKB1-AS1",3.05717102845988,1.37166922306259,1.00715586057556,0.0116606167084879,0.0425729775646946
"HROB",7.55849817871031,1.03021770785097,0.652833893354987,0.0117191418460389,0.0427530633997038
"C20orf202",1.54091233655412,1.66609278700506,0.989469918919239,0.0117278244744095,0.0427780222390746
"LOC105373369",1.97829175420259,1.73416109443561,1.02278749905499,0.0117321696303993,0.0427871545067222
"WFDC13",2.42428462331309,3.96732600921258,2.44424092947207,0.0117498272475415,0.0428246644857452
"WFDC3",5.86507159108792,1.22484828882026,0.945571859833062,0.0117785640202987,0.0429024823658316
"LOC107987009",3.59245908814323,1.30591494941234,1.01488877476519,0.0117824126878237,0.0429097741068313
"TIFAB",2.99524608645529,1.89870172124936,1.18491775489173,0.0119025179138934,0.0432725713862172
"FGF11",7.20009804307239,1.0610884203595,0.696000867691096,0.0119677180089165,0.0434959999901727
"IGLV10-54",7.01230231194727,2.03934099659795,1.26879485590619,0.0120024991655497,0.0435746981424292
"LOC105378299",5.18952207172124,1.06893554229571,0.71185813570435,0.0122200686270093,0.0441869310946587
"LOC105377104",2.42108177433262,1.99073107766468,1.37278315523574,0.0122781167743649,0.0443792979205496
"LOC107986193",1.77838225691701,1.51470660659648,0.946220598831058,0.0124022407908973,0.0446907668698045
"CSF2",2.17558838025105,2.29665030627169,1.57900936170423,0.0124536587652095,0.0448419692251189
"SPACA4",3.11198663506337,2.0872144207525,1.72052943507625,0.0124831121427385,0.0448916747618835
"PSAPL1",10.1149648999741,1.11402836833829,1.09813727558047,0.0125356505719803,0.0450457533312655
"SLC51B",11.4358461336354,1.08969689040458,0.793111422481569,0.0127349036490011,0.0455855008911631
"LINC02883",7.0103815408974,1.06493258188821,0.620239137735192,0.0127579910253062,0.0456352184536858
"ZNF695",3.95022438041189,1.49654254739441,1.20886662968625,0.012794231891977,0.0457133596816985
"OSBPL10-AS1",3.54198576302647,1.09045766791461,0.735488216106205,0.0128022012704317,0.0457348011252276
"CYP4A22-AS1",1.81029540128524,3.11771713012096,1.72271525495216,0.0130403444816336,0.0464142775782409
"LOC107984128",3.27667140054323,1.46600779269854,0.830835698613685,0.0131400881875904,0.0466692065176802
"LOC105372300",2.57335344581376,1.14525871688042,0.698231145956598,0.0131599200737958,0.0467110820217912
"CACNA1I",3.70388980925225,1.28581854687045,0.90630767675299,0.013211720604877,0.0468806243516062
"IGLV4-69",3.4244077248886,1.48908888891269,1.0233571345121,0.0132380581486328,0.0469354102787868
"107984140",2.91193397049501,1.51831535592726,1.10387583678398,0.0133281930211334,0.0471642651303739
"TNFRSF4",5.14889739682831,1.36633413462054,0.851157152510845,0.0133649294164622,0.04725827651674
"IGHV5-10-1",5.54528030527105,2.5146744187053,1.5476906661974,0.0133799736428032,0.0473042738269221
"IGLC7",8.71561188573932,1.21428559575889,1.1973534553878,0.0134292363318229,0.04742071522339
"KIRREL3",4.69023832950503,1.04642923949191,0.720222859650649,0.0134524146185854,0.0474737019536502
"IGLV7-46",4.75356586093988,1.15766015139979,1.18103139574431,0.0134959211374384,0.0475983193121404
"MARCO",21.2246918419631,1.04282768645799,1.24438613935115,0.0135526292328836,0.0477838149053189
"HMMR-AS1",5.18888172092931,1.05543300538194,1.02418218106455,0.0137491681675088,0.0482921476297991
"ERFL",3.10377538033875,1.06922335851288,0.577077226785907,0.0138464428171058,0.0485585364593967
"ANTXRLP1",1.42890248434983,2.91641305344162,1.50778336992095,0.0139106662326408,0.0487355744745791
