"batch","condition","patient","residual","gene"
0.251577926078359,0.444757716524796,0.110070391729371,0.193593965667474,"PNLIP"
0.237686792940509,0.457722492898516,0.115748687542415,0.188842026618559,"PRSS1"
0.201582708565705,0.457043966933664,0.128468401294197,0.212904923206434,"AMY2A"
0.236943558736587,0.46125596150042,0.110592341103351,0.191208138659642,"CPB1"
0.222634797342412,0.463250405033981,0.107924588760109,0.206190208863498,"CPA1"
0.209412369854488,0.47789895679211,0.11732545120976,0.195363222143642,"CELA3A"
0.193530388646877,0.474899877158597,0.117615819066252,0.213953915128274,"CEL"
0.214434105574835,0.477541726862405,0.111372738003806,0.196651429558954,"CTRB1"
0.17424068985624,0.497024020254266,0.118718902508062,0.210016387381432,"CLPS"
0.176908247501382,0.491793232088519,0.12816414793776,0.203134372472339,"CELA3B"
0.186761256378653,0.467042477194707,0.125942405997934,0.220253860428706,"CELA2A"
0.214919058495666,0.48299318834397,0.110066165219487,0.192021587940877,"CTRB2"
0.135382077188705,0.417862715684391,0.167769972720447,0.278985234406458,"PRSS2"
0.113295057074977,0.502989479043753,0.119145206822681,0.264570257058589,"AMY1A"
0.181461234403865,0.493207519519086,0.102156561852626,0.223174684224424,"CTRC"
0.145953202268843,0.472638755759557,0.100615854922931,0.280792187048669,"GP2"
0.151258791416428,0.508351496727444,0.112731088352348,0.227658623503779,"PLA2G1B"
0.114157860466732,0.516560820942442,0.114990463523139,0.254290855067687,"CPA2"
0.133860610440142,0.517813355845929,0.10321476898569,0.245111264728239,"CELP"
0.0689839292968385,0.429572017285233,0.197351269136473,0.304092784281455,"PNLIPRP2"
0.104762079103433,0.513987584253094,0.129701771871232,0.25154856477224,"AMY2B"
0.127974374299937,0.541783612694113,0.100721315146817,0.229520697859133,"PNLIPRP1"
0.0628701539590464,0.0122514548814103,0.859064122021871,0.0658142691376725,"XIST"
0.131337526959473,0.508938662226416,0.120149827515765,0.239573983298346,"CELA2B"
0.131327096828372,0.512212020510898,0.107875564489197,0.248585318171533,"SYCN"
0.121604271539641,0.534230942086655,0.116621984315936,0.227542802057767,"CUZD1"
0.00564396615409258,0.392733982125665,0.178584349784553,0.423037701935689,"REG1A"
0.11293484475897,0.505748526345231,0.10343100465279,0.277885624243009,"ALB"
0.117679509303245,0.536702123578636,0.116600756304375,0.229017610813745,"FAM24B-CUZD1"
0.11054272771861,0.520170774813628,0.123454848100321,0.245831649367442,"AMY1C"
0.128746329603568,0.543629196885856,0.114019719808213,0.213604753702363,"LOC100506281"
0.11312774766352,0.508234047266336,0.125571365384433,0.253066839685711,"KLK1"
0.100799236565173,0.512616589311482,0.109062924052549,0.277521250070796,"AMY1B"
0.0974270723448975,0.509442808930781,0.126066717483065,0.267063401241256,"CTRL"
0.115893428440797,0.549207300000519,0.101594000830511,0.233305270728173,"RBPJL"
0.0533224073399821,0.0194554671033815,0.850983372291306,0.0762387532653307,"TSIX"
0.0822940294930519,0.573766841535621,0.0942039222148301,0.249735206756497,"SERPINI2"
0.0728315946417139,0.511189399142336,0.128448142668788,0.287530863547162,"PDIA2"
0.0013177538986849,0.486933910534789,0.145222911924125,0.366525423642401,"PRSS3"
0.301007445082405,0.262214727698572,0.209393089972595,0.227384737246428,"INS"
0.0915889800825027,0.560735757822868,0.091805981227037,0.255869280867592,"ERP27"
0.210320358310134,0.0962892156521015,0.390904775264788,0.302485650772977,"DMBT1"
0.00274241888757141,0.0895114342803575,0.412303054512032,0.495443092320039,"REG3A"
0.00435447960083947,0.283722106647566,0.340321263887901,0.371602149863693,"REG1B"
0.12617044841564,0.146396688318885,0.296741197278676,0.430691665986799,"TFF2"
0.0128555170951032,0.113726310280533,0.479304505362329,0.394113667262034,"MUC5AC"
0.0487692689102549,0.302625020539474,0.357396727255835,0.291208983294437,"CEACAM5"
0.0969493259415251,0.52895898533514,0.119194150975559,0.254897537747775,"AQP8"
9.53151952213249e-07,0.402936688353516,0.237912967642369,0.359149390852163,"S100P"
0.20053696689234,0.057167833886297,0.419425635590112,0.322869563631252,"GCG"
0.00464879886375003,0.230546465292827,0.566180720072706,0.198624015770717,"RNA18SN1"
0.000159171711847955,0.012296093176913,0.617154965865008,0.370389769246231,"PGC"
0.000114656766597293,0.20048201156779,0.279901577177148,0.519501754488465,"POSTN"
0.0195423450037899,0.093067083862781,0.581201766324219,0.30618880480921,"MT-RNR1"
0.11064255275888,0.012073832495535,0.66252255094801,0.214761063797575,"CLCA1"
0.0088429567803094,0.166718267165121,0.583437388373305,0.241001387681264,"RNA18SN4"
0.0319781638572996,0.000195256172701246,0.852739504868657,0.115087075101342,"USP9Y"
0.000276439874609062,0.343487190189967,0.422028318359694,0.23420805157573,"RNA18SN2"
0.00119106000382348,0.299864318411328,0.506230203954792,0.192714417630056,"RNA18SN5"
0.0534042635064303,0.000664155907434501,0.820836218384128,0.125095362202007,"UTY"
0.0527698369703311,0.4354080598636,0.102140186161373,0.409681917004695,"GATM"
0.0912000515382995,0.0283028294321929,0.415970434243222,0.464526684786286,"PPY"
0.110887813360839,0.0306685283677211,0.596235501600812,0.262208156670628,"MUC2"
0.00961269489730624,0.266043415906474,0.498410764235305,0.225933124960915,"RNA18SN3"
0.0370624965961811,0.118984032796405,0.40713282716711,0.436820643440304,"TFF1"
0.118562154365608,0.397550695920051,0.26907208726923,0.214815062445111,"FGL1"
0.0370492142405065,0.00309771637554545,0.841420454942112,0.118432614441836,"RPS4Y1"
0.0591276750997193,0.554579178962373,0.132281576328716,0.254011569609192,"AQP12B"
0.0695698109834046,0.51287726215906,0.133491361745023,0.284061565112511,"SERPINB5"
0.00738152780234999,0.116624323896099,0.457049060621575,0.418945087679976,"MUC16"
0.109158116786374,0.550735092939244,0.10242663247479,0.237680157799592,"EGF"
0.000629797057369336,0.133720641826127,0.331632310800073,0.534017250316431,"MUC6"
0.0432879055493832,0.0790307981941434,0.438285657487508,0.439395638768965,"MUCL3"
0.00288357377793472,0.0159201288403821,0.758997357778311,0.222198939603372,"SPINK4"
0.00146897293679526,0.205647759374695,0.530795848324834,0.262087419363677,"RNA5-8SN4"
0.140059580451283,0.333168198931604,0.29891721185062,0.227855008766493,"CTSE"
0.0548335538806783,0.00208144161577257,0.443694345656873,0.499390658846676,"REG4"
0.0446589945727636,0.421477966072106,0.145365837450304,0.388497201904826,"CEACAM6"
0.0495515027922314,0.002236020539567,0.805862601921184,0.142349874747018,"KDM5D"
0.614104635435731,0.0533842223679947,0.146515399233832,0.185995742962442,"SI"
0.258773406546796,0.210533774273639,0.315441872437863,0.215250946741702,"MUC17"
0.0182787818130185,0.0474902708348044,0.638498704957108,0.295732242395069,"OLFM4"
0.010324565228393,0.190270669556576,0.27618213873402,0.523222626481012,"KRT17"
0.0725867495002407,0.602237328148036,0.077706059302822,0.247469863048901,"TMPRSS4"
0.0310822276591216,0.00296920101564647,0.862973957965007,0.102974613360225,"DDX3Y"
0.0276357764550608,0.231580620094381,0.431528931662678,0.30925467178788,"DUOX2"
0.1083677011371,0.504611220433648,0.165575385866906,0.221445692562346,"PKHD1"
0.277014695405073,0.116727497646152,0.301558640246032,0.304699166702744,"CDH17"
0.0113052301600531,0.632380711037353,0.193151868563984,0.16316219023861,"COL17A1"
0.0294544338357361,0.432795468489304,0.173879874305808,0.363870223369152,"SPINK1"
0.00135542739074706,0.145649019204038,0.341731357511377,0.511264195893838,"COL11A1"
0.071078773520354,0.454212533492394,0.134955048140753,0.339753644846499,"SLC6A14"
0.154959535460696,0.4224464478955,0.193330317814298,0.229263698829506,"IAPP"
0.00111796613096411,0.488412001790317,0.130921356325472,0.379548675753247,"SLC4A4"
0.0187605175060776,0.268363457065696,0.228488069189033,0.484387956239193,"MMP11"
2.40175940860674e-05,0.158371731101761,0.455979483119549,0.385624768184604,"CLDN18"
0.00108293904099641,0.206286296202173,0.468341996331384,0.324288768425446,"RNA5-8SN3"
0.0625368830319572,0.39777908778468,0.169965125611049,0.369718903572314,"REG3G"
0.0001156594226103,0.440514679910843,0.269423539687337,0.28994612097921,"112268284"
0.0390732552881604,0.516604307517132,0.144155970788825,0.300166466405883,"GALNT5"
0.0402431421920123,0.00601190382857924,0.825273025184561,0.128471928794848,"TXLNGY"
0.145382461270109,0.0167601794983469,0.534117779973643,0.303739579257901,"DEFA5"
0.0505535675685,0.116993233596139,0.404989945148699,0.427463253686661,"LOC105372815"
0.156933047128834,0.279093751264556,0.174607315948066,0.389365885658544,"AGR2"
0.0635815646621947,0.545900605473138,0.10380270015904,0.286715129705627,"AQP12A"
0.065030658047091,0.203003657714651,0.348945887217596,0.383019797020662,"VSIG1"
0.0302031425521098,0.00152275634578371,0.914540365283141,0.0537337358189649,"MT-TA"
0.188698537942643,0.145639159678246,0.339303734029366,0.326358568349745,"TTR"
0.0223622167713765,0.416670018721952,0.152442840763212,0.40852492374346,"CFTR"
0.031420572201348,0.323547194298476,0.0760573755585903,0.568974857941585,"ANPEP"
0.230920184486046,0.346892363366232,0.259277297109079,0.162910155038643,"AKR1B10"
0.112925881468847,0.263426181867996,0.248385416836055,0.375262519827102,"PIGR"
0.000335253254918863,0.281996724698361,0.2255856911859,0.49208233086082,"INHBA"
0.000480349929110136,0.242056088898693,0.175150110426627,0.58231345074557,"MT1G"
0.00204830936896356,9.59081763806213e-05,0.912596590564669,0.085259191889987,"GKN1"
0.00120324809968754,0.42062362223805,0.306404957545542,0.27176817211672,"RNA28SN3"
0.0681903062612125,0.313413895263099,0.141090115649987,0.477305682825702,"MMP1"
0.0815541080171781,0.00908736147471672,0.591268405722681,0.318090124785424,"DEFA6"
0.0047266095177848,0.256755725981118,0.454328835508305,0.284188828992792,"DSG3"
0.000201535802373807,0.420977521481714,0.0965908500624002,0.482230092653512,"GSTA2"
0.00062483248858909,0.276384529050841,0.258148318700799,0.46484231975977,"CXCL5"
0.118104837162736,0.491914468158455,0.173849404661101,0.216131290017709,"SLC16A12"
0.000334944679778041,0.194258854837297,0.27747221435487,0.527933986128056,"FN1"
0.00161799688780184,0.239440899130728,0.391573865542774,0.367367238438696,"SLCO5A1"
0.00468561975552024,0.59671739045126,0.0955448726492258,0.303052117143994,"LAMC2"
0.0144174700148327,0.315927895220434,0.322534634142733,0.347120000622001,"LYZ"
0.000807064666351644,0.227130590949846,0.361360651845368,0.410701692538434,"COL1A1"
0.0599044281349934,0.450174457997312,0.111749493935963,0.378171619931732,"FXYD3"
0.0983760848471374,0.0320651217586672,0.466391544968349,0.403167248425846,"TFF3"
0.0386222851862243,0.519955779710831,0.210872516052849,0.230549419050096,"KCNJ16"
0.00136517378516944,0.483518938830851,0.319045087323516,0.196070800060464,"IGHG1"
0.133661994407431,0.21123532922827,0.371881225580733,0.283221450783565,"FER1L6"
0.011474163792005,0.0756045240954185,0.604392587994338,0.308528724118239,"MT-RNR2"
0.0572064118458718,0.239805774484603,0.220951644950792,0.482036168718733,"TCN1"
0.0486123427801743,0.370511723008908,0.378169777569729,0.202706156641189,"IGKC"
0.250017885676014,0.315349587906515,0.217676934928999,0.216955591488472,"INS-IGF2"
0.0793663167604155,0.130002932288562,0.287527560313663,0.50310319063736,"ANXA10"
0.0107229345711334,0.022410922176845,0.55657783443806,0.410288308813962,"MUC5B"
0.241090679607958,0.263751659500982,0.265594754974147,0.229562905916913,"MUC13"
0.0696837150539473,0.582878153282836,0.0961154081139186,0.251322723549298,"ANKRD62"
0.220578834809446,0.311059594109454,0.243803642910194,0.224557928170906,"CDHR2"
0.00351572217417812,0.408225253397049,0.0584749099501924,0.52978411447858,"SLC39A5"
0.675258313382493,0.0180084923222407,0.120599309520675,0.186133884774591,"APOB"
0.776545004663682,0.0295458215188753,0.0355650042663807,0.158344169551062,"APOA4"
0.0701956197841783,0.542495931861399,0.124454981856468,0.262853466497954,"MATN4"
0.0959781496545646,0.601029391196885,0.145363121724454,0.157629337424097,"ONECUT1"
0.0991309100537085,0.513440316021785,0.0880819735015514,0.299346800422955,"SLC1A2"
0.0483908201260949,0.558020601507996,0.112111397412485,0.281477180953424,"TSPAN1"
0.000363723427933743,0.4189165592311,0.410780428107869,0.169939289233097,"IGHG2"
0.0656288806718276,0.385124585243431,0.21668230060797,0.332564233476772,"REG1CP"
0.0360911159199574,0.611191972145694,0.12376904736229,0.228947864572058,"LAMB3"
0.00449760935299391,0.449924259344426,0.117926369047382,0.427651762255198,"F11"
0.0984623064474116,0.492219410902573,0.0931892820140098,0.316129000636006,"TMED11P"
0.7665735890629,0.0272640000947012,0.0712309241108329,0.134931486731566,"TMPRSS15"
0.205934360408432,0.406408565197565,0.152162177472277,0.235494896921727,"AOC1"
0.0700956437527959,0.120885513416072,0.530852029117821,0.278166813713311,"PLIN4"
0.111088821147474,0.440210814864537,0.133509826587934,0.315190537400055,"PM20D1"
0.447293786231404,0.00257174811585357,0.239007759304313,0.31112670634843,"PCK1"
0.0512621151357389,0.233905015353704,0.267226772677594,0.447606096832963,"ELAPOR1"
0.0721547335399018,0.049811472747132,0.606487565271451,0.271546228441515,"ADIPOQ"
0.0557454634129506,0.234495446922155,0.313820345071534,0.395938744593361,"CAPN8"
0.245029192171024,0.316802074411274,0.213237437154678,0.224931296263024,"GCNT3"
0.000178993441143617,0.39642897853219,0.260769140614154,0.342622887412512,"PDK4"
0.123256727130106,0.527471435166572,0.128726700763313,0.220545136940009,"AOX1"
0.0285239187015125,0.397458519613229,0.157315494627616,0.416702067057642,"TRHDE"
0.0363777587394182,0.239330466566943,0.423149742778581,0.301142031915058,"KRT6A"
0.00107256571177558,0.342663818787789,0.388304582931696,0.26795903256874,"RNA45SN1"
0.0642073280023616,0.467278450875582,0.176643719055001,0.291870502067056,"GNMT"
0.0146737407627053,0.375895745083571,0.108800073624294,0.50063044052943,"DPEP1"
0.00390123403043511,2.56193209344092e-11,0.883446571668025,0.112652194275921,"SNORA68"
0.301364451391874,0.151621621426914,0.257083990542006,0.289929936639205,"TM4SF20"
0.0260849645744001,0.235097736570068,0.286540154618553,0.452277144236978,"GABRP"
0.00134171142037623,0.183891310954942,0.375218346751391,0.439548630873291,"COL3A1"
0.00932702873111324,0.507512402650823,0.283144994796612,0.200015573821451,"CLPSL1"
0.10742546185457,0.172711382335009,0.34474230733743,0.375120848472991,"TSPAN8"
0.205723734613772,0.325254327351172,0.23191202659203,0.237109911443026,"TMC5"
0.000436077910202712,0.422814387424501,0.286595327954551,0.290154206710745,"RNA45SN5"
0.00104291753141264,0.410954914462908,0.275236983787848,0.312765184217831,"RNA28SN2"
0.196546047077844,0.140206782639184,0.315512306487306,0.347734863795667,"LGALS4"
0.0264288067603346,0.133725818742826,0.422830229709087,0.417015144787752,"CHGB"
0.0128180231130228,0.452617774823336,0.145184077068485,0.389380124995156,"NR5A2"
0.0730025225732807,0.601413704375385,0.142630603871365,0.182953169179969,"SFN"
0.100802699056963,0.579288458596294,0.0761745612932025,0.24373428105354,"LOC105375587"
0.00460423807687681,0.149039351977701,0.390451896751452,0.45590451319397,"COL8A1"
0.197596359411967,0.405254543946327,0.173306272029935,0.223842824611771,"SULT1B1"
0.0223000271482428,0.0718978603267844,0.502610967299669,0.403191145225304,"GREM1"
0.0621387624237746,0.00138085286299907,0.82985537918609,0.106625005527136,"ZFY"
0.0161470464845902,0.33662035996483,0.363958640123166,0.283273953427414,"ZBTB16"
0.0675874664024166,0.536308026613978,0.0924629893926599,0.303641517590945,"PAIP2B"
0.0882120353970248,0.240644277951186,0.359713905117005,0.311429781534784,"JCHAIN"
0.00635430268044154,0.0312834089998321,0.629714674808923,0.332647613510803,"PLA2G2A"
0.0874044304773862,0.0327075411095961,0.409613610990542,0.470274417422476,"MMP7"
0.000891355942994779,0.475416766597003,0.221348045727816,0.302343831732186,"RNA28SN5"
0.0423280534453135,0.382493472847407,0.148679876105867,0.426498597601413,"SDR16C5"
0.12589211386369,0.153546536247411,0.453132107934845,0.267429241954054,"IGHA1"
0.000562695303091487,0.234740687828283,0.23073065781508,0.533965959053546,"SULF1"
0.000794640402324875,0.179586960579006,0.500600899156145,0.319017499862524,"RNA5-8SN1"
0.00356432609276596,0.386288565110079,0.258285535900539,0.351861572896616,"WNK2"
0.0217971857118649,0.147616105144717,0.341696798747982,0.488889910395436,"THBS2"
0.068730376679972,0.41835647587739,0.188442586323389,0.324470561119249,"MSLN"
0.0734669381868919,0.401213461335637,0.211518216911349,0.313801383566122,"C6"
0.000423038682397226,0.398767832893364,0.111816991288649,0.488992137135589,"SLPI"
0.0789239291642531,0.544829359984865,0.113716993182681,0.262529717668201,"LOC105373359"
0.200933197131272,0.494537167266044,0.116988895485986,0.187540740116697,"PAK3"
4.86194377429243e-06,0.403765623913996,0.279712740959608,0.316516773182621,"RNA45SN3"
0.128908859981359,0.563442321706176,0.157312938483691,0.150335879828774,"PLAC8"
0.000704684592464903,0.460629443418074,0.252022290951405,0.286643581038056,"PSCA"
0.00681185896335135,0.570378651031411,0.123083734824941,0.299725755180296,"SLC30A2"
0.0070701060733888,0.440435902730315,0.255523421368231,0.296970569828065,"LCN2"
0.0720549049324353,0.506244508268164,0.127556141022746,0.294144445776655,"LOC105376767"
0.0396601197157318,0.0651624757835295,0.605899479968484,0.289277924532255,"FABP4"
0.087252502312033,0.543672341196806,0.192579050398245,0.176496106092916,"KIF1A"
1.73525770860127e-05,0.459112959213555,0.230441494304271,0.310428193905088,"RNA28SN4"
0.00257297275170801,0.481821304637637,0.250801918984149,0.264803803626506,"RNA28SN1"
0.166792810258433,0.11616250967541,0.458857945194419,0.258186734871739,"IGHA2"
0.196897827195665,0.349241531861662,0.248428005793949,0.205432635148724,"EPS8L3"
0.0586344534319441,0.454751756185591,0.124174424906968,0.362439365475497,"SPX"
0.00288823662864177,0.489382639159889,0.342515218205655,0.165213906005814,"IGHG3"
0.00345487225954648,0.377250000464423,0.316964489847386,0.302330637428644,"IGHG4"
0.102387901566783,0.246668004337419,0.313548170774238,0.33739592332156,"C7"
0.0313644801436132,0.0435102400194451,0.605909340940695,0.319215938896246,"PLIN1"
6.13413674663347e-05,0.145871236528421,0.498015673916934,0.356051748187179,"CHGA"
0.0201010048551363,0.0705169412442007,0.483444945400794,0.425937108499869,"COMP"
0.0101475524279789,0.28961220410112,0.345065061512813,0.355175181958088,"LINC00261"
0.081358721703818,0.536590347268578,0.1066912282161,0.275359702811504,"PTF1A"
0.474628157934081,0.216644069433447,0.121495698578329,0.187232074054144,"MYO1A"
0.0119983414684173,0.208320558992336,0.353673414032554,0.426007685506693,"VCAN"
0.00126315872061366,0.195248535287634,0.322087634118852,0.481400671872901,"COL1A2"
0.0572247128530244,0.409873375872596,0.302770771852719,0.230131139421661,"BCAS1"
0.0407962313467998,0.524343025519151,0.0986359903497804,0.336224752784269,"BHLHA15"
0.00141491684637995,0.239865305589289,0.170618778285737,0.588100999278594,"CTHRC1"
0.0684331892700491,0.382368857779525,0.224003341159193,0.325194611791232,"S100A6"
0.0569991906143367,0.311170267590286,0.177485201679114,0.454345340116264,"DHRS9"
0.0156036945340178,0.0136898313097096,0.480277753906409,0.490428720249864,"SFRP2"
0.11180318789314,0.00114088016314068,0.815099478163736,0.071956453779983,"SNORA54"
0.0042996515449325,0.297380503405424,0.24670971882873,0.451610126220914,"MATN3"
0.0010971382558676,0.431192724626935,0.192500002838158,0.375210134279039,"SLC2A1"
0.0251177821351528,0.276717644029324,0.14970327445167,0.548461299383852,"SCEL"
1.83982032955042e-05,0.447993437857181,0.235214395187267,0.316773768752256,"RNA45SN4"
0.0233756797955365,0.309075904118033,0.332543506387187,0.335004909699243,"ANXA8"
0.0874712763953665,0.395116657240554,0.167277039590539,0.35013502677354,"GPT2"
0.00026361657451737,0.388318419438098,0.205446606402518,0.405971357584867,"CDH3"
0.077672057621672,0.498065487680229,0.151278782544038,0.272983672154062,"LOC105379749"
0.273826879266304,0.204296941361109,0.30152747603785,0.220348703334737,"CYP2C18"
0.0572900077701169,0.409563797963302,0.290852175191342,0.242294019075239,"GPRC5A"
0.0310552351782815,0.00504474691679611,0.656157357029794,0.307742660875128,"SAA1"
0.131402644141589,0.461576088905585,0.13224573591063,0.274775531042196,"HOMER2"
0.0347663501325371,0.420136512040317,0.254065317574364,0.291031820252782,"GJB2"
0.170602670477901,0.161054938552706,0.338253335617142,0.330089055352252,"SLC30A8"
0.0562180962750767,0.495807409200504,0.192150304296352,0.255824190228067,"AMBP"
0.0826684194583786,0.504271275387756,0.113829218426194,0.299231086727672,"MIR217HG"
0.109816499760491,0.353718566798882,0.0955488388865281,0.440916094554099,"ADGRF1"
0.0502997330269325,0.336978576603127,0.434267283080663,0.178454407289277,"IGLC2"
0.29945012343249,0.135082884598708,0.302243298584584,0.263223693384218,"MUC3A"
0.0254681210129635,0.223905915802717,0.3177796984096,0.432846264774719,"CXCL8"
0.110887321448695,0.5819202961496,0.0887236637955848,0.218468718606119,"KRT19"
0.18106894473609,0.371564434627524,0.166902887770962,0.280463732865423,"H1-5"
0.255170443504305,0.000184406016851413,0.292892113374319,0.451753037104525,"MEP1A"
0.00227623011533682,0.442890631403789,0.238923614331914,0.31590952414896,"RNA45SN2"
0.0154660594246816,0.020639461516866,0.393936664821485,0.569957814236968,"SPP1"
0.480079779690111,0.0997707884713493,0.181439558529456,0.238709873309083,"KRT20"
0.0660675539192464,0.542981139309183,0.206723843215181,0.18422746355639,"UGT1A10"
0.0327023080963897,0.4693503109043,0.237868134195448,0.260079246803862,"CSMD3"
0.0960230847941262,0.000125778119982,0.506178003191065,0.397673133894827,"FCGBP"
0.540422385158337,0.00681932365592234,0.160138300255301,0.292619990930439,"ALDOB"
0.0449925683811141,0.157447372086126,0.244336962673106,0.553223096859654,"UGT2A3"
0.0658791098767881,0.290544277373065,0.0981315188723551,0.545445093877792,"DKK1"
0.0803893740955433,0.403884539156294,0.157430770819261,0.358295315928902,"ERN2"
0.111572742047877,0.000572349960635976,0.389541199094807,0.49831370889668,"HMGCS2"
0.000776738946129335,0.000736140072810523,0.867931768102511,0.130555352878549,"SNORD3A"
0.0338670234907116,0.347075669146833,0.270390372127671,0.348666935234784,"ANXA8L1"
0.00846425433149603,0.263320133947115,0.383995062759373,0.344220548962016,"KLK7"
0.181201190044242,0.418382995822567,0.209549720081385,0.190866094051807,"NTRK2"
0.126507828340925,0.47698389065265,0.131646622163583,0.264861658842842,"C19orf33"
0.00278919464625764,0.048241123498666,0.677269415741513,0.271700266113564,"MYH11"
0.0763544609726118,0.531377983907649,0.0980517886654457,0.294215766454293,"BRSK2"
0.0660231137496885,0.446983349498384,0.198959276316685,0.288034260435243,"NQO1"
0.0029292928238108,0.0857881189551641,0.400130502363171,0.511152085857854,"DSC3"
0.0923950074462427,0.418784323965718,0.244606976545336,0.244213692042704,"ST6GALNAC1"
0.00895333841155773,0.314529832680869,0.306758865965286,0.369757962942287,"PADI1"
0.0525969963395006,0.145575842328912,0.411289718054611,0.390537443276976,"ADH1B"
0.00133698379014959,0.234047813613185,0.385817727604508,0.378797474992158,"RNA5-8SN2"
0.214183218801821,0.107365832175504,0.310946369883827,0.367504579138849,"FAM3D"
0.0238276438919531,0.421845526705385,0.220807659860606,0.333519169542056,"MMP12"
0.00882137517386788,0.00955452477930648,0.790692554208342,0.190931545838484,"GKN2"
0.371975880081262,0.0899598385571934,0.254854305451158,0.283209975910387,"SLC5A1"
0.000343289302249792,0.404783447771472,0.188070285687276,0.406802977239002,"AHNAK2"
0.0621109249230672,0.505936230750399,0.105776392789012,0.326176451537523,"TPST2"
0.00103348380791291,0.226376555255331,0.312557992391299,0.460031968545457,"S100A2"
0.0601244936630714,0.162690403261939,0.21058694822789,0.5665981548471,"GSTA1"
0.087542637106761,0.512495534041478,0.0856146670092919,0.31434716184247,"CBS"
0.312601162255731,0.392564960783927,0.0790345980269658,0.215799278933376,"MISP"
0.00361641425293131,0.00946617788581917,0.694014648655054,0.292902759206196,"SNORA80B"
0.180520587641204,0.433663844884507,0.233714460443134,0.152101107031155,"FXYD2"
0.0231545719829546,0.42526409413342,0.212879964572935,0.33870136931069,"LINC02532"
0.0477570087748509,0.445421710366379,0.115928972789975,0.390892308068795,"ITGB6"
0.0427551801294024,0.000133744857663327,0.840102337888076,0.117008737124858,"MT-TN"
0.210731824500451,0.278664751637688,0.205927741084318,0.304675682777542,"SLC44A4"
0.0822512993111739,0.507232877466664,0.123873366169233,0.286642457052928,"C2CD4B"
0.0546201247206022,0.0882784333809692,0.495792371231579,0.36130907066685,"CRISP3"
0.482905711481249,0.115814202200544,0.156840541695917,0.24443954462229,"FABP2"
0.109033733539597,0.536449775022795,0.14602198080637,0.208494510631237,"DCDC2"
0.0770555187585384,0.448101457740033,0.219851315328214,0.254991708173214,"PEX5L"
0.753060336807497,0.0207432575754535,0.0573241135852821,0.168872292031767,"SLC26A3"
0.0214153175766451,0.386304272788298,0.415058403783476,0.177222005851581,"IGLC3"
0.000111798342341774,0.411824073102381,0.265844870710008,0.322219257845269,"KRT16"
0.293685014093907,0.425529577150944,0.070587092236896,0.210198316518254,"TRIM31"
0.050842413035732,0.0623322326583919,0.42283190080855,0.463993453497326,"TNC"
0.0514705852796921,0.525365638089843,0.0881512108727565,0.335012565757708,"P2RX1"
0.0254081772834837,0.126144196073129,0.639825018480548,0.208622608162839,"112268313"
0.055920816740686,0.307202700890202,0.282125231967081,0.354751250402032,"SCTR"
0.0237548486648208,0.417195428098841,0.368876944196925,0.190172779039413,"IGKV3-20"
0.097449099511876,0.594532031479623,0.112825760425607,0.195193108582894,"CTNND2"
0.125555310683854,0.502892619581495,0.0916201573287726,0.279931912405878,"NPHS1"
0.157449793832737,0.377787368473451,0.178710165917171,0.286052671776641,"HPN"
0.0795433933558953,0.041195752538071,0.518714584148146,0.360546269957888,"C6orf58"
0.0323447060449033,0.447099166591724,0.0991073440712942,0.421448783292079,"TEX11"
0.34947572712493,0.0123566691391755,0.390429710759811,0.247737892976083,"TM4SF4"
0.000143771592386839,0.262678453053003,0.316885341210045,0.420292434144565,"LY6D"
0.0677585038849632,0.401544622239223,0.161747448611424,0.368949425264391,"GPHA2"
0.353508308527346,0.128491168951766,0.318867224291543,0.199133298229345,"CYP2C19"
0.305815869902571,0.103488179411831,0.286559682075573,0.304136268610025,"MYO7B"
0.111267323095709,0.352069147508019,0.340491265930208,0.196172263466063,"LOC389602"
0.664963535242145,0.0163095616593371,0.112545302338479,0.206181600760039,"MTTP"
0.326662169764396,0.117516059065877,0.244424020485021,0.311397750684706,"MME"
0.00898358272743583,0.0276511100399076,0.728412025438284,0.234953281794373,"MYBPC1"
0.175413249669368,0.330673921809659,0.177948721042297,0.315964107478676,"SERPINA5"
0.00270744057433364,0.355033420705956,0.258266657151884,0.383992481567826,"MUC4"
0.0269884098567686,0.457898073739034,0.169345459340118,0.34576805706408,"SFRP5"
0.17852568554206,0.470343950885992,0.207828281422003,0.143302082149945,"NRCAM"
0.0958544226861484,0.366558800699829,0.158649355402909,0.378937421211113,"ANLN"
0.106121371682772,0.00725361099059532,0.607316771050794,0.279308246275839,"DES"
7.45389385164007e-05,0.589138175082342,0.23839423718575,0.172393048793392,"DPP10"
0.0730793193541814,0.515234536217245,0.0893876929840749,0.322298451444499,"LOC102724560"
0.165431341667974,0.523926154644242,0.0848954645462282,0.225747039141555,"CORO2A"
0.0379715320905757,0.433858372536451,0.300623837807969,0.227546257565004,"TRIM29"
0.470048901931243,0.0905205134100041,0.188819744883367,0.250610839775385,"FABP1"
0.061091440045972,0.0377251784858168,0.513393652383739,0.387789729084472,"SFRP4"
0.0579590602950549,0.0505806347745505,0.575479207853109,0.315981097077285,"ADIPOQ-AS1"
0.00516344509174445,0.16964746794254,0.400626247690552,0.424562839275163,"SST"
0.00415398905569102,0.00323822744514019,0.785130751681129,0.20747703181804,"SNORA71D"
0.0587803434303137,0.0440371273183287,0.487900862855531,0.409281666395826,"KRT5"
0.119598179459051,0.284150264172923,0.173176710492187,0.423074845875839,"IGFBP2"
0.069899990529651,0.468692480219226,0.122044619454923,0.3393629097962,"WTAPP1"
0.0447511865336122,0.0306940995325021,0.424646546865635,0.499908167068251,"UGT2B15"
0.763559408586496,0.0253963210036455,0.0563262003075147,0.154718070102343,"LCT"
0.122629700963746,0.366499362255342,0.207081112962886,0.303789823818025,"TOP2A"
0.0992457062602271,0.338825899903429,0.252535749197963,0.309392644638381,"CD55"
0.0149956796233426,0.499966369783973,0.190089836106097,0.294948114486588,"TNS4"
0.00959407428055118,0.20903821886103,0.366598910970506,0.414768795887913,"TGM2"
0.00426747453763554,0.309259407579806,0.181585634322435,0.504887483560124,"TRPV6"
0.232634933808093,0.31561904193646,0.183222455613187,0.268523568642261,"TMEM45B"
0.124274893867995,0.508418344467734,0.0761481742510213,0.291158587413249,"KIRREL2"
0.00595504586966817,0.481435475224826,0.185270302807401,0.327339176098105,"MMP13"
0.107692518028649,0.536541687516203,0.171669642219636,0.184096152235511,"LOC101928535"
0.698417485836112,0.000287732404391763,0.0492743988472083,0.252020382912288,"CYP3A4"
0.000281972433274608,0.16363757735613,0.317055255747269,0.519025194463327,"LOC105373791"
0.0837371860212255,0.53873543256363,0.170769354266377,0.206758027148768,"KLF15"
0.094637111775315,0.644012269329402,0.0666931556928803,0.194657463202402,"ACADL"
0.0886786077304452,0.008857437886161,0.793982092360616,0.108481862022778,"EIF1AY"
0.00336836298963381,0.331311354496911,0.265396600677328,0.399923681836127,"PCDH7"
0.152409987546905,0.346056785350841,0.249630663007258,0.251902564094995,"IGHM"
0.0619983457291149,0.564691266731258,0.173841704859956,0.199468682679671,"LOC105377862"
0.00908621401978206,0.304683985934355,0.427996500285749,0.258233299760114,"FAM177B"
0.0132648804567248,0.00254573419578506,0.858029624370446,0.126159760977044,"TTTY15"
0.00113858304331581,0.503434017765978,0.283891604219219,0.211535794971488,"IGHGP"
0.102461993221033,0.373815718120103,0.181209418945789,0.342512869713075,"EGLN3"
0.00169608495277735,0.176598725263229,0.336503335421376,0.485201854362618,"FNDC1"
0.00123349007252485,0.222072116082782,0.356512221934315,0.420182171910378,"COL5A1"
0.0105815928625543,0.472746173577264,0.240032780409985,0.276639453150196,"GPX2"
0.0667505910902208,0.56110833890181,0.105054806553802,0.267086263454168,"GUCA1C"
0.0112136779655826,0.187779946034164,0.378464109967432,0.422542266032822,"OLR1"
0.00354859284619936,0.414582625026739,0.196776036476906,0.385092745650156,"SLC17A4"
0.057165093126931,0.010432239250977,0.411555125697208,0.520847541924884,"CRP"
0.01138275563339,0.337044926770002,0.273553584382729,0.378018733213879,"VSIG2"
0.250294549901783,0.361796179307175,0.155747493101967,0.232161777689075,"XDH"
0.15277456530712,0.100722509398892,0.503235854101862,0.243267071192126,"SULT1C2"
0.11191377473191,0.287996773821331,0.245342391549418,0.354747059897341,"BTG2"
0.0016720489889756,0.193019079193521,0.233481229833834,0.57182764198367,"PI15"
0.460316920064698,0.0029195219579605,0.394781289638077,0.141982268339265,"RNY3"
0.310987623996806,0.0162527623411002,0.405110371426568,0.267649242235526,"LOC100507412"
0.133506245889831,0.562943993603325,0.153600047051854,0.14994971345499,"LOC105370733"
0.0484246436311998,0.000476409052382582,0.444146702495347,0.506952244821071,"GPD1"
0.00612774844731827,0.303305728682544,0.208258748621302,0.482307774248836,"IGFBP3"
0.133712500999074,0.409233054969147,0.206168981272754,0.250885462759025,"S100A14"
0.0562367874337766,0.478771452310987,0.157789792287254,0.307201967967982,"LOC107986855"
0.000500058655370363,0.206438414985406,0.323582050804374,0.469479475554849,"COL5A2"
0.0200911613818358,0.273658861299763,0.425687479529939,0.280562497788463,"IGHV3-7"
0.226113317086918,0.362592830404574,0.269857775160438,0.141436077348071,"HPGD"
0.0287455757263928,0.321419865914732,0.48074008118918,0.169094477169695,"IGKV1-5"
0.0564560485832403,0.467637638799766,0.111166837065611,0.364739475551383,"SLC43A1"
0.000399172826791776,0.0948555182553366,0.51001031131646,0.394734997601412,"ACTA2"
0.0347175276436964,0.0364695034933248,0.622320897450229,0.30649207141275,"LEP"
0.196963210101473,0.317941964680744,0.184156321918099,0.300938503299684,"H2AC14"
0.149381546154808,0.274138577913484,0.26968296981724,0.306796906114467,"IGFN1"
0.161244426320103,0.000833267899624817,0.39906683718417,0.438855468596103,"CIDEC"
0.025401083396679,0.118228758779379,0.338841048035197,0.517529109788745,"CST1"
0.00575533116366532,0.031841676303874,0.515179073829103,0.447223918703358,"LOC107984701"
0.0543601732723148,0.328338577167029,0.235754340201882,0.381546909358775,"CCKBR"
0.139620054114252,0.250998938148775,0.157976141873566,0.451404865863407,"LINC01559"
0.0469448251648542,0.297045323741058,0.156926572849488,0.4990832782446,"FAM3B"
0.00578113315509207,0.217023823688095,0.358291312792138,0.418903730364674,"RNA5-8SN5"
0.0888858801298096,0.329125612615505,0.364843065794778,0.217145441459907,"IGKV3-11"
0.136815803029741,0.512856636608351,0.107010927286962,0.243316633074945,"B3GNT3"
0.059116594191883,0.261593775715975,0.447092877158306,0.232196752933837,"DPT"
0.027553830155405,0.407754359719128,0.161587428970811,0.403104381154657,"TMED6"
0.0800047490069386,0.385122917959809,0.144803843100829,0.390068489932423,"RNASE1"
0.000405468477768712,0.210956559354161,0.226911377512315,0.561726594655755,"ADAMTS12"
0.0158061316424957,0.018383154388288,0.786889776543757,0.178920937425459,"SNORA80A"
0.0639245058747176,0.566089036188252,0.0767819817735113,0.293204476163519,"LOC105374197"
0.459819563354608,0.108719465125512,0.264748914155764,0.166712057364116,"ADGRG7"
0.0582124335002052,0.566547514432001,0.162940580932876,0.212299471134919,"107985902"
0.138760453870298,0.455202088190435,0.250326181221694,0.155711276717573,"ADGRV1"
0.0171266238896563,0.0385878790570396,0.664192454969668,0.280093042083636,"FOSB"
0.0392008276927941,0.384036235510172,0.187886288093027,0.388876648704007,"ERO1B"
0.000992147596237632,0.000287148987870025,0.865943075525018,0.132777627890875,"SNORA64"
0.408248876363168,0.142291052463905,0.285923598981724,0.163536472191203,"CYP2C9"
0.0674508545675564,0.12822490273313,0.396039008596741,0.408285234102573,"DUOXA2"
0.126045532784887,0.20670146959198,0.3241999370469,0.343053060576232,"CA9"
0.241057368953675,0.3817446740273,0.142840908526614,0.234357048492411,"FLRT2"
6.05104216238384e-05,0.475453292350373,0.194064433620764,0.330421763607239,"LOC100132154"
0.0900340496647863,0.192783286014204,0.470810638759808,0.246372025561201,"SIM1"
0.013709840661876,0.316237219751116,0.250123836708515,0.419929102878493,"IL22RA1"
0.0268428514548062,0.159969363278093,0.0652739290119662,0.747913856255134,"MT1H"
0.391671891395994,0.0751498567917679,0.197161355723343,0.336016896088896,"PHGR1"
0.042899583389513,0.515893020826405,0.193582017056223,0.247625378727859,"PWWP3B"
0.117836897807258,0.241250727779893,0.370994831220096,0.269917543192753,"AGR3"
0.0550722453112239,0.568119457984173,0.0858230319313966,0.290985264773207,"PLIN5"
0.322839723224717,0.00451195752331498,0.541464830980539,0.131183488271429,"RNY1"
0.0952248129156987,0.216690681166045,0.249540900494437,0.438543605423819,"COXFA4L3"
0.0059775726186682,0.00168866360944186,0.823835480611357,0.168498283160533,"SNORA3A"
0.0633141809504959,0.331626829649045,0.186541417518465,0.418517571881994,"LOC112268252"
0.0737443707955066,0.122751006892806,0.285156729464084,0.518347892847603,"CP"
0.0532665260963147,0.339715069079655,0.366526209776639,0.240492195047391,"KRT23"
0.0462994801761461,0.322127146887705,0.180255824405129,0.45131754853102,"AZGP1"
0.102632298382115,0.413067950039235,0.191976913053432,0.292322838525218,"BCAT1"
0.0173182879197683,0.0576490223604433,0.400489643374509,0.524543046345279,"UBD"
0.0135230690998051,0.0594053331937153,0.711563325803566,0.215508271902914,"SNORA50C"
0.0272965565751302,0.568753150586818,0.162795370623638,0.241154922214414,"BNIP3"
0.110322611801395,0.476148535327398,0.124494925772976,0.289033927098231,"LOC105375087"
0.261258062911596,0.251912274208403,0.235342676768054,0.251486986111948,"IYD"
0.44461441340233,0.0595593695491291,0.183123054285755,0.312703162762786,"SLC6A19"
0.0743491479694335,0.441076741589879,0.167052211240856,0.317521899199832,"GRPR"
0.00601512604650567,0.238451947356163,0.424503659465501,0.331029267131831,"MIR3606"
0.331322797186271,0.109688054809232,0.31974983545096,0.239239312553537,"PRAP1"
0.181515795573421,0.10674069644694,0.42333133987078,0.288412168108859,"BNIP5"
0.155896147552138,0.211741428974961,0.408127276428285,0.224235147044615,"LRRC31"
0.00695317662914017,0.169970680058875,0.240654052947514,0.582422090364471,"COL12A1"
0.0538806115477483,0.500733478888818,0.153516290915022,0.291869618648412,"ITGA2"
0.0734741967671351,0.49651675663638,0.281145420775366,0.148863625821119,"SLC9A2"
0.163189379477897,0.452724658012371,0.243274045883783,0.140811916625949,"FXYD6-FXYD2"
0.374703683607353,0.243536991760915,0.129221193080658,0.252538131551073,"GPA33"
0.0449016798788839,0.51341767272217,0.143566179758611,0.298114467640335,"SLC38A3"
0.0568704954699531,0.423681603354768,0.127129709461557,0.392318191713722,"GYS2"
0.171132817978742,0.29253887179057,0.236967989912705,0.299360320317982,"CXCL12"
0.0239853963105892,0.335472098993845,0.162968489016607,0.477574015678959,"ATP4A"
0.000389694473173822,0.242082866120243,0.273485012576689,0.484042426829894,"CCN4"
0.000882543578688935,0.16697691097074,0.290387393419621,0.54175315203095,"FUT9"
0.0136877609695111,0.0904145085398081,0.748026504671108,0.147871225819573,"RPS29"
0.0934787080185409,0.526235298903463,0.155541155290974,0.224744837787022,"BACE1"
0.0304807624035795,0.409250879795697,0.327481901570243,0.23278645623048,"IGKV1-9"
0.130745583277771,0.0693376574142417,0.460790338464418,0.339126420843569,"MGAM2"
0.109564128662217,0.441107492816984,0.198641720896923,0.250686657623877,"MKI67"
0.0306129217448684,0.540901825011254,0.149956341926288,0.27852891131759,"IFI27"
0.268878743317241,0.143324237119572,0.307939258222034,0.279857761341153,"SMIM24"
0.109201290645408,0.407278473593482,0.33362952230495,0.14989071345616,"CCL20"
0.00445309440389152,0.261139191258844,0.234319702064262,0.500088012273002,"CDH11"
0.0110203662358376,0.411941013239736,0.0978924217809911,0.479146198743435,"PSAT1"
0.0734952185429476,0.0662822991065813,0.421375325966943,0.438847156383528,"HCG21"
0.0662959956377218,0.324698506854829,0.220679914464868,0.388325583042581,"F8"
0.0651816639147707,0.506305717566555,0.0820720658296203,0.346440552689054,"LINC00671"
0.0477334123885461,0.204245470420653,0.3495040389269,0.398517078263901,"EREG"
0.0750654686909397,0.041109358825575,0.646309412067034,0.237515760416452,"CDR1"
0.128423011182612,0.364917791463726,0.199177557509025,0.307481639844637,"CCDC141"
0.00691865675818261,0.00709765452780215,0.830624360626721,0.155359328087294,"SNORA57"
0.0391107251465883,0.00902816225023743,0.526690775513352,0.425170337089822,"UGT2B7"
2.22185165849886e-06,0.010457872558735,0.912381261576924,0.0771586440126828,"SNORD10"
0.00375690086487258,0.216900685364189,0.365106595362305,0.414235818408634,"SERPINB3"
0.106640967287906,0.040044787138185,0.567772133881892,0.285542111692018,"ONECUT2"
0.0841647207240439,0.214503819536694,0.415295145197697,0.286036314541565,"AREG"
0.108563527289824,0.327224382539744,0.140957749500435,0.423254340669997,"CHRM3"
0.102698899442007,0.446043895778895,0.262283851689984,0.188973353089114,"IGKJ4"
0.0136764508472585,0.270032573607565,0.555644535059786,0.160646440485391,"IGLV2-23"
0.0539686337884432,0.51721898772612,0.0917923644542645,0.337020014031172,"TMEM52"
0.0526957592318144,0.0143569222170191,0.822416423058326,0.11053089549284,"PRKY"
0.0466994981997792,0.000353486927244533,0.823801597613321,0.129145417259656,"MT-TC"
0.0593367322267259,0.432882850996697,0.185568933128885,0.322211483647693,"LOC105369165"
0.00244001104559035,0.000907437580986605,0.864703505298838,0.131949046074585,"SNORA63"
0.107522190294001,0.466192262919198,0.168895871890932,0.257389674895869,"KCNK3"
0.0499380435464697,0.46619045148205,0.136132673574165,0.347738831397314,"TDH"
0.0185525497517207,0.391505903897135,0.168978032521143,0.420963513830001,"SLC16A10"
0.131130609483184,0.448470692148027,0.1453720555375,0.27502664283129,"MAT1A"
0.00113163934027811,0.134192922208185,0.357460346164809,0.507215092286728,"ADAM12"
0.0628049249234889,0.345926647102016,0.326739666267408,0.264528761707087,"IGKV4-1"
0.0272779223701511,0.000859909189283283,0.880340070480585,0.0915220979599802,"SNORA7B"
0.0451856685868621,0.481587950696597,0.240853508759255,0.232372871957286,"LAMA3"
0.0804545121795918,0.524146201318318,0.165063975133441,0.23033531136865,"ADAM7"
0.00585419878714181,0.48178941892654,0.208414369075536,0.303942013210783,"FAM83A"
0.009861729706756,0.147886003205227,0.340744468148723,0.501507798939294,"SPARC"
0.0485678751812589,0.519389033457254,0.110749930678107,0.32129316068338,"TMEM97"
0.0764829655265391,0.169598391154766,0.472597693120583,0.281320950198112,"LTF"
0.0695588905173838,0.417335169544623,0.10219275941839,0.410913180519604,"MMP28"
0.0224973501663325,0.206896103708834,0.158454162816562,0.612152383308272,"FAP"
0.292887042408245,0.038954469161533,0.278833528941217,0.389324959489005,"CPS1"
0.0292831800743615,0.061823713713884,0.606218410424209,0.302674695787546,"ITLN1"
0.00290492741373803,0.425537725549279,0.179572982363184,0.391984364673798,"EPB41L4B"
0.052662656751809,0.355260050139946,0.445640758930012,0.146436534178233,"IGHV3-48"
0.330733480544581,0.0678970133120981,0.216881375654304,0.384488130489017,"SERPINA3"
0.193809589883369,0.37145370546773,0.173681252713637,0.261055451935263,"LINC01133"
0.194066083652397,0.302249371846726,0.177470996802109,0.326213547698768,"H2AC13"
0.000475287430060499,0.0260908042396586,0.652754350885866,0.320679557444415,"MT1M"
0.065531898625286,0.269498934994896,0.437328395482162,0.227640770897656,"IGLL5"
0.266684560441615,0.127702222676555,0.321764919336753,0.283848297545076,"CLRN3"
0.00132235058637644,0.0650725424632696,0.527446411946157,0.406158695004196,"ACTA2-AS1"
0.0423231339780481,0.458945177224525,0.118112782227077,0.38061890657035,"LOC285191"
0.301212801666237,0.193642466599974,0.196427438598749,0.30871729313504,"ANXA13"
0.697118011131474,0.0565145384550399,0.0345955006727071,0.211771949740779,"APOA1"
3.90802023701562e-06,0.178863817554977,0.293968871380606,0.527163403044179,"LINC01614"
0.0563396653264303,0.479130408656421,0.188003403283372,0.276526522733776,"LOC105370221"
0.139879070464723,0.441199329237834,0.150331046584574,0.268590553712869,"NUPR1"
0.0460756081606318,0.259595641727663,0.253738099878555,0.44059065023315,"SERPINA1"
0.191835455177473,0.445176228199793,0.166337132095894,0.196651184526841,"GPR35"
0.0230815530945427,0.451193164419339,0.187413377067132,0.338311905418987,"CNPY3-GNMT"
0.00250683968786027,0.193962232674565,0.288981230302175,0.5145496973354,"112268430"
0.0102990308456831,0.421940526965978,0.27790953396166,0.289850908226679,"SYBU"
0.0924594147163413,0.443367525693173,0.224487262524576,0.23968579706591,"ARMC3"
0.120618458565312,0.0324326429343903,0.491156248285884,0.355792650214413,"ACTG2"
0.0803483346936336,0.273844600497945,0.305915358932865,0.339891705875556,"SCGN"
0.16674848205231,0.0833599979857672,0.377899934139185,0.371991585822737,"SMIM31"
0.104029714793044,0.514794463307592,0.185279073395183,0.195896748504181,"LINC01152"
0.178916027524028,0.477214827819527,0.192337009453331,0.151532135203114,"CYP2S1"
0.0482591161901758,0.386025010054039,0.410504223565715,0.15521165019007,"IGHV3-23"
0.0815880936430873,0.443111859914051,0.137680069013866,0.337619977428995,"LINC01624"
0.158735351408619,0.429818001062163,0.167081507449751,0.244365140079466,"LOC105370928"
0.10680552681607,0.395487372177783,0.181965251444986,0.315741849561162,"CENPF"
0.165203389148947,0.260239821151872,0.254099323762217,0.320457465936963,"G6PC2"
0.00719583352770873,0.495013496374127,0.196757068433951,0.301033601664213,"ESRRG"
0.145707086184225,0.438004285414322,0.177210802217449,0.239077826184003,"MTMR11"
0.122640179805,0.450925432158204,0.188225832061282,0.238208555975514,"UGT1A6"
0.0528072014021127,0.0105389713827504,0.655367068790034,0.281286758425102,"MEDAG"
0.0263248333469929,0.096953482120275,0.440350777728466,0.436370906804266,"MT1X"
0.0865747309481328,0.354481977723439,0.228105698812453,0.330837592515975,"CDK1"
0.138314217042271,0.380155660498964,0.210636704525902,0.270893417932864,"TRHDE-AS1"
0.0124424566198921,0.297077261644244,0.266539881184799,0.423940400551065,"F5"
0.245081169844054,0.206951108916981,0.260741643550471,0.287226077688494,"VNN1"
0.00354913264260109,0.0113222478855574,0.654126600842688,0.331002018629154,"MT2A"
0.01827819922466,0.0604384749882063,0.488765050082526,0.432518275704607,"MFAP5"
0.000282269466957638,0.259077639732812,0.377784583684049,0.362855507116181,"GPR87"
0.0525409473902687,0.00359579814500336,0.766718427535712,0.177144826929016,"SNORD3C"
0.381088238603408,0.107033077666145,0.280174883644041,0.231703800086406,"APOBEC1"
0.0698312973187762,0.262445897158292,0.445465158640311,0.222257646882621,"IGLC1"
0.0765331064491672,0.522540499330886,0.141086870465334,0.259839523754612,"C18orf61"
0.0873818735657403,0.28236705388979,0.234085703944113,0.396165368600357,"SERPINA4"
0.0825871309043264,0.0374393650875847,0.229739272087859,0.650234231920229,"SERPINB2"
0.00600412747472236,0.175885502897292,0.387134440231639,0.430975929396347,"SCD"
0.00944289068267572,0.0664043373564358,0.706589498003838,0.21756327395705,"MT-ATP8"
0.0235955487584176,0.139975983450686,0.415631694225656,0.420796773565241,"KRT13"
0.010420612538284,0.311927409472403,0.3280830495964,0.349568928392912,"OLFML2B"
0.234835347916209,0.379169478034927,0.232050377577973,0.153944796470891,"MALL"
0.0179639588916844,0.00178151389141244,0.818732371113809,0.161522156103094,"SNORA52"
0.000995426566037722,0.111607199463891,0.271799867606158,0.615597506363913,"NTM"
0.0450775840085822,0.00157156764610038,0.78813998068514,0.165210867660177,"SNORD3B-2"
0.0550264470994811,0.328748603191749,0.461990657327755,0.154234292381015,"IGHV3-33"
0.0145417168150055,0.0139812051764847,0.818945826089388,0.152531251919121,"SNORA7A"
0.219222174618348,0.331761133244323,0.172585761227364,0.276430930909966,"HEPH"
0.033250041823369,0.380522937829087,0.200046236674305,0.386180783673239,"FREM1"
0.0428510813609484,0.233853989302905,0.408925322615471,0.314369606720676,"CAPN9"
0.00760657922421276,0.426191294026669,0.218067679979889,0.348134446769229,"KYNU"
0.00111025164399332,0.0635762420403345,0.451379750104033,0.483933756211639,"SLC7A11"
0.0788137115218485,0.352049561388212,0.348969181349225,0.220167545740714,"IGKJ1"
0.0571389970837378,0.1067538587784,0.296324422537398,0.539782721600464,"RARRES1"
0.0360298586869514,0.209488881380331,0.144683097153955,0.609798162778762,"LGALS2"
0.152329691764428,0.349165746015319,0.190597029762734,0.307907532457518,"CLDN10"
0.120761736463408,0.358374056519587,0.289958234459127,0.230905972557878,"LMO3"
0.208951096002925,0.434678647077886,0.0868310703812459,0.269539186537942,"SLC7A2"
0.265775766102459,0.0786469405656351,0.249604528244917,0.40597276508699,"CDHR5"
0.0336894331438013,0.234882255811479,0.244086590077182,0.487341720967538,"IGFBP5"
0.045321823816027,0.384502973698726,0.193569111541421,0.376606090943825,"ZG16B"
0.128420574939721,0.397645346198808,0.212220400020301,0.26171367884117,"ASPM"
0.101125944066706,1.47186904699434e-05,0.457858333498138,0.441001003744686,"CA2"
0.000426292655530488,0.18777052538209,0.39899117686568,0.4128120050967,"KIF26B"
0.050457530339398,0.422679368410688,0.238124179873076,0.288738921376838,"PROX1"
0.0890354514161277,0.270631205244855,0.391887615520406,0.248445727818612,"B3GNT6"
0.0885932252936741,0.306543314560634,0.403379660422725,0.201483799722966,"CRIP1"
0.327054641793169,0.445345551792662,0.125533424442932,0.102066381971236,"ACSL5"
0.00664738813455966,0.126911561703621,0.332703970195965,0.533737079965854,"APOC1"
0.0117845184192076,0.191799403947678,0.40318670341012,0.393229374222994,"AQP5"
0.211788639938902,0.241441142195043,0.0810549105465532,0.465715307319502,"MMP3"
0.173340504780608,0.334307808020668,0.138686267367619,0.353665419831105,"H3C3"
0.22419690936462,0.3967801005331,0.149865669048503,0.229157321053777,"UGT1A1"
0.0998551443631913,0.498543551619994,0.205611135536774,0.195990168480041,"MFSD2A"
0.000286756269745903,3.61482722851772e-05,0.452909385393224,0.546767710064745,"HEPACAM2"
0.688334761402278,0.0495174004982246,0.0287123371125076,0.23343550098699,"ALPI"
0.0355724972575505,0.653589569565651,0.127223402565279,0.18361453061152,"GAMT"
0.00446268517743023,0.00540724900924597,0.905928363483064,0.0842017023302597,"SNORA79B"
0.0165474606057787,0.556231717369138,0.270121773454146,0.157099048570938,"BEX1"
0.103700778632669,0.385804124750877,0.261340358667235,0.249154737949219,"IGKJ2"
0.0318333120712517,0.508950734016385,0.237598432864046,0.221617521048318,"OASL"
0.0126714301849751,0.157586501876228,0.338495617666661,0.491246450272135,"A1CF"
0.147239667396989,0.314917836178398,0.237149421565662,0.300693074858951,"RRM2"
0.00430904986596482,0.282746261155468,0.413877546425766,0.299067142552801,"CCL24"
0.0378808317190193,0.316326509612236,0.259215337680272,0.386577320988472,"COL7A1"
0.077809724538684,0.427559848228211,0.096507908480409,0.398122518752696,"HS3ST1"
0.0570773266511814,0.440535034653989,0.270574069300941,0.231813569393889,"LEFTY1"
0.168734299495404,0.000933992005970413,0.703831795337215,0.126499913161411,"RNU5B-1"
0.423181596759219,0.000549377231703548,0.24515381394155,0.331115212067528,"UGT2B17"
5.50124152359112e-05,0.416180364063311,0.234962216971393,0.34880240655006,"SEMA3C"
0.0679183618436654,0.0637759350265187,0.447127087347019,0.421178615782797,"BGN"
1.86903219846354e-05,0.23828774310469,0.374402350945131,0.387291215628194,"PLAU"
0.173615466629248,0.48306260142947,0.132897568302758,0.210424363638524,"RYR2"
0.034151558873757,0.232536305553141,0.31448918210484,0.418822953468262,"IGFL2"
0.176076513433036,0.334323877621034,0.198737262233512,0.290862346712418,"H3C2"
0.0214803124533436,0.175222346123703,0.444366449946822,0.358930891476132,"ABCA13"
0.00896824627947839,0.00411551461754117,0.827704068225826,0.159212170877155,"CSKMT"
0.058844057604266,0.548408768604451,0.156280255579964,0.236466918211319,"KCNJ5"
0.00372670150542484,0.240947190132835,0.207048340364008,0.548277767997732,"TGFBI"
0.0183519694486816,0.17127010599275,0.317283339386271,0.493094585172298,"TP63"
0.00019068712953521,0.145918795434679,0.355099725270162,0.498790792165624,"ANTXR1"
0.405907841204035,0.167804934389978,0.248102090643495,0.178185133762492,"GDA"
0.0751163373070271,0.319706198756385,0.265546087716391,0.339631376220197,"APOL1"
0.0864702164748673,0.302796975047076,0.17791860179426,0.432814206683796,"FOXL1"
0.0655788037112462,0.058074700850691,0.654950934414222,0.221395561023841,"PTGIS"
0.00403100566145912,0.0231943923838613,0.708732768999354,0.264041832955326,"FLNC"
0.0428773591104925,0.0300561638055134,0.673368009487817,0.253698467596177,"CHRDL1"
0.136437920581906,1.31517286659123e-08,0.581566071514311,0.281995994752054,"CCDC80"
0.0418173091497132,0.00855977723843957,0.612600128736111,0.337022784875736,"CILP"
0.569434132740162,0.0427150476161336,0.116968348978891,0.270882470664814,"SLC13A2"
0.00091857240193944,0.453804906009409,0.150757544189806,0.394518977398846,"PRLR"
0.019219387911443,0.492697728289226,0.138835142239752,0.349247741559579,"GCAT"
0.000158018593065458,0.476252038805329,0.166330121268991,0.357259821332615,"ABAT"
0.00206821423494034,0.318237959532713,0.314770308875396,0.364923517356951,"LOC105376938"
0.678229648722363,0.00122364364824266,0.0589682104855378,0.261578497143856,"RBP2"
0.165978308570678,0.446739005824324,0.175456923221493,0.211825762383504,"LGALS3"
0.0114445584365358,0.251726158274844,0.383613001230489,0.353216282058132,"SLC38A5"
0.0776115651253871,0.572237250163472,0.114330591475835,0.235820593235306,"GRB14"
0.0363114419397849,0.250368406538619,0.263044415981361,0.450275735540235,"CA12"
0.140424014204164,0.00325040419905935,0.59317635175048,0.263149229846297,"C3"
0.0934449895295952,0.317234350015702,0.201541630867826,0.387779029586877,"CKS2"
3.21197569970326e-06,0.0624783534337285,0.397986168877256,0.539532265713316,"GPNMB"
0.00962947798606614,0.101296641937509,0.737500799578842,0.151573080497583,"HMOX1"
0.0722668908957112,0.486336871048852,0.149217314254681,0.292178923800755,"LOC105369608"
0.0695900010184802,0.304941181718894,0.203418923179686,0.42204989408294,"HOPX"
0.0255079367706706,0.43424648548333,0.186199098422932,0.354046479323068,"LOC107985244"
0.227534118139043,0.191264895281556,0.232724706827125,0.348476279752276,"H3C15"
0.241727851312643,0.180434885843589,0.234173578654173,0.343663684189595,"H3C14"
0.0609206180617759,0.384262175882584,0.384646401654707,0.170170804400933,"IGHV4-59"
0.00183422091798371,0.100050992671841,0.468759262202336,0.429355524207839,"PTGS2"
0.00634564238658148,0.0450153919270255,0.813268019709069,0.135370945977324,"SNORD94"
0.0972786514974047,0.467253733120271,0.14284262014158,0.292624995240744,"LOC101929124"
0.0920630539230663,0.00278068387929215,0.722182012183747,0.182974250013895,"SNORD3D"
0.0420500799563309,0.42723475704492,0.375114201448348,0.155600961550402,"IGHV3-21"
0.0945461141555279,0.507998914566793,0.258507161392843,0.138947809884836,"IL1RN"
0.00665089371191557,0.192399102359516,0.22540059978063,0.575549404147938,"CD109"
0.133559477511729,0.459399481757176,0.172110949423255,0.234930091307841,"KLF5"
0.0788290599819636,0.432494309593479,0.310184208399634,0.178492422024923,"IGLJ2"
0.0154811910933538,0.407246706258579,0.186993620830143,0.390278481817924,"LEMD1"
0.0023565824156325,0.155855860648558,0.546194341444012,0.295593215491798,"TNXB"
0.108703522954279,0.124811803556816,0.199209298805352,0.567275374683553,"DDC"
0.03311390039276,0.127301137539804,0.353732103610942,0.485852858456494,"TNFRSF11B"
0.00428853673706366,0.151968154495784,0.264089424056198,0.579653884710954,"CHAC1"
0.0468527621379979,0.255685093413811,0.420661145236757,0.276800999211434,"IGHV3-74"
0.00192558159345944,0.263630960898138,0.164296113487764,0.570147344020638,"GGT6"
0.572330171937959,0.000551059945936624,0.176338041985416,0.250780726130688,"ACE2"
0.320084183773131,0.406028566510338,0.147889859822542,0.125997389893989,"TRIM15"
0.0360943810315589,0.338339456536991,0.439217077039132,0.186349085392318,"IGHV3-30"
0.00883536984894755,0.521619630489805,0.162345594231271,0.307199405429976,"KCNN4"
0.0249491414428647,0.0858679804757587,0.601338841904832,0.287844036176544,"MT-ND3"
0.000494250347332095,0.00775391100031546,0.778994615637656,0.212757223014696,"HSPA1B"
0.0218293997245537,0.0355322889470921,0.765359951128122,0.177278360200232,"ADAMTS4"
0.020995752762421,0.390233873036062,0.137747271437828,0.451023102763689,"BMAL2"
0.0504751858920694,0.522437550735059,0.221148325708997,0.205938937663875,"OAS1"
2.17075854124272e-06,0.193526705885169,0.390707142139721,0.41576398121657,"NRP2"
0.0118926519595957,0.104646421979512,0.694926921146579,0.188534004914313,"HBA2"
0.0629232854989416,0.422693334984746,0.181464398838641,0.332918980677671,"LOC105375539"
0.086101266372678,0.547019386951242,0.0994925465097134,0.267386800166367,"STYK1"
0.0836959684374911,0.00136264386497279,0.505734818945302,0.409206568752234,"LPL"
0.000220429439533942,0.124534094889684,0.315788474226683,0.559457001444099,"COL6A3"
0.0136797158004065,0.0129105310488745,0.558339578478986,0.415070174671733,"MTRNR2L8"
0.0309051418708698,0.208313775649162,0.330223783090697,0.430557299389272,"LRRC15"
0.0418637763964142,0.071550634253934,0.57832819722108,0.308257392128572,"NR4A1"
0.380744356615099,0.0879230706275606,0.181591614983666,0.349740957773674,"MALRD1"
0.0225095346183036,5.01442619371047e-05,0.75908161202437,0.21835870909539,"SNORD3B-1"
0.00258005761410744,0.478137746811271,0.138707842222011,0.380574353352611,"LEF1"
0.0676108405854869,0.364864866619737,0.372508843755446,0.19501544903933,"NPY1R"
0.0270613542098725,0.429087246715711,0.294795328438773,0.249056070635644,"MIA"
0.0817310767927407,0.554335276095591,0.123371157953469,0.240562489158199,"LINC01754"
0.134055821862007,0.423359486328309,0.18599320907513,0.256591482734554,"CHST9"
0.00346641493156626,0.118382577519021,0.576431099725621,0.301719907823792,"MT-ND1"
0.0454650515217336,0.299277411073357,0.465817561255352,0.189439976149558,"IGKV2-28"
0.48966167420307,0.0546397026864501,0.204963327438826,0.250735295671654,"MGAM"
0.111249811780392,0.40278069229251,0.110104015386366,0.375865480540732,"LPAR3"
0.0154544909565498,0.0923198804109151,0.5527095439777,0.339516084654835,"MT-ATP6"
0.00465881322948864,0.252737854824192,0.268891974128346,0.473711357817973,"NOX4"
0.000185654775675021,0.177439692472949,0.270109262472118,0.552265390279258,"COL10A1"
0.0247764258975999,0.0475554161756081,0.263148685091721,0.664519472835071,"LINC01610"
0.00567522308966488,0.214858248998801,0.231219113888201,0.548247414023333,"ANOS1"
0.0885126598653809,0.41732891509998,0.172092504700201,0.322065920334438,"SARDH"
0.078093495517691,0.489145481098491,0.240357234770046,0.192403788613772,"PAH"
0.115772719326107,0.341088100351516,0.253424952156195,0.289714228166182,"CLU"
0.0828775253758485,0.044987058729546,0.2787213853799,0.593414030514706,"TACSTD2"
0.294327945518061,0.182104526338095,0.171689831349178,0.351877696794666,"MIR31HG"
0.108353492529359,0.172294863872571,0.309762012585231,0.409589631012839,"ABCC8"
0.0933634221632966,0.537538365897724,0.0870133920288416,0.282084819910138,"VIPR2"
0.00886140785019991,0.306396289397077,0.215618945995678,0.469123356757045,"KLK10"
0.0917640119455974,0.148053108881026,0.327565169343076,0.432617709830301,"CR2"
0.403494348586795,0.106903468492499,0.141861507846571,0.347740675074135,"MS4A8"
0.113991446739144,0.124149973415273,0.399339617467878,0.362518962377704,"USH1C"
0.0626924408580496,0.50686719530321,0.259074808771389,0.171365555067351,"GLP1R"
0.0109685380713652,0.171150597255531,0.256795543145129,0.561085321527975,"CRABP2"
0.0989773134457016,0.213224605232713,0.381683534336367,0.306114546985218,"NPC1L1"
0.00498827739541309,0.00457841149109998,0.432181097260689,0.558252213852798,"PROM1"
0.0573519527269921,0.299945175896134,0.326298989863759,0.316403881513115,"IGKJ3"
0.0419641733727606,0.63767183346488,0.117850060705354,0.202513932457006,"SDC1"
0.0167154724412857,2.24411902859926e-05,0.870428574170523,0.112833512197906,"SNORA48"
0.0744122613224349,0.546837073267792,0.11190958366577,0.266841081744003,"LOC107986324"
0.297120886909616,0.0176611964291372,0.21649698188508,0.468720934776167,"SLC15A1"
0.124453204023331,0.338502147732389,0.218772332352835,0.318272315891446,"TPX2"
0.159118071219677,0.0424915979800409,0.44769072131002,0.350699609490263,"ATP10B"
0.00604115365884111,0.0691735121622681,0.54100377737619,0.383781556802701,"NNMT"
0.00279647195638101,0.663897913176044,0.180664150740335,0.15264146412724,"RIMS1"
0.0308311608663307,0.35405553633476,0.285952091912326,0.329161210886583,"HOXA13"
0.0191983682681706,0.0221217522089002,0.341387990697414,0.617291888825515,"ASPN"
0.0853429208046394,0.397292139031564,0.233417314576553,0.283947625587243,"NUCB2"
3.08789093074561e-05,0.472270772672231,0.29847354833933,0.229224800079131,"SEMA7A"
0.15698449616326,0.0766849846288495,0.188717446461535,0.577613072746356,"AKR7A3"
0.0123111564052182,0.000111270482440303,0.888154992878105,0.0994225802342365,"IL6"
0.0447174974133798,0.00248110374125777,0.865193752403104,0.0876076464422585,"MT-TY"
0.00648848723149869,0.0128467120101256,0.76663766413024,0.214027136628135,"HSPA1A"
0.0647675361126286,0.0255795407055316,0.514450868813406,0.395202054368434,"DAZ1"
0.0628390823390051,0.510140599527904,0.111876619457729,0.315143698675362,"TDH-AS1"
0.218363792440259,0.193859590786018,0.279804633941001,0.307971982832722,"NR1I2"
0.000211174618121733,0.0311863984620397,0.270556155605376,0.698046271314463,"CXCL17"
0.000736717739524721,0.203623627155257,0.358454743720997,0.437184911384221,"TNFAIP6"
0.00358323154882819,0.134921014938768,0.282112303893991,0.579383449618413,"CTSK"
0.0296423485171029,0.342756079592678,0.343734704301989,0.28386686758823,"IGKV1-39"
0.143410548661077,0.348913358303473,0.322189953936924,0.185486139098526,"MDK"
0.00524921930317077,0.307041627823256,0.340340320923118,0.347368831950456,"KLK6"
0.182307978767812,0.279810196071845,0.275759960299429,0.262121864860915,"TFPI2"
0.130897254907424,0.448991166433342,0.152207105021089,0.267904473638145,"KCNK1"
0.116723308910759,0.269325660235997,0.278768017665617,0.335183013187627,"LOC105374786"
0.112285798898083,0.539136890505133,0.133015924530808,0.215561386065976,"JPT1"
0.0538265631541582,0.0670249839295938,0.321819609467644,0.557328843448604,"PRRX1"
0.0197599719809024,0.438031763388161,0.202410795774995,0.339797468855941,"FGFBP1"
0.0564004966242983,0.555221676760205,0.13408500212304,0.254292824492457,"LINC01238"
0.0103698466195221,0.0741049151120374,0.324059417475653,0.591465820792787,"LUM"
0.0904922074895578,0.0150327802684467,0.617038570740086,0.27743644150191,"SERPINE1"
0.0241632091449284,0.00165833550419305,0.50739930327834,0.466779152072538,"CEACAM7"
0.0998044575550722,0.38943270980019,0.309459029568364,0.201303803076374,"SCTR-AS1"
0.00843985573597405,0.370964206497256,0.225903088498645,0.394692849268125,"KRT15"
0.0172961035919266,0.437948213452549,0.278367424676694,0.26638825827883,"GMNN"
0.0360966402690876,0.096815321290661,0.392735863442527,0.474352174997725,"WFDC2"
0.100160780425872,0.387209022335469,0.151469272706061,0.361160924532597,"NIBAN1"
0.0785886357581614,0.0919160133103716,0.414382835326174,0.415112515605293,"CYP1B1"
0.0045315212620225,0.063449507840177,0.558013180684027,0.374005790213774,"CLDN2"
0.217747423349522,0.261490627633989,0.259349078892281,0.261412870124208,"CYP4F3"
0.0892315107653913,0.530347458484602,0.179070399912937,0.20135063083707,"RBP1"
0.610959407185148,0.0938250460615522,0.0873273657416762,0.207888181011623,"FOLH1"
0.000760604228710507,0.0919395227182584,0.661736874147212,0.245562998905819,"HBB"
0.00836482554911,0.189469269709738,0.330634669018591,0.471531235722561,"EDNRA"
0.00334281949398611,0.197128457728472,0.386122348321904,0.413406374455638,"DPYSL3"
0.0272231685420943,0.313754968533278,0.22834192910198,0.430679933822647,"HK2"
0.0195052624523414,0.436819690265308,0.370534609340747,0.173140437941604,"IGHV1-18"
0.156414200019383,0.397534533260407,0.185021828262627,0.261029438457583,"NEK2"
2.27870183943689e-05,7.74449069734376e-06,0.831521442803327,0.168448025687581,"SNORA46"
0.00418915836071138,0.182441311012785,0.391795298977869,0.421574231648635,"RN7SL3"
0.0553052238982309,0.562537327866256,0.232902519907218,0.149254928328295,"FER1L4"
0.204633608086792,0.437121929288881,0.121377659902665,0.236866802721662,"CEACAM1"
0.102100205607338,0.299180535135564,0.243094233402281,0.355625025854818,"MAD2L1"
0.0150110825488023,0.18277912112951,0.630617122632454,0.171592673689234,"HSPA6"
0.00050106435273239,0.0969879813695946,0.360919731145958,0.541591223131715,"ANXA1"
0.0402758127428995,0.408694873637329,0.266522299220612,0.28450701439916,"SLC22A3"
0.069630927314961,0.0263992469271846,0.486712750323458,0.417257075434396,"DAZ4"
0.005459341528917,0.0994132908389189,0.672756341590239,0.222371026041925,"HBA1"
0.339413126696332,0.125404403181394,0.212510804851098,0.322671665271175,"CHP2"
0.00210043849493775,0.0952512228260459,0.37038448652296,0.532263852156057,"FBN1"
0.00710970737702226,0.229760442253615,0.259624594785893,0.50350525558347,"EDIL3"
0.311820363889079,0.000617765916872435,0.202438123435096,0.485123746758953,"SLC28A2"
0.0356860971231359,0.00437802916075116,0.584271733318053,0.37566414039806,"F13A1"
0.0267148441554967,0.495192667858423,0.161460461504084,0.316632026481997,"LINC03141"
0.0580291038144081,0.00307568329536972,0.517876799403935,0.421018413486287,"IGF1"
0.0628656439549617,0.620817409356333,0.0724082266198622,0.243908720068843,"ALKAL2"
0.0807562476310171,0.0912229187282654,0.40867120114646,0.419349632494258,"SCGB3A1"
0.0158459183064998,0.10560816555317,0.498095340269374,0.380450575870956,"AEBP1"
0.222024494694079,0.283923626879743,0.169238749855683,0.324813128570495,"H2AC11"
0.0854592624012559,0.513802589941551,0.117299912719305,0.283438234937888,"LOC105376917"
0.0336268400602944,0.373258090311991,0.425798765225402,0.167316304402313,"IGHV4-39"
0.107817826874553,0.143890829068927,0.204395169325708,0.543896174730812,"SEMA3A"
0.074452298472038,0.255247555547214,0.239805437133971,0.430494708846777,"PGGHG"
0.262037439485929,0.258407419123394,0.192792778442772,0.286762362947904,"ANKS4B"
0.0015794386623192,0.456805763856599,0.178171967559369,0.363442829921712,"ARHGDIG"
0.127608301184518,0.00986208895396178,0.628574380527004,0.233955229334517,"MGP"
0.135479404042113,0.15728259574332,0.273036036880587,0.43420196333398,"BTNL8"
0.120080067783973,0.431031597465244,0.17152792114862,0.277360413602162,"FUT1"
0.0208655801902073,0.016405415789066,0.710464160000223,0.252264844020504,"SCARA5"
0.00871003442023975,0.0141625149931947,0.763532228191612,0.213595222394954,"G0S2"
0.0684029214652332,0.0266830611745491,0.48880710687423,0.416106910485988,"DAZ2"
0.713992562619315,0.0276230635237625,0.019083641310045,0.239300732546877,"APOC3"
0.0337947429329235,0.181430930322533,0.522075134602065,0.262699192142478,"IGHV3-72"
0.114900288388532,0.0284107230672827,0.416944260614358,0.439744727929827,"CCL2"
0.0820195233059123,0.473858423432945,0.140267157638191,0.303854895622952,"GOLGA8B"
0.0928169330930738,0.221703978554408,0.429638285423458,0.255840802929061,"PTPRN"
0.201945102723327,0.461554912201974,0.139052890277825,0.197447094796873,"SDCBP2"
0.00764773301011575,0.493548222382225,0.161310429194458,0.337493615413201,"GJB3"
0.0202752665487079,0.314438657333704,0.300429965923735,0.364856110193853,"MYCL"
0.0722756830794797,0.0254461703841452,0.48432338862608,0.417954757910295,"DAZ3"
0.00845951648727535,0.147385296379691,0.340760255519521,0.503394931613513,"FCGR3A"
0.000672724194760912,0.00451779175275053,0.841183649158431,0.153625834894057,"TRI-AAT2-1"
0.102903191030624,0.367465149320727,0.356803113220949,0.172828546427701,"EPSTI1"
0.0982660001296774,0.558856505301671,0.103548632045582,0.239328862523069,"ITGB4"
0.0882143722999091,0.386950977580653,0.249475578943722,0.275359071175715,"RBM20"
0.0170780793657481,0.212977548782192,0.294587022752419,0.475357349099641,"TIMP1"
0.598656199442658,0.00109266397841368,0.0852953766954436,0.314955759883484,"MEP1B"
0.0885690146447599,0.00708573529389155,0.3052962995489,0.599048950512449,"AADAC"
0.0609771197684328,0.339268419784863,0.200251171528573,0.39950328891813,"SPDEF"
0.09715554215812,0.369624241769088,0.32466921620745,0.208550999865342,"IGLV2-14"
6.60617194489039e-05,0.556935375006847,0.173669743996989,0.269328819276715,"SHH"
0.0504851215138602,0.317067978635464,0.450921914500935,0.18152498534974,"IGKV2D-28"
0.158522982205648,0.483496799411773,0.154150850480224,0.203829367902354,"UGT1A5"
0.0860590468893813,0.495794930891296,0.12397623348784,0.294169788731483,"KCTD16"
0.00931579183215285,0.0326997499343319,0.613865835735,0.344118622498516,"SAA2"
0.118935264635397,0.380817403633693,0.262673775033761,0.237573556697149,"STC2"
0.0519969420039968,0.45117024185998,0.242579985436033,0.254252830699989,"MYEOV"
0.000689955376163406,0.183559828873661,0.284195975248017,0.531554240502159,"RAB31"
0.00584566164673721,0.18379557547862,0.226720454240998,0.583638308633645,"C5orf46"
0.0599851427286834,0.00477562505031065,0.391532210391154,0.543707021829852,"ADH1C"
0.0847696470708105,0.178253844792548,0.293131014841758,0.443845493294883,"MIR147B"
0.299896729702023,0.234703313692568,0.173051460791174,0.292348495814235,"PTPRR"
0.0120042945986156,0.235691407310541,0.345223183194279,0.407081114896565,"PKP1"
0.00614546143126018,0.352183539909038,0.365527395510035,0.276143603149667,"IGHV1-69D"
0.254842529155551,0.195351416862246,0.331548751974484,0.21825730200772,"KCNJ15"
0.000131708744455315,0.196499933172344,0.300582479335171,0.502785878748029,"RGS2"
6.53822437261128e-05,0.031612453983547,0.648639213638988,0.319682950133739,"MYL9"
0.0881078769848962,3.44418157379864e-05,0.810850283945212,0.101007397254154,"SNORA20"
0.0653931216612153,0.523644059470249,0.266506084992745,0.144456733875791,"HS6ST3"
0.18515271926681,0.533458904530944,0.157870797085243,0.123517579117002,"CRYBG2"
0.0238982071086442,0.00873275227589989,0.823365474363602,0.144003566251854,"SNORA71B"
0.0718647978341078,0.096360361098549,0.688138368566069,0.143636472501274,"MIR3648-2"
0.00410665720207367,0.112877012417796,0.373905632525189,0.509110697854941,"ADAMTS2"
0.0421888985986438,0.349746486031213,0.272640805054681,0.335423810315461,"ITGA3"
0.000440338223417045,0.173637673658779,0.639007659248307,0.186914328869497,"IL1R2"
0.00360811770646046,0.354632967610691,0.270306867256916,0.371452047425933,"ADAMTS14"
0.0600392476516374,0.00579137798880068,0.757603386047779,0.176565988311783,"NLGN4Y"
0.0231329105355553,0.00612288227015124,0.795542153564152,0.175202053630142,"MT1A"
0.135564163461101,0.0763451558207089,0.256072267047715,0.532018413670475,"PLAT"
0.162136336769361,0.0605983278678355,0.142840785504315,0.634424549858489,"DEFB1"
0.120047593122752,0.284331546506677,0.346790233282571,0.248830627088,"IGHJ4"
0.167995606823204,0.177661621044634,0.330919755083528,0.323423017048634,"KRT7"
0.109068186326305,0.00751031139591669,0.667228257800187,0.216193244477592,"PRELP"
0.0246091588242614,0.39893557198671,0.410943779787053,0.165511489401976,"IGKV3-15"
0.114508804167569,0.323706860158051,0.20440715813073,0.35737717754365,"HMMR"
0.0298991571211862,0.00179871351520359,0.443851418559698,0.524450710803912,"FGG"
0.151835852062827,0.362026247303508,0.199905735430247,0.286232165203419,"BIRC5"
0.017307598956459,0.455771886463207,0.191553600024563,0.335366914555772,"IFI6"
0.00408518252442708,0.193315743548196,0.455820427144376,0.346778646783001,"SLC9A4"
0.355356259813035,0.187519163217161,0.250384948526958,0.206739628442846,"C11orf86"
0.0909622300880249,0.0793707316599788,0.700316236733014,0.129350801518982,"MIR3648-1"
0.142909233692946,0.527426687742486,0.146125187996304,0.183538890568264,"VILL"
0.00284193259270225,0.100093757477016,0.670191294967024,0.226873014963258,"APOE"
3.46676874466242e-05,0.248125579899843,0.406762140638217,0.345077611774493,"MS4A1"
0.134400154813413,0.0107158939923874,0.352705210868116,0.502178740326083,"GUCY2C"
0.000816144515049767,0.0929778106406874,0.372136575023749,0.534069469820514,"LOX"
0.000374619449268016,0.097709809870346,0.627785733177844,0.274129837502542,"MT-ND2"
0.020477394322663,0.380507185016072,0.175053391419374,0.423962029241891,"ARSL"
0.00442233951384905,0.147449182737778,0.542389011586767,0.305739466161607,"SLC11A1"
0.105822941874633,0.183320278378502,0.403630554139696,0.30722622560717,"SCG3"
0.163821197324741,0.449079038528004,0.155220316650896,0.231879447496359,"UGT1A4"
0.0286213787035848,0.117710994573469,0.477289516153052,0.376378110569894,"MIR205HG"
0.0701225045041851,0.388573551454437,0.262084698746937,0.279219245294441,"OR6T1"
0.000463401603075844,0.521432131326092,0.146914891984573,0.331189575086259,"MPV17L"
0.0193630919204621,0.425215683628763,0.250995291544127,0.304425932906648,"COL28A1"
0.00306922485095162,0.138546347833389,0.427244471335927,0.431139955979733,"ZNF469"
0.123836001267985,0.493509215817179,0.15689128603035,0.225763496884487,"SORBS2"
0.344850620738244,0.206080175925586,0.225789082274778,0.223280121061392,"CCK"
0.00575507061190128,0.0528638785658512,0.416342701457144,0.525038349365104,"MMP2"
0.024006862446248,0.374250347256588,0.327971127070994,0.27377166322617,"ALDH3A1"
0.0026133661930868,0.161066697520437,0.242256582854182,0.594063353432294,"PLPP4"
0.303391398161604,0.0878153380730363,0.277751887715279,0.33104137605008,"HHLA2"
8.49746481248914e-05,0.228240610969777,0.376563321816366,0.395111092565733,"GC"
0.00108278615688401,0.00676644311046375,0.798553078240644,0.193597692492008,"SNORA9"
0.0875899065199525,0.0314340659997886,0.633491812494698,0.247484214985561,"OGN"
0.141468024446909,0.331630939662571,0.232041500952551,0.294859534937969,"BUB1"
0.000475351533993402,0.266930982939513,0.261633549844832,0.470960115681662,"EFNA5"
0.166572516130888,0.392395447737055,0.231653917125362,0.209378119006696,"LY75"
0.368726072869588,0.291668720664565,0.151548784581564,0.188056421884283,"CYP4F12"
0.0250658581531942,0.488842596574031,0.152228077117805,0.33386346815497,"LOC105370224"
0.0847725474001602,0.00101306608335134,0.664526605807039,0.249687780709449,"COL14A1"
0.0437382049935815,0.0532842677952386,0.649788311342402,0.253189215868778,"MIR23AHG"
0.0390618515444372,0.128890141002337,0.302120500943472,0.529927506509754,"SLC26A9"
0.00663582087984967,0.263375608639618,0.346433648677405,0.383554921803128,"KIF12"
0.10422873453872,0.165729138326471,0.506847500659538,0.22319462647527,"PEG10"
0.116603004092258,0.418969772452037,0.193519928127224,0.27090729532848,"CCDC110"
0.02235938179947,0.408262013399387,0.41461192631983,0.154766678481313,"IGKV1-33"
0.196513224418759,0.110354653098692,0.291000118276698,0.402132004205851,"FAM3D-AS1"
0.116848408470618,0.362965702686817,0.259068561744955,0.261117327097611,"UBE2C"
0.000158788308017716,0.131141169433327,0.390835109737987,0.477864932520668,"CCL18"
0.0102948166709458,0.0182398805293413,0.546106587323428,0.425358715476285,"DGAT2"
0.012553980856307,0.548885335558843,0.272046546078863,0.166514137505987,"RTKN2"
0.00229595339897928,0.512559309281365,0.231792949210962,0.253351788108694,"OAS2"
0.173117134400928,0.316417344262213,0.154554565947064,0.355910955389796,"KSR1"
0.0754627102254838,0.0137424582561751,0.777442097677616,0.133352733840725,"SNORA49"
0.100650481767355,0.504131275989889,0.158470068392442,0.236748173850314,"ABHD17C"
0.135360742702496,0.419934896008241,0.212153769948015,0.232550591341248,"IQGAP3"
0.0013910897627421,0.400739479005455,0.102044472749207,0.495824958482596,"C5"
0.0507722212847708,0.0210931782344569,0.669904947675792,0.25822965280498,"SLIT3"
0.00184692845876274,0.191898628569353,0.113209700938359,0.693044742033525,"GATA4"
6.12320533835293e-05,1.96250727834037e-05,0.817700042082686,0.182219100791147,"RNU4-1"
0.022079257693022,0.493223889413266,0.129652498675773,0.355044354217939,"MYH7"
0.152037425789053,0.400297844402512,0.230295685097904,0.217369044710531,"KNL1"
0.153237202284515,0.00161536233819811,0.527951751314807,0.317195684062479,"112268447"
0.0339520199758371,0.0894641957662388,0.494841054318619,0.381742729939305,"MRC1"
0.160935238839685,0.0617197390529771,0.420906683241875,0.356438338865462,"ITGBL1"
0.125443659434565,0.524024587911446,0.0758497757255289,0.27468197692846,"LINC01829"
0.00995146591632533,0.228725611614034,0.357987546180049,0.403335376289591,"AK4"
0.00188321752046109,0.311075325787258,0.344369798950897,0.342671657741384,"S100A4"
0.0414940628687316,0.301081656543925,0.20845129052304,0.448972990064303,"MST1L"
0.0112153777246254,0.139210916929391,0.408401409975153,0.44117229537083,"THY1"
0.00256567801157478,0.0860004251383503,0.601330153832292,0.310103743017782,"MT-ND4"
0.143569773563619,0.465241013000972,0.17021073574239,0.220978477693019,"UGT1A3"
0.0205791393934695,0.436050016471568,0.289836614909784,0.253534229225179,"HRH1"
0.139278370873401,0.44030084796374,0.178141170193272,0.242279610969587,"UGT1A7"
0.0158894470108774,0.419517701167336,0.122919003451102,0.441673848370684,"IMPA2"
0.000885297191822581,0.533390402432336,0.193804466319206,0.271919834056636,"RGN"
0.103442397440849,0.361018017014118,0.358263469225095,0.177276116319939,"IGHJ5"
0.139527913391238,0.466150280531078,0.172747091250531,0.221574714827154,"UGT1A9"
0.0750239081016085,0.438368268735517,0.129744935899781,0.356862887263094,"FBXW12"
0.0173806256535711,0.00402734476329865,0.681297845261687,0.297294184321443,"TRARG1"
0.188540554903692,0.227952972645294,0.323111713412702,0.260394759038312,"UNC80"
0.0187366417876702,0.471126743004226,0.122786968716191,0.387349646491913,"SEL1L"
0.071811981364846,0.0389857022524932,0.589440036872608,0.299762279510053,"PTGDS"
8.52270350855255e-07,0.00130394457422594,0.536682999862069,0.462012203293354,"WDR72"
0.114830306860149,0.529150339070115,0.117586306602205,0.238433047467531,"MUC15"
0.0175999407073501,0.12172909548916,0.52696562022393,0.33370534357956,"CLMAT3"
0.0202521085496769,0.319837655889629,0.31371666998055,0.346193565580144,"LAMP5"
0.0732908056434936,0.415533963867239,0.232907799721029,0.278267430768239,"PPARG"
0.033761996853799,0.356860707263829,0.273812791063796,0.335564504818575,"S100A11"
0.145449983628728,0.00101965301399861,0.532795677046066,0.320734686311207,"100506621"
0.000111540377491279,0.0853608423126406,0.408783293679807,0.505744323630061,"MSR1"
0.0238524147886766,0.241216597131919,0.234311002386471,0.500619985692934,"RORC"
0.0744826272338599,0.517884453113008,0.135198047031369,0.272434872621763,"TMEM225"
0.113122114546235,0.304260288155175,0.285901327703034,0.296716269595556,"FAM83E"
0.0822370241517069,0.0303557714355787,0.580432645354964,0.306974559057751,"EGR1"
0.0772116778084677,0.118999073635496,0.358959614683562,0.444829633872474,"ABCA8"
0.12391421663161,0.301088186156877,0.347351978878236,0.227645618333277,"CASR"
0.00838252495990615,0.255160943626036,0.510178382705326,0.226278148708732,"IGLV1-47"
0.104141450099919,0.000408088140378086,0.693868402492456,0.201582059267247,"USP32P1"
0.0145566264042352,0.31726967022896,0.332836394193024,0.33533730917378,"FGFR3"
0.0163756315643938,0.216550244644469,0.423320341667828,0.343753782123309,"SYT8"
0.00916046540821404,0.44944856101097,0.0720332622279914,0.469357711352824,"MBOAT2"
0.2473586505422,0.275274638254747,0.22168956082745,0.255677150375603,"LRRC66"
0.0139500572063141,0.0873402844036131,0.337468706813139,0.561240951576934,"ST6GAL2"
0.00729950161871109,0.0307518081728202,0.431196727783473,0.530751962424996,"MT1E"
0.0188177946108231,0.0676064924404977,0.280777126018101,0.632798586930578,"LOC105377847"
0.0433442421370896,0.312266319025209,0.397548997092582,0.246840441745119,"IGHV3-15"
0.00621797508074679,0.195982548672186,0.412350254403445,0.385449221843622,"COL8A2"
0.00433328017921947,0.0398009258956734,0.54027029760889,0.415595496316217,"SELE"
0.00136510349173068,0.00378555968991358,0.733759400175678,0.261089936642678,"SYNPO2"
0.0202634102407295,0.0140802076703968,0.833155125487616,0.132501256601257,"SNORA77B"
0.111010244231817,0.350926511351843,0.203586050166112,0.334477194250229,"H4C12"
0.143046793367391,0.447189696544859,0.167820223059762,0.241943287027987,"UGT1A8"
0.0259459078714347,0.0144835837661495,0.485155559189247,0.474414949173168,"NPR3"
0.0258140091211379,0.31095915566334,0.307423205662108,0.355803629553413,"COL16A1"
0.00372751872987669,0.297874477197454,0.294138521304141,0.404259482768528,"ADAMTS6"
0.0931188689954398,0.201997584615257,0.440539376618929,0.264344169770375,"NPTX1"
0.0643902130833089,0.0458195953613724,0.513640061013915,0.376150130541404,"PSORS1C3"
0.031641810845421,0.367269058468743,0.256059704209943,0.345029426475893,"KLK8"
0.0103226114174386,0.00937376362543975,0.787770548713346,0.192533076243775,"SNORA23"
0.0192742301390081,0.37623940452047,0.363860690354049,0.240625674986473,"IGHV1-69"
0.00545288992302111,0.144956473681891,0.57966637582202,0.269924260573068,"ADGRL3"
0.0258596511323633,0.375489314954556,0.249609089196151,0.34904194471693,"CELSR1"
0.0254840787595109,0.367404307620121,0.37664695494844,0.230464658671929,"PLAUR"
0.325102404157293,0.223190021835251,0.233414544440301,0.218293029567155,"PLS1"
0.00732708708939765,0.002675440245171,0.561500319160447,0.428497153504984,"ATP1A2"
0.0707289752424956,0.209776616006101,0.255070534709421,0.464423874041983,"SCN7A"
0.0596308173474382,0.543669004762548,0.129347880676778,0.267352297213236,"105373323"
0.145546230751495,0.532286482927835,0.162849445750082,0.159317840570588,"VTCN1"
0.116124480277892,0.257313883816049,0.254389394758712,0.372172241147347,"CCNB1"
0.405899444141978,0.161583011907643,0.198672599976698,0.233844943973681,"SLC2A5"
0.101147154986248,0.423642086347137,0.146755771678796,0.328454986987818,"ALDH1L2"
0.0631002236673527,0.384745276713403,0.271902534559577,0.280251965059668,"CCDC198"
0.0622028230451619,0.1671337925402,0.368422528789471,0.402240855625167,"SERTAD4BP"
0.034111268889726,0.376200661944693,0.200962771929663,0.388725297235917,"LOC285804"
0.0731146989931757,0.0115656016904767,0.482070050521242,0.433249648795105,"KLK11"
3.48022932434884e-05,0.00153393252279915,0.761373311891293,0.237057953292664,"SCARNA5"
0.178543589170772,0.246553464831882,0.453354795754743,0.121548150242603,"IGHV1-2"
0.139081998052996,0.341134873272522,0.268330235614562,0.251452893059921,"DEPP1"
0.0383971993822289,0.0050896394487346,0.496664873323496,0.45984828784554,"SEZ6L"
3.00048168599604e-05,0.223292566911591,0.348042023153223,0.428635405118326,"CLCA4"
0.053461721757367,0.535397364627913,0.136487262437035,0.274653651177684,"CERS4"
0.423561336466786,0.00956010341673477,0.205219730588796,0.361658829527684,"NOS2"
0.0126120239393309,0.31444115208555,0.30408886539794,0.368857958577179,"IGHV3-53"
0.124582229275999,0.0905089498229741,0.326019449792541,0.458889371108486,"SLITRK6"
0.0762316055889636,0.539721427134122,0.202277036393229,0.181769930883685,"ECE2"
0.107278387221934,0.475714348901832,0.177850383073948,0.239156880802286,"LOC101927531"
0.491811189626082,0.0526254868921082,0.155914970649952,0.299648352831858,"GBA3"
0.0458374576259208,0.168035945068865,0.407300862890821,0.378825734414393,"CXCL9"
0.000433923606657947,0.126735043946281,0.351099568752458,0.521731463694604,"LGALS1"
0.0110247540198616,0.0423980603848877,0.549160343353032,0.397416842242219,"SFRP1"
0.0246755768515727,0.456802214095722,0.0968201237747932,0.421702085277912,"TCEA3"
0.000141885851001041,0.00770979411688303,0.388827663629508,0.603320656402607,"MUC1"
0.138847202566626,0.283594485679071,0.2395394339491,0.338018877805203,"PTTG1"
0.00011771202089127,0.183419022546976,0.558597390639203,0.25786587479293,"ERAP2"
0.140231191131776,0.414728910737383,0.153565959616488,0.291473938514353,"YIF1B"
0.0080443330059624,0.0146162230128321,0.625236094173416,0.35210334980779,"CALB1"
0.0105593850689553,0.238916179496727,0.331007332790076,0.419517102644241,"HMGA2"
0.221213587406276,0.056265439184267,0.513569543184337,0.208951430225119,"102724852"
0.0124110158738462,0.381325964652735,0.378596766532668,0.22766625294075,"IGHV1-3"
0.194603855551614,0.312522302241247,0.207856843166203,0.285016999040936,"PITX1"
0.0143411122371778,0.456950206056247,0.202918002888821,0.325790678817754,"SLC16A3"
0.172986775034891,0.00128314074533766,0.214414246865793,0.611315837353978,"OTC"
0.0331964325925814,0.249861282225109,0.444194582954127,0.272747702228183,"LOC107985362"
0.0161505553382948,0.0165615134580514,0.467890745742695,0.499397185460959,"TPH1"
0.0109018563213505,0.28369966374788,0.294700998458942,0.410697481471827,"PRDX4"
0.225659028611784,0.117660048223533,0.356284255931568,0.300396667233115,"ADAMDEC1"
0.119798922560799,0.355836887929724,0.176251738553584,0.348112450955892,"H4C11"
0.0247865423624844,0.303509662148611,0.336247394522715,0.33545640096619,"STRA6"
0.0270989314879373,0.358075370729352,0.339209422950528,0.275616274832183,"IGKV1D-39"
0.0318618978928487,0.22607337955959,0.319678366133279,0.422386356414283,"MMP9"
0.0593272561783402,0.263629716895458,0.247328819089182,0.42971420783702,"CLDN3"
0.0820711477539819,0.39714012311065,0.173878596457045,0.346910132678323,"ECT2"
0.000182268758513035,0.221407359819669,0.313492252186733,0.464918119235085,"HS6ST2"
0.167649129118988,0.000819475394064156,0.646378862324341,0.185152533162606,"RNU5A-1"
0.0764068123251542,0.309743655513991,0.268955878279407,0.344893653881447,"CEP55"
0.10878494312315,0.0800330038075167,0.555990597047912,0.255191456021421,"CLDN4"
0.143236423770329,0.189612468039802,0.379792717170504,0.287358391019365,"GAD2"
0.000315050804784085,0.122326401449795,0.462031785466289,0.415326762279131,"CD36"
0.122583667686508,0.433154886129466,0.188245292409554,0.256016153774472,"LOC105369370"
0.0424022694365165,0.5418425470983,0.169342132594706,0.246413050870478,"H1-3"
0.00271084091540586,0.189092800532868,0.127841827308864,0.680354531242861,"RNF186"
0.164312648456384,0.448568059815692,0.164572158473844,0.22254713325408,"PLEK2"
0.0139334275763334,0.320027268544921,0.239169112833898,0.426870191044848,"MLPH"
0.0175413050879875,0.00132368931498826,0.811871157684287,0.169263847912738,"SNORA31B"
0.0308382268616765,0.0168117325790301,0.549846160518614,0.402503880040679,"PIK3C2G"
0.0421054649943613,0.416188326651257,0.327483281843002,0.21422292651138,"IGKV1-12"
0.100800726563477,0.198905814589011,0.317286395985817,0.383007062861695,"ATP13A4"
0.165588997089702,0.281723185647892,0.292796513922383,0.259891303340023,"AKR1C3"
0.0221860933000182,0.164728996544966,0.599404239885356,0.21368067026966,"LOC101928034"
0.00029785396801342,0.119534569360358,0.31095540500971,0.569212171661918,"SNAI2"
0.0767968451331403,0.226312160202898,0.262365757042901,0.43452523762106,"FAM83D"
0.00308158574488116,0.218069998156182,0.322417860164029,0.456430555934908,"LAPTM5"
0.045495856183208,0.0942030494836852,0.424764082944329,0.435537011388778,"HABP2"
0.0628114964623314,0.543552999492143,0.078761289233649,0.314874214811877,"NOS1"
0.21838725363703,0.0539342222289928,0.525007964866607,0.202670559267371,"H19"
0.0093853281851125,2.24441796535957e-05,0.883382615891596,0.107209611743638,"SNORA2C"
0.0557586086373366,0.0400244599638091,0.599531741059062,0.304685190339792,"FBLN1"
0.00296521526383433,0.10136733642197,0.207166901798209,0.688500546515987,"AMIGO2"
0.0834712020145659,0.388338188057563,0.260857541288784,0.267333068639087,"SH3D21"
0.10838263800601,0.00898243760525025,0.405439447931381,0.477195476457359,"OMD"
0.0148677877336401,0.00382635528565016,0.810517766195201,0.170788090785509,"SNORD22"
0.0697599512310068,0.278217210165474,0.15266558588227,0.49935725272125,"SIGLEC11"
0.776828586505232,0.0280269951718106,0.014037934207322,0.181106484115635,"C3orf85"
2.30980037976177e-05,0.0701339099399845,0.667328971745433,0.262514020310785,"FOSL1"
0.0257938010803415,0.133593388223977,0.475156150173168,0.365456660522513,"NMNAT2"
0.000235935304796211,0.0731471066935011,0.42999670215598,0.496620255845722,"PRR4"
0.00964431375504,0.000136153601198624,0.884450029486985,0.105769503156776,"MIR1291"
0.0613499554110842,0.002186181026974,0.783982056167082,0.15248180739486,"SNORD15B"
0.113476503831463,0.229853893597839,0.294591825016531,0.362077777554167,"MAL2"
0.0355974382720443,0.329658449608901,0.166595528208465,0.468148583910589,"ADAM28"
0.0757403156641042,0.562386063001099,0.13573835114448,0.226135270190317,"LOC102723517"
0.00196647145858217,0.221294892459056,0.412301210837323,0.364437425245039,"ITGAX"
0.102815185864645,0.385407246593082,0.194150735351109,0.317626832191164,"RARRES2"
0.145025669822038,0.418002945326765,0.126339285202138,0.310632099649059,"NT5E"
0.138459884961388,0.452166330682158,0.172430640264576,0.236943144091878,"FGFR1"
0.189818423110271,0.0184853284793288,0.365503195173254,0.426193053237146,"CYP3A5"
0.266717838842345,0.219238732876809,0.311702906354192,0.202340521926654,"GSKIP"
0.168009466292586,0.315332944756379,0.149064441814963,0.367593147136071,"DLGAP5"
0.00960319031446291,0.000938081683902542,0.757286747234264,0.23217198076737,"NTRK3"
0.135179993967625,0.436184545983625,0.281788591808268,0.146846868240483,"UNC79"
0.048864337333873,0.246629915225214,0.327916224683334,0.376589522757579,"NEURL1"
0.00097685270473561,0.359992960939064,0.318756087735493,0.320274098620708,"FXYD5"
0.000340757306354682,0.0687394137096758,0.676570395419878,0.254349433564092,"MT-ND4L"
0.000907089224868746,0.00783909453357237,0.779493942506053,0.211759873735506,"SCARNA10"
0.0927324063148292,0.476648196615574,0.124868964704746,0.305750432364851,"PLAAT5"
0.0264313886269547,0.351310862165501,0.278940521311503,0.343317227896041,"NMU"
0.00218690600287927,0.00788038764525078,0.746279167194546,0.243653539157324,"TRK-CTT2-2"
0.021207254971208,0.111040168098169,0.522687468993006,0.345065107937616,"FCGR2A"
0.268848991597056,0.00798900847464405,0.411389178290546,0.311772821637754,"SLC6A20"
0.00557442821585342,0.357205641675217,0.270855580258298,0.366364349850632,"FBN2"
0.02837286059905,0.3506958022553,0.25568576780687,0.36524556933878,"ERRFI1"
0.0157530353054225,0.0410770735213789,0.619457863250795,0.323712027922404,"GLDN"
0.0144579456020026,0.0231888008898843,0.482722460018247,0.479630793489866,"SYT13"
0.0778277638555464,0.397611998184906,0.175695159461095,0.348865078498453,"CFTR-AS1"
0.00914251989107919,0.387322761351624,0.262940631393136,0.340594087364161,"STRIP2"
0.0236011182934892,0.24430049319116,0.335737344903703,0.396361043611648,"ADAM19"
0.0122438464914436,0.386822998195231,0.282534704399457,0.318398450913868,"RUNX1"
0.227469963768594,0.361161480943399,0.175864978398656,0.235503576889351,"AQP1"
0.00241174990026078,0.122327523511225,0.501024281903998,0.374236444684516,"PCSK1N"
0.00622866620797885,0.0382235432083701,0.66818004200761,0.287367748576041,"MYOCD"
0.0042417529579409,0.0114919213555957,0.73158178645554,0.252684539230924,"LMOD1"
0.10395995447409,0.000282062609970299,0.641920890070615,0.253837092845324,"GFPT2"
0.032365743100813,0.333722984372247,0.366350734681877,0.267560537845063,"IGKV1-17"
0.0587126279443381,0.290814285248433,0.219140065792038,0.431333021015191,"ENPP1"
0.0529435418043367,0.397071313914674,0.189316638961069,0.36066850531992,"PDCD4"
0.0412100921641175,0.604627118901488,0.164162505084071,0.190000283850324,"TMC7"
0.143336748298488,0.0142919968531165,0.730734581005313,0.111636673843083,"RNU1-2"
0.151387990295958,0.57997892918231,0.130436169176294,0.138196911345437,"CYS1"
0.000452373768404122,0.0037433882980102,0.827810110240842,0.167994127692744,"ZFP36"
0.136064064911912,0.320279686417328,0.200833708382862,0.342822540287898,"LOC112268127"
0.089421799375048,0.396705795724709,0.330830743231731,0.183041661668512,"APLP1"
0.0104176821965263,0.368017234151184,0.448146901192432,0.173418182459858,"LIF"
0.0633832951702687,0.478542391294459,0.122147898380576,0.335926415154697,"AGMO"
0.0937711344535728,0.035204312397536,0.801913576912424,0.0691109762364667,"PM20D1-AS1"
0.0153605034555533,0.143780916467546,0.353637531289442,0.487221048787458,"RAB27B"
0.0131304684013104,0.00243294977832944,0.433130873864761,0.551305707955599,"CXCL6"
0.184679344499231,0.324952471445081,0.23576051460659,0.254607669449098,"CAPN5"
0.0563186095154259,0.250663909004066,0.233820313544746,0.459197167935762,"LOC112268153"
0.0378092952825105,0.282586861232634,0.377244580878537,0.302359262606319,"IGLV2-11"
0.284314696968241,0.144011935158144,0.183453749317353,0.388219618556263,"CHST5"
0.00573914061011784,0.330751494854792,0.207928030768837,0.455581333766253,"IL20RB"
0.004649332768609,0.0150371869518772,0.803362407269515,0.176951073009999,"MT-ND6"
0.112348280167576,0.394791995025968,0.272560647043867,0.220299077762589,"KIF4A"
0.110411098352824,0.0958901418621345,0.445904764929087,0.347793994855954,"GFRA1"
0.0147828780718164,0.0972619542198568,0.42871874658884,0.459236421119486,"AKR1C2"
0.152232684663244,0.505455517891603,0.110724490628642,0.231587306816511,"MST1R"
0.0584633830969661,0.394964615123112,0.150785687484807,0.395786314295115,"KLB"
0.00161931076687441,0.0905698125745844,0.394511550295802,0.51329932636274,"MXRA5"
0.182849378650902,0.0688913797183865,0.241942764713789,0.506316476916922,"ARL14"
0.000758532927322564,0.563475306058988,0.134296321794535,0.301469839219155,"FERMT1"
0.00286954704273897,0.035390684343971,0.555035286541881,0.406704482071409,"TPM2"
0.0155031282919141,0.380952196759151,0.134515571709354,0.469029103239582,"SEMA6D"
0.105895732607269,0.311641912635559,0.257867341804135,0.324595012953037,"DMD"
0.0925205910242478,0.557113229407731,0.166280469269911,0.18408571029811,"EMB"
0.0271843703439252,0.127513643058784,0.314281734127816,0.531020252469475,"SLC25A25"
0.0450421244789682,0.44224350341447,0.297280864020071,0.215433508086491,"CTNNA2"
0.0277159876978786,0.433485302402836,0.185224820639075,0.353573889260211,"CHST6"
0.00617651591009952,0.172042770527516,0.427689876326205,0.39409083723618,"CDH13"
0.00495343533103006,0.647902684503766,0.14407464980453,0.203069230360674,"COCH"
0.0203875146306301,0.365058854437824,0.368030222364637,0.24652340856691,"101928875"
0.0662462829683599,0.252870701422106,0.193767700990319,0.487115314619215,"RAP1GAP"
0.0327917796551784,0.22192399685813,0.660180328067779,0.085103895418912,"HLA-DRB5"
0.32209558587054,0.328920975155995,0.207234855281234,0.141748583692231,"HEYL"
0.0383589558910753,0.0897646154791703,0.577938847135121,0.293937581494633,"SLCO1B3"
0.117125190590748,0.192111219933472,0.364214764219777,0.326548825256003,"DHRS2"
0.156900946960749,0.0696252725517251,0.188352236997942,0.585121543489584,"ZG16"
0.0663784955479431,0.184200657578513,0.46690871978897,0.282512127084575,"SNORA47"
0.000969117020812482,0.176097141803573,0.187927497565133,0.635006243610481,"MT1F"
0.114900170763441,0.637081932168562,0.118919418216431,0.129098478851565,"DTNA"
0.0809331750955219,0.208683449062722,0.350565597498048,0.359817778343708,"PCSK1"
0.0235090101076078,0.0127495424293112,0.610315006228716,0.353426441234365,"THBS1"
0.266829558039284,0.0631102531572578,0.275784877409619,0.394275311393839,"HSD17B2"
0.0381171791194145,0.456303365996402,0.0669716762132092,0.438607778670974,"LINC02568"
0.169501482708448,0.300332790604736,0.20312196901516,0.327043757671656,"H3C10"
0.0114411786866843,0.255680309412298,0.513052956788261,0.219825555112757,"IGLV3-19"
0.021930904621796,0.0398572192805559,0.804230175845051,0.133981700252597,"MT-TP"
0.0260471109173324,0.15445488919633,0.373387303178792,0.446110696707545,"SDS"
0.100906872385487,0.278158961798268,0.324069090069546,0.296865075746699,"KANK4"
0.165294263556472,0.298188082384136,0.252404644715113,0.284113009344279,"DEPDC1"
0.262385350401231,0.285167977714471,0.271701307300203,0.180745364584095,"PLAAT4"
0.00169371398527905,0.138869930986456,0.471592452618837,0.387843902409427,"RN7SL1"
0.0016937006760946,0.138869736990492,0.471592582928225,0.387843979405188,"107987206"
0.00282343843400001,0.166964161761754,0.385596215642584,0.444616184161662,"REP15"
0.109318668669509,0.349647041268303,0.217441647064667,0.323592642997521,"OCIAD2"
0.0139069332648932,0.0187681509780357,0.679766562005447,0.287558353751624,"HBD"
0.0377973099621534,0.0447999168826758,0.690054866520764,0.227347906634407,"PI16"
0.155443455389385,0.305148819656867,0.171402083075568,0.36800564187818,"H2BC13"
0.0423557513041832,0.610803494626408,0.0939330259978738,0.252907728071535,"PHGDH"
0.0669817108801727,0.000366367711954649,0.549568134177177,0.383083787230696,"MAP1B"
0.057986050391446,0.468884708649678,0.166833289689155,0.306295951269721,"TRBV7-4"
0.00554829826577968,0.00140257387078845,0.662548763767203,0.330500364096229,"SCARNA6"
0.146963327821839,0.518520658430279,0.0882492507381939,0.246266763009689,"HOGA1"
0.0691501442521798,0.559533929021542,0.129399161829872,0.241916764896407,"FHL2"
0.0559975575512295,0.422923795392357,0.352521245037733,0.168557402018681,"IGHJ6"
0.00703748436690525,1.752506885519e-05,0.768499832554348,0.224445158009892,"CNN1"
0.000577396522195631,0.330022083247251,0.266360925783549,0.403039594447004,"ECM1"
0.00387862809368077,0.00085609936210288,0.558529611501987,0.436735661042229,"STMN2"
0.00540089326947039,0.183060928812182,0.283046694568746,0.528491483349603,"ANO1"
0.064667292084354,0.546092220008787,0.104802974462235,0.284437513444624,"LINC02477"
0.0152699606455607,0.231269870933706,0.520303299028715,0.233156869392018,"IGLV1-44"
0.0616537106314221,0.000556017801274598,0.769408155723712,0.168382115843592,"SNORD97"
0.00876204725586155,0.114466561263323,0.562802934246044,0.313968457234772,"SPON1"
0.0850635963000666,0.416650698856665,0.180941878914697,0.317343825928571,"SV2B"
0.00277459247775692,0.275405047672956,0.332506852678609,0.389313507170678,"ALPK2"
0.00436498496666238,0.238879879191957,0.426158343477717,0.330596792363664,"CAMK1G"
0.106342615872886,0.0134295716520548,0.220419862775993,0.659807949699066,"UPK1B"
0.005752389006524,0.238395812755641,0.455176279753501,0.300675518484335,"PER1"
0.00143366114050334,0.0108289472008329,0.644328287173838,0.343409104484826,"RETNLB"
0.032453743324368,0.124652324691474,0.381873462682079,0.461020469302079,"PCSK2"
0.0983579478761086,5.6696310690635e-05,0.436484897913805,0.465100457899396,"CLDN1"
0.0419754498711392,3.82259520428628e-06,0.342531989948101,0.615488737585555,"SPOCK1"
0.0497126624149445,0.411204331521287,0.211757879647278,0.32732512641649,"TRBV7-6"
3.85130839130943e-05,0.0145478077015486,0.790018309715517,0.195395369499021,"SNORA12"
0.0448173554827607,0.0776599164925186,0.476679941703186,0.400842786321535,"NR4A2"
0.0131093411542044,0.152761917594519,0.298752173094893,0.535376568156384,"LINC01705"
0.00266389947877607,0.0352825351889597,0.39264531901941,0.569408246312855,"PCOLCE2"
0.0928004195820368,0.357164084345802,0.364491855671781,0.185543640400381,"PGBD5"
0.00175675886782137,0.261898330558734,0.562145563300155,0.17419934727329,"TNFAIP2"
0.00259297534276033,0.209965068427144,0.407237727833466,0.380204228396629,"RN7SL2"
0.00259303889769322,0.209966027058802,0.407235441421909,0.380205492621596,"LOC105378179"
0.00935586326684063,0.155987463535006,0.414662434312649,0.419994238885505,"CLCA2"
0.0778652189904184,0.575668321571898,0.237554853661675,0.108911605776009,"SDK1"
0.166065010734638,0.184592741828712,0.307795105646681,0.34154714178997,"HKDC1"
0.00705108735339505,0.0754284057569975,0.420843290235256,0.496677216654351,"HGD"
0.021975407335583,0.447889246244274,0.144968829128646,0.385166517291498,"TRIM50"
0.000381442516299918,0.0359385116213244,0.617895599435485,0.34578444642689,"FLNA"
0.000834309730674491,0.0526369732236978,0.657559512286168,0.288969204759459,"MT-ND5"
0.119684569753553,0.346615721622416,0.195768391383508,0.337931317240522,"CDCA7"
0.219426308651268,0.134516108877821,0.350628042432541,0.29542954003837,"FAM83B"
0.0159840853890615,0.0300568091263271,0.744976505766392,0.208982599718219,"MIR7705"
0.0314895567956875,0.000703200778939413,0.813164702416909,0.154642540008464,"C11orf96"
0.0627462587663824,0.565877634166818,0.137283620006106,0.234092487060693,"BCAN-AS1"
0.122197366963428,0.30835131095959,0.362670007618451,0.206781314458531,"IGKJ5"
0.0662965716213022,0.202581013094431,0.307812756578251,0.423309658706016,"LOC105372884"
0.0886512069697618,0.355246467767944,0.109466912950429,0.446635412311865,"GDF10"
0.034549860778261,0.441139372666619,0.179159891552507,0.345150875002613,"DGCR5"
0.0193848739787843,0.449226957814436,0.369936246121135,0.161451922085645,"XAF1"
0.0407990923808695,0.12031740778407,0.569165942119767,0.269717557715293,"SNORA74A"
0.00457066394480045,0.0569618089880748,0.422602094279392,0.515865432787733,"EPYC"
0.0275465616601515,0.237444496032878,0.227375683766453,0.507633258540517,"CEMIP"
0.389952529100779,0.0249000499482675,0.126579596618023,0.45856782433293,"SLC2A2"
0.0673392648694913,0.465349028532212,0.186548803941362,0.280762902656935,"SNTG2"
0.00868001610357132,0.349368716472203,0.10884317165222,0.533108095772006,"SLC25A45"
0.00121322923476506,0.499789599707396,0.255588356912228,0.243408814145611,"SLC6A6"
0.004196086274794,0.163757061420492,0.44826566995166,0.383781182353054,"COL22A1"
0.310331168157397,0.0200429557652789,0.37450122919192,0.295124646885405,"APOD"
0.00289961839426522,0.241636796840923,0.45914473672501,0.296318848039802,"IFI44L"
0.134927936092341,0.387779795838196,0.203854524664101,0.273437743405362,"ADAMTSL3"
1.6609536556139e-05,0.0168667458692695,0.80953091777651,0.173585726817665,"SNORA73B"
0.0438101892580449,0.0629255699608117,0.490403758577238,0.402860482203906,"CPXM1"
0.0638006278185013,0.048375228698693,0.478758133776094,0.409066009706712,"FMO5"
0.194816693771762,0.343833851896897,0.19068955120296,0.270659903128381,"PCDH9"
0.0437598228240623,0.275625917083857,0.295765588668057,0.384848671424024,"CSTA"
0.0129787041872961,0.00159182895687503,0.493451929983835,0.491977536871994,"ADIRF"
0.00580096010910548,0.445107337928056,0.144671255186777,0.404420446776061,"F11-AS1"
0.0278026754329826,0.25567198890729,0.244893824648137,0.471631511011591,"DUOXA1"
7.91932635760965e-08,0.0133365163146267,0.50024981648556,0.486413588006549,"PTK7"
0.502498935455584,0.0497120055354948,0.0788050733549708,0.36898398565395,"XPNPEP2"
0.1424152833882,0.377252285375775,0.16307662685872,0.317255804377305,"CTSS"
0.000465443000660822,0.343666772768086,0.195197093385077,0.460670690846176,"CXCR4"
0.154076306933402,0.369628890611291,0.300042110776407,0.1762526916789,"RFLNA"
0.101578720553521,0.47322989544943,0.217272403157436,0.207918980839612,"IGHV3-11"
0.22985903867338,0.0878074306293651,0.324225862400462,0.358107668296792,"BTD"
0.0573415866341349,0.0010385432653784,0.420407624775168,0.521212245325319,"DCN"
0.0781064137731146,0.434267481191364,0.0928966163715746,0.394729488663947,"GRB10"
0.169303611165612,0.37067657397129,0.134676298527021,0.325343516336077,"VLDLR"
0.159318253875281,0.41564653100386,0.208001433263413,0.217033781857447,"SPSB4"
0.000420008085305346,0.00507880065822519,0.62626595065195,0.36823524060452,"S100A8"
0.0630094061820455,0.39716535622451,0.278724837097005,0.261100400496439,"SYTL2"
0.0105470313489822,0.0875359317817625,0.397644110126882,0.504272926742374,"ISLR"
0.0309521110081699,0.00432950299888928,0.683818398261888,0.280899987731053,"FGF7"
7.52601971056194e-05,0.203394789383829,0.26238201351858,0.534147936900485,"ITGA11"
0.0134599528173858,0.395157847091554,0.20860172863694,0.38278047145412,"CFAP221"
0.299405678380297,0.355591338599728,0.157804574739623,0.187198408280352,"PRR15"
0.000326361862358238,0.21691490975845,0.386668573572727,0.396090154806464,"ENO2"
0.000752196176333474,0.00421815847065879,0.755049129097506,0.239980516255501,"AKAP12"
0.0539016073696509,0.00204995283030757,0.817496931719954,0.126551508080087,"TTTY14"
0.047012369969954,0.475023199602122,0.133114345140498,0.344850085287426,"TRBV7-5"
0.00155431601423493,0.0335111409097306,0.485271978925466,0.479662564150568,"MUC5B-AS1"
0.0774100593177531,0.506698784468069,0.164442980291654,0.251448175922524,"RNF212"
0.0731201683323277,0.0706243520662145,0.338649788794947,0.517605690806511,"SFTA2"
0.0539675046998468,0.0462266087538258,0.416275144774329,0.483530741771998,"APCS"
0.063896669822772,0.0490577548243757,0.567588759958688,0.319456815394164,"FHL5"
0.0280191222880036,0.504952971085097,0.133224838246548,0.333803068380351,"HUNK"
0.00818849175010707,0.102485293510769,0.383214429244586,0.506111785494538,"CALD1"
0.413831045075742,0.119361697504875,0.121252470885441,0.345554786533942,"MOGAT2"
0.00336962612315847,0.352106587090626,0.283124848058843,0.361398938727373,"PI3"
0.0790825960779664,0.445120904972053,0.165045984896031,0.310750514053949,"TRBV6-8"
0.000803375450036212,0.00277241339992403,0.88509081891412,0.111333392235919,"SNORA17B"
0.0381392630969046,0.00668452535982888,0.649112643610263,0.306063567933003,"ACKR1"
0.0350544703736045,0.118347160518645,0.682146456027113,0.164451913080637,"SLC2A3"
0.0216100070709626,0.275759757081468,0.275053542091391,0.427576693756178,"CYP24A1"
0.0932600936735438,0.217596966148022,0.443126236937171,0.246016703241263,"DSG2"
0.00555537159161426,0.000860328505543072,0.404214262706395,0.589370037196448,"CCL21"
0.0216675181120574,0.127225122224408,0.615818261718977,0.235289097944558,"HSPB7"
0.551910312711844,0.090455639285725,0.056085953295669,0.301548094706762,"CREB3L3"
0.146769780684849,0.164431176874214,0.463448535573874,0.225350506867064,"ELN"
0.00205723968329756,0.132244944886204,0.500862627108247,0.364835188322252,"MARCO"
0.0183677412216657,0.463081679644946,0.155454873064102,0.363095706069286,"H2BC3"
0.20967623294221,0.404794951757067,0.181657999685242,0.203870815615481,"S100A16"
0.125510026880406,0.015114338659836,0.737272010211955,0.122103624247803,"RNU1-4"
0.130982556604234,0.179353342960391,0.529660225070956,0.160003875364419,"PTX3"
0.00883945549243968,0.0271423886869834,0.772907500741989,0.191110655078588,"SNORA73A"
0.00809156379896128,0.177670810967217,0.573844483397407,0.240393141836415,"FKBP5"
0.225929263873593,0.268647205992193,0.16678359828368,0.338639931850534,"H2BC11"
0.00122033229195266,0.164443350776103,0.395158051442717,0.439178265489228,"PXDN"
0.049946335688832,0.328051232059344,0.241753014198568,0.380249418053256,"TENT5C"
0.130504948629645,0.421328617357816,0.140313003816874,0.307853430195665,"MKNK1"
0.0502015244725179,0.325961966955047,0.345341253221318,0.278495255351117,"IGKV3D-20"
0.167066175154084,0.347637213039044,0.185225512948383,0.300071098858489,"TTK"
0.0562916159087627,0.455130580113027,0.245368300816093,0.243209503162118,"ADCY1"
0.042710843797447,0.0583727056545332,0.601923605729892,0.296992844818128,"MIR1248"
0.000237951833709476,0.278841196702962,0.596019517715309,0.124901333748019,"ICAM1"
0.0084568301255948,4.45696272346659e-07,0.619176059018612,0.372366665159521,"COLEC12"
0.010620809145049,0.426395829204642,0.33433009285725,0.228653268793059,"SUCNR1"
0.0919013173742447,0.398117722219175,0.147307187898251,0.362673772508329,"SMIM38"
0.00450804195517226,0.0185214372981936,0.80527741812327,0.171693102623364,"SNORA70"
0.00984630176134551,0.106272577622989,0.433166330698394,0.450714789917271,"NEUROD1"
0.00416756513067876,0.450224139819397,0.218005133986237,0.327603161063688,"AKAP7"
0.0786891711134155,0.374555915471867,0.203806315324245,0.342948598090473,"NEURL3"
0.0446207088613611,0.133234257641001,0.576794589715222,0.245350443782416,"CCL19"
0.132689563410754,0.442935184853772,0.19760153336095,0.226773718374524,"VEPH1"
0.265220229337826,0.463453106668943,0.134793804230457,0.136532859762774,"DQX1"
0.00588320333584333,0.299483965594237,0.431850309040892,0.262782522029027,"SLCO4A1"
0.0198768834365793,0.274229751070843,0.273217266650024,0.432676098842553,"MPZL2"
0.00177777335264596,0.164858387198535,0.472384027037124,0.360979812411695,"PDLIM7"
0.131460381411362,0.351719341027223,0.227172867985687,0.289647409575729,"ITIH4"
0.290745374243698,0.329239102051309,0.170714675398012,0.20930084830698,"ANKRD40CL"
0.0212936226576272,0.154501538551987,0.44755170312301,0.376653135667376,"HAS2"
0.0131802388167288,0.000718601263119035,0.849772989642991,0.136328170277161,"TRK-TTT3-1"
0.0834969711173441,0.453428652251546,0.291138946621281,0.171935430009828,"SERPINA6"
0.409105044241085,0.00206122150478541,0.301428286131123,0.287405448123007,"HNF4G"
0.00205763499165453,0.356017153302751,0.149382991497804,0.49254222020779,"BICDL2"
0.119297299496511,0.452727805523883,0.256462174382955,0.17151272059665,"LONRF2"
0.0190868982026062,0.232627332971232,0.263571883338517,0.484713885487644,"NDNF"
0.0511402181623574,0.0125695602692125,0.707322623019169,0.228967598549261,"HMCN2"
0.0439475408007754,0.267428366284525,0.393025148736377,0.295598944178322,"FAM107A"
0.0481806823496723,0.0525710333945977,0.609398489426837,0.289849794828893,"SNORD133"
0.082620543747613,0.337101306925311,0.279587466252099,0.300690683074977,"PMAIP1"
0.0135666230513906,0.253002655351879,0.15780961663974,0.57562110495699,"CRACR2B"
0.0704374762425632,0.523353536436603,0.17112750302464,0.235081484296193,"UMOD"
0.00650292160297194,0.212085087988542,0.407350194387431,0.374061796021056,"CYP3A43"
0.108478001551395,0.480412761033514,0.177695254727968,0.233413982687123,"EFNB1"
0.0108740095495152,0.288310254635823,0.190998383070765,0.509817352743898,"TC2N"
0.0171360189855261,0.00120893721882688,0.829560064152435,0.152094979643212,"TRR-CCT3-1"
0.181812921798899,0.159090465712598,0.230673091925645,0.428423520562858,"FIRRE"
0.088770986554175,0.488700075820407,0.235794173857285,0.186734763768133,"SLC16A1"
0.107335167085754,0.50941616202251,0.121918490139144,0.261330180752591,"PLEKHH3"
0.0648401091168429,0.257515362498824,0.238064066492405,0.439580461891927,"CXCL14"
0.386545268424879,0.0697524976073886,0.226977952747013,0.31672428122072,"LOC105375647"
0.204239159319967,0.286736076306589,0.211856338680558,0.297168425692886,"H2AC16"
0.0390061945693445,0.616313697015911,0.175908376509435,0.16877173190531,"CSDC2"
0.163425931832394,0.2505885505463,0.334608713886133,0.251376803735173,"XKR9"
0.0282486912211838,0.329776758797125,0.309670445995101,0.33230410398659,"PTPRN2"
0.0215022542985283,0.203068897101445,0.313603443354685,0.461825405245342,"NRXN1"
0.116297155380809,0.402630330461391,0.157264010269597,0.323808503888202,"LOC105369919"
0.085241497529478,0.439548066582951,0.12868393527234,0.346526500615231,"CAMK2N1"
0.000331164444927047,0.0982094252085709,0.364881276405507,0.536578133940995,"GPC6"
0.121450989345659,0.400578271311849,0.205568603463547,0.272402135878946,"KIF14"
0.0186563152606446,0.0621480296163893,0.61729749125169,0.301898163871276,"FBLN2"
0.0675853350111501,0.33570317212006,0.199876027263899,0.39683546560489,"RAB3D"
0.242246410939228,0.161886511666519,0.179350048561078,0.416517028833175,"FOXA1"
0.139369862889417,0.266448665737878,0.284659195916892,0.309522275455812,"NUF2"
0.0018219861288563,0.243110879584685,0.404228641065404,0.350838493221055,"SERPINH1"
0.00960952110772981,0.163827822635611,0.317618948399061,0.508943707857599,"DIO2"
0.0603873884851555,0.390337264187121,0.256255255770541,0.293020091557182,"LIFR"
0.046777079951944,0.0449566064936635,0.508101360407626,0.400164953146767,"FGA"
0.00214537141337252,0.0280907367539026,0.737141484997828,0.232622406834896,"FHL1"
0.0883483557064788,0.524120314786697,0.197588018420995,0.189943311085829,"CECR2"
0.00374383859790445,0.38790360137663,0.28979800126633,0.318554558759136,"SYBU-AS1"
0.0563715896661687,0.0121455009195064,0.639789313901902,0.291693595512423,"CAVIN1"
0.0631510588406724,0.0284569829363294,0.754774484632908,0.15361747359009,"SNORA37"
0.0473971116832883,0.18978543330889,0.303712445933536,0.459105009074286,"SERPINE2"
0.00499942576879961,0.242388697358234,0.413483205566934,0.339128671306032,"ST8SIA3"
0.177081990756135,0.121955861682742,0.313533537276853,0.38742861028427,"BPIFB1"
0.00411419321615883,0.193202113453329,0.553993857411046,0.248689835919466,"RSAD2"
0.177323265263129,0.419656556594025,0.131319963239243,0.271700214903603,"SLC41A1"
0.0432707368072182,0.170644174951822,0.478516276273825,0.307568811967136,"TDO2"
0.0120308729828404,0.0625687909744852,0.427982236889089,0.497418099153586,"MTRNR2L2"
0.0904670610149401,0.17257336422003,0.391093422897921,0.345866151867109,"ADCYAP1"
0.251126310951987,0.0302673027393059,0.489387309631405,0.229219076677302,"CLDN7"
0.283850396726826,0.235636645304799,0.164870158918627,0.315642799049748,"PSMB9"
0.111469970078942,0.388245438208425,0.2087829400157,0.291501651696934,"ERBB4"
0.000418044511662704,0.0268624226098277,0.302103665566314,0.670615867312196,"PRUNE2"
0.0166126986006564,0.377685181705409,0.151042683881783,0.454659435812151,"EPHX2"
0.00770305625097772,0.00535963391538895,0.492066734989523,0.494870574844111,"SPEG"
0.0122954223180094,0.0446226258746943,0.404491140393516,0.53859081141378,"PGA3"
0.204999998738695,0.253320729981688,0.264359364740564,0.277319906539054,"BAIAP2L2"
0.0393458702882017,0.000256594363595262,0.707986615517451,0.252410919830752,"AOC3"
0.00234343704874162,0.0396605483881476,0.570101350395382,0.387894664167728,"CD248"
0.116148503063,0.283604329506616,0.159923810699973,0.440323356730411,"UBE2T"
0.171245977181652,0.396086470245851,0.249097459449022,0.183570093123474,"DEPDC1B"
0.00764305720645198,0.0411694742050797,0.660771293530287,0.290416175058182,"MAP1A"
0.311934935891295,0.225422364990739,0.167242676247925,0.295400022870041,"SCIN"
0.0578207668615638,0.214610497038456,0.549825359486078,0.177743376613902,"IGHV4-28"
0.0219574798028602,0.0139970719827822,0.6481702407223,0.315875207492058,"NR4A3"
0.485984759761169,0.0286278253260237,0.193098643148847,0.29228877176396,"SLC30A10"
0.0147340810430998,0.306397540843896,0.234923564322482,0.443944813790522,"MMP14"
0.00222412446078693,0.154194300373307,0.557709408623084,0.285872166542822,"112267956"
0.00791697729029679,0.167515960158989,0.26987486922651,0.554692193324204,"WNT7A"
0.0399932490275924,0.53155434598084,0.187879593787181,0.240572811204387,"MYOM1"
0.000233572098471737,0.324630635985476,0.310730522456579,0.364405269459473,"FYB1"
0.0353226398552144,0.0871674065408061,0.490048651066129,0.38746130253785,"CLEC5A"
0.0544686886019393,0.41089444527062,0.174328371016003,0.360308495111438,"COQ8A"
0.035644215375328,0.00757150221434245,0.674670379097498,0.282113903312832,"SCARNA12"
0.00397121625979906,0.00281169900985358,0.532708011851431,0.460509072878916,"101928841"
0.000142447137156374,0.0154987287573397,0.824174677289322,0.160184146816182,"SOCS3"
0.0906922522250618,0.124488596655041,0.306881137888461,0.477938013231436,"PPP1R14C"
0.00211769037263987,0.324210180763765,0.273006627557411,0.400665501306184,"107987113"
0.0173852647196016,0.124244823325075,0.609694274342646,0.248675637612677,"IGKV1-13"
0.00171451676354276,0.015603152662798,0.682395420289504,0.300286910284155,"TAGLN"
0.00510186221249857,0.267807797235292,0.27541038339173,0.45167995716048,"GJB6"
0.0393863679708348,0.000482182580077598,0.69640072677759,0.263730722671497,"107984338"
0.241454932171591,0.113826404863411,0.394097410654238,0.25062125231076,"MEG3"
0.00255134651184081,0.131795675994627,0.495483246244789,0.370169731248744,"MT-CYB"
0.00930111652468155,0.0811269296875036,0.399008668879737,0.510563284908078,"FSTL1"
0.0349213390700767,0.388061894938254,0.215845024614997,0.361171741376672,"SLC17A9"
0.225543161464081,0.154745094631058,0.246392798863028,0.373318945041833,"H2AC18"
0.0550432590298449,0.39187836071925,0.215111721859734,0.337966658391171,"ONECUT3"
0.00842209056873956,0.26344025011287,0.290763536650701,0.43737412266769,"LGR5"
0.172329937195262,0.304240917982191,0.261988550074427,0.261440594748121,"MELK"
0.0328508435298993,0.269806294028559,0.316334763949181,0.381008098492361,"LOC102724562"
0.0644322058320256,0.417530827468584,0.192270601730587,0.325766364968803,"TRBV7-7"
0.168594797262613,0.336792459332466,0.159126261135127,0.335486482269794,"CDCA2"
0.00765847904451113,0.0416136544300266,0.46058277012935,0.490145096396112,"AFF3"
0.141764179789163,0.0318751046294182,0.424262132447895,0.402098583133524,"FGF14"
0.113330986792239,0.00500296710754095,0.502394424581687,0.379271621518533,"SSTR1"
0.0408126389474091,0.128596392263758,0.586273378373923,0.24431759041491,"IGKV1D-13"
0.0191367781039493,0.703198339073172,0.0982130853051714,0.179451797517707,"LOC105369517"
0.0241076462450908,0.158662389559099,0.538215583756196,0.279014380439615,"TMEM40"
0.0573391305858828,0.195940436488582,0.474320815268747,0.272399617656788,"IGKV1-27"
0.0153263061245211,0.202237740711176,0.598114343170725,0.184321609993578,"TYMP"
0.0704364763007474,0.483480941949306,0.201793136051723,0.244289445698223,"SAMD9"
0.0420669752889569,0.412706071638906,0.179049759519154,0.366177193552983,"TRBV7-9"
0.0485372456908921,0.0352943353053953,0.677925887759687,0.238242531244026,"SNORA10"
0.178838802491533,0.217251871285161,0.308808560082472,0.295100766140833,"PBK"
0.163162579483259,0.0885044334234189,0.399791386213147,0.348541600880175,"ITLN2"
0.0384654171352555,0.0507456649036759,0.795478057901792,0.115310860059276,"ADAMTSL4"
0.108393155649447,0.249348456836664,0.309153189291809,0.333105198222081,"HLA-DRA"
0.00858722638465251,0.224156965105662,0.396306113077617,0.370949695432069,"ID4"
4.2661696534694e-05,0.190038748022392,0.261577105830516,0.548341484450557,"FSCN1"
0.0302922956716373,0.285035854208967,0.373899772673103,0.310772077446292,"MGLL"
0.000727745660908528,0.0288767280286243,0.342080279091735,0.628315247218732,"CDH2"
0.074293906905251,0.202139803749565,0.260427002399454,0.46313928694573,"LSAMP"
0.0502779090022153,0.214730364959205,0.305736307008556,0.429255419030024,"KRT6B"
0.289563240470551,0.212884754308648,0.313724128096193,0.183827877124608,"PPP1R14D"
0.00280374174367375,0.11274214415157,0.496038096598066,0.388416017506691,"AQP9"
0.0548949735215264,0.413167021129958,0.227127845587079,0.304810159761437,"TRBV6-7"
0.361104868372115,0.120702984823618,0.224176754510904,0.294015392293363,"LOC105375431"
0.0802937260032654,0.0676580105988631,0.455555059995315,0.396493203402556,"SLC34A2"
0.00314915602947115,0.052904596162743,0.473969280818032,0.469976966989753,"PGA4"
0.000421053858527629,0.208160981272408,0.123676239139432,0.667741725729632,"PIWIL2"
0.0723776198269094,0.416513810123895,0.134418239352678,0.376690330696519,"LINC02827"
0.0697357356865709,0.465769132831088,0.264897221496583,0.199597909985758,"PTPRS"
3.25127452280001e-05,0.0103468454809841,0.845269229117064,0.144351412656724,"SNORA21"
0.000172033885420773,0.00314594379981956,0.809059648627654,0.187622373687105,"SNORA53"
0.0313458174933784,0.163404425636906,0.574174586391322,0.231075170478393,"LOC105375166"
0.0969734673984155,0.0140574253582561,0.534917260632792,0.354051846610537,"DCLK1"
0.0372819502179183,0.0593211506155266,0.607654958418466,0.295741940748089,"SNORA81"
0.283478138478853,0.180752671004293,0.261545722244058,0.274223468272796,"TM4SF5"
0.00136750399849155,0.295189599796869,0.425180179687795,0.278262716516845,"PTGES"
0.0516629654040904,0.012143829223,0.381507407871588,0.554685797501321,"KRT4"
0.120342093471209,0.323007950906117,0.318213772709618,0.238436182913056,"CD68"
0.00192334229383923,0.191363742098024,0.328398136829973,0.478314778778163,"LAMA4"
0.15150196323055,0.292686170183693,0.272056199402834,0.283755667182924,"TXN"
0.0979349391526169,0.44013117174087,0.185119968186978,0.276813920919535,"TMEM92"
0.149268199984348,0.301917336243861,0.379097345325081,0.16971711844671,"PNP"
0.0966371442537928,0.425326056456756,0.312860141174081,0.16517665811537,"DLK1"
0.24053673637494,0.103233367493261,0.394951677424576,0.261278218707223,"ACHE"
0.179953315111825,0.215217755179116,0.308429324134576,0.296399605574483,"GRAMD1B"
0.348263598586197,0.163105019640345,0.149153638464229,0.339477743309229,"BTNL3"
0.154217077715938,0.261936193392843,0.27960874109573,0.304237987795489,"H2BC17"
0.149701850426336,0.385039446213997,0.242682828289629,0.222575875070038,"CDC20"
0.00928496194682993,0.0286582941554409,0.749192593648883,0.212864150248846,"MFAP4"
0.251903035053583,0.217141302576495,0.323597993953044,0.207357668416878,"107984234"
0.00648654056360676,0.186862425106677,0.548066277312326,0.25858475701739,"IFI16"
0.00114456149794687,0.457071429579828,0.347400826248914,0.194383182673312,"ADAM8"
0.00236750552310991,0.0169626709207844,0.546519210151034,0.434150613405072,"SCG2"
0.00516796169282567,0.267537446716337,0.3019104175605,0.425384174030337,"MDFI"
0.113285231875511,0.326707137252966,0.271003545945618,0.289004084925906,"TTN"
1.11436594539372e-05,0.0480404031354832,0.519675884905743,0.43227256829932,"MOXD1"
0.0123115625429247,0.0271922245496297,0.602985474627292,0.357510738280153,"C4B"
0.000535930775704947,0.264281837704024,0.411028584866973,0.324153646653298,"SAMSN1"
0.276976003444293,0.406450667909749,0.156919652419266,0.159653676226691,"CGNL1"
0.0159341621161901,0.100689972041266,0.535352443276106,0.348023422566439,"GPX3"
0.0396599406424213,0.357688673518723,0.223499716634427,0.379151669204429,"TECPR1"
0.0292439170138989,0.449688149118319,0.247377855885893,0.27369007798189,"PHLDA2"
0.0151332379007053,0.074973188922528,0.449696845998582,0.460196727178184,"LOC112268271"
0.217762261143398,0.246179721215662,0.28247742944904,0.2535805881919,"IHH"
0.0104736300238575,0.155795107618315,0.397236915060513,0.436494347297314,"LRP1B"
0.0296323840795727,0.60961912448529,0.208031085608265,0.152717405826873,"IL2RG"
0.00235275833337061,0.430136455941081,0.241956170971848,0.3255546147537,"LOC107983981"
0.00652452056732939,0.152881743266912,0.448484362898068,0.39210937326769,"MYOC"
0.141825392576817,0.440067988093241,0.124210118449722,0.29389650088022,"TMEM131L"
0.0678738373398436,0.455306874519649,0.173005261350287,0.30381402679022,"107985883"
0.188007775320864,0.314854573311537,0.24038855127845,0.256749100089148,"RNF144A"
0.0014933409564979,0.192029932719887,0.379231171385765,0.427245554937851,"LCP1"
0.00577280764604032,0.0329414664346001,0.530598854241238,0.430686871678122,"LOC105372693"
0.00055931765824279,0.162989635870883,0.29308676562243,0.543364280848445,"HOXB3"
0.00193816001670499,0.00298911064214973,0.674054326079022,0.321018403262123,"SLC44A5"
0.18213812403512,0.42509518167183,0.183234562732685,0.209532131560365,"CRACD"
0.00159039093545768,0.188725061303117,0.380167640094891,0.429516907666534,"LY6E"
0.190859532660557,0.104497443976274,0.264240059614359,0.440402963748811,"NIPAL1"
0.163400755549503,0.318931168842716,0.196423760897046,0.321244314710735,"H2AC17"
0.000181160356789697,0.2286898319527,0.361049657262342,0.410079350428168,"ARL4C"
0.045966989155234,0.112937046706259,0.398975783806492,0.442120180332016,"HTRA3"
0.00286960302171495,0.350318698831781,0.45395109470018,0.192860603446324,"HAPLN3"
0.00731010515411319,0.18144748222327,0.231597526786691,0.579644885835926,"CD24"
0.00048622519470645,0.0769936501999959,0.415295569244957,0.507224555360341,"HMCN1"
0.0909801187486885,0.308642582550943,0.309602210489847,0.290775088210521,"KCNJ8"
0.00273298153698615,0.21836411061452,0.477585485884,0.301317421964494,"CASC9"
0.172486031108341,0.273084377347641,0.204817681381874,0.349611910162144,"CDKN3"
0.00723312523848531,0.0427057165262527,0.635339230603078,0.314721927632184,"C5AR1"
0.110739458406858,0.227337851714274,0.356389917217399,0.305532772661468,"AADACP1"
0.0169449237133845,0.327379252854712,0.305713945388047,0.349961878043857,"LINC02086"
0.12354068796509,0.1947682747741,0.304220516866816,0.377470520393995,"PCLAF"
0.283385941188475,0.0983074288002603,0.195852221941412,0.422454408069853,"SMPD3"
0.226873337770891,0.102704657879322,0.341262075881892,0.329159928467896,"CMBL"
0.111599527355651,0.309788669099065,0.273830223518784,0.304781580026501,"FAM174B"
0.350974345217258,0.146570981306439,0.219159688316468,0.283294985159835,"ADA"
0.0338035434152818,0.00437222265720916,0.579832627063052,0.381991606864457,"MTRNR2L1"
0.0303716898430329,0.12606590217157,0.566729534613261,0.276832873372136,"SLCO1B3-SLCO1B7"
0.0757662939158076,0.0210250173008637,0.85095609021226,0.0522525985710692,"MIR3609"
0.00367887351454937,0.16369571771794,0.36753599479754,0.465089413969971,"IGF2BP3"
0.0304504855192077,0.338936882374416,0.186252246360071,0.444360385746305,"ADAMTS17"
0.00125190137023058,0.0204613369560929,0.551525217901218,0.426761543772458,"CSPG4"
0.305007528696451,0.351002365083587,0.201961131565457,0.142028974654505,"PLAAT2"
0.0295934818196894,0.0822944434204048,0.383566580776829,0.504545493983077,"FAT2"
0.0178459165488292,0.409558845275338,0.346250926136625,0.226344312039207,"IGKV1-6"
0.00026166553747393,0.132308985641048,0.612734642752467,0.254694706069011,"ITGB3"
0.048089527494101,0.494473915380641,0.101269857893531,0.356166699231727,"CAPG"
0.0110751447015022,0.0236000541767978,0.621945968244337,0.343378832877363,"CD163"
0.0958572544749264,0.391373578281422,0.247867968849184,0.264901198394468,"PDGFD"
0.00494228320452303,0.139004686077856,0.342984691802068,0.513068338915552,"BNC2"
0.175315006180299,0.00645427155848975,0.389836892271119,0.428393829990092,"CAPN13"
0.626340849831427,0.0496246145647415,0.0347474634226599,0.289287072181171,"CEACAM20"
0.313032156828413,0.230561299780172,0.193413223443866,0.262993319947549,"CDX1"
0.000149077659127003,0.0742397434244629,0.482633496780654,0.442977682135756,"IRAG1"
0.000240037444226846,0.296914701301369,0.367451402073208,0.335393859181195,"TUBB3"
0.000890020632005471,0.000565946155026777,0.659047383480066,0.339496649732901,"FOS"
0.0303960005259659,0.255059040170168,0.283700194292934,0.430844765010932,"TNNI2"
0.000108218910080886,0.13951549263164,0.406993074632349,0.45338321382593,"WNT2"
0.0471020333193466,0.107132465747676,0.520122738329793,0.325642762603185,"ZNF331"
1.01630320739532e-05,0.308562811229684,0.163138276725781,0.528288749012461,"TPRN"
0.0109012059421411,0.152384734317421,0.250854257075544,0.585859802664893,"CATSPERB"
0.00367091448735526,0.0055877351643026,0.546232535387045,0.444508814961297,"KLK12"
0.165441863666244,0.32028186374697,0.247058668164932,0.267217604421855,"MIR10393"
0.000398359765619329,0.270702265346191,0.351716866164812,0.377182508723378,"CXCL13"
0.182717513566932,0.212856022490981,0.18547867329127,0.418947790650817,"H2AC4"
0.0101619189983798,0.000994574432176023,0.455097457490548,0.533746049078896,"SLC19A3"
0.226734436214679,0.145646543162965,0.257143147357378,0.370475873264977,"H2AC19"
0.000133879392406054,0.438827412386909,0.30054026491913,0.260498443301555,"IL1A"
0.0497113343208508,0.10663897591288,0.421749091409323,0.421900598356946,"MIR7-3HG"
0.161211762520153,0.199979239337279,0.379944107542678,0.25886489059989,"TMEM176A"
0.0274412951459145,0.0660838142013905,0.424523639584406,0.481951251068289,"GPAM"
0.0545703519421881,0.00217080851191278,0.678585124547863,0.264673714998037,"EFEMP1"
0.0602943435888161,0.433440128353195,0.152435539176574,0.353829988881415,"LOC105369544"
0.00400798333541018,0.537862040701427,0.346724385563765,0.111405590399397,"DAPP1"
0.0759305117636183,0.210289614357389,0.350765458781107,0.363014415097886,"TMEM200A"
0.11104386630675,0.511410441387131,0.077548536852857,0.299997155453262,"CFAP91"
0.0179848383597897,0.128099018493866,0.434062633642025,0.419853509504319,"IGHD"
0.105204379007532,0.401948943861644,0.140797900702654,0.35204877642817,"LRIG1"
0.000487397479692065,0.319334132943062,0.209315253109999,0.470863216467247,"PHYHIPL"
0.281838893084292,0.311415292217883,0.12002403917123,0.286721775526595,"CKMT1B"
0.0909917980079349,0.554298318671915,0.168234749489838,0.186475133830312,"MAPK8IP1"
0.155975175030866,0.317837313943603,0.217699200808231,0.3084883102173,"FUT3"
0.0528029766716638,0.381860650154024,0.255272895154165,0.310063478020146,"TRBV6-5"
0.0291921289567833,0.000874538550746897,0.76150764938779,0.20842568310468,"CCDC3"
0.0280995535007311,0.371518989417708,0.223521419797351,0.37686003728421,"UBE2R2-AS1"
0.0590499908727474,0.0175448330066525,0.764546073498072,0.158859102622529,"ADAMTS1"
0.0689207934190844,0.239322609641123,0.316899756080654,0.374856840859139,"CDH23"
0.0183524728793099,0.0207531687172784,0.639815743801841,0.321078614601571,"SLC18A1"
0.00908503595019845,0.157202214298218,0.291816146679488,0.541896603072096,"SGIP1"
0.000340367502341322,0.0852456058788116,0.606482900613105,0.307931126005742,"CFD"
0.0101987559473542,0.0259587594307233,0.665468932589855,0.298373552032067,"COL6A2"
0.047199547287172,3.15825214975371e-05,0.752074728320435,0.200694141870896,"WDR74"
0.0114525825676061,0.0436557407421521,0.342776756181265,0.602114920508977,"ANGPTL4"
0.00713329695099576,0.00784752350309022,0.514446887624641,0.470572291921273,"CACNA1H"
0.0154558634192763,0.234529109531194,0.620035110595751,0.129979916453779,"HBEGF"
0.000772822252987424,0.181362851197934,0.335366721278628,0.482497605270451,"CADM2"
0.0408090744721557,0.0411764628170605,0.497241036321648,0.420773426389136,"TDRD1"
0.120289676543363,0.384758233306443,0.212144242870902,0.282807847279291,"NPY5R"
0.0214964374344441,0.00632111493390811,0.663389429775464,0.308793017856183,"ANK2"
0.0669320378265227,0.113016672859539,0.298456360624857,0.521594928689081,"TMPRSS2"
0.303722482755988,0.254560175523858,0.282148316884152,0.159569024836002,"ESCO2"
0.0178256269031526,0.40410506977064,0.315608823670824,0.262460479655384,"IGLV3-21"
0.0160896240436379,0.155214036471421,0.321554088761083,0.507142250723858,"RGS1"
0.0127060173860673,0.0130192892951624,0.23595863128105,0.73831606203772,"OVOL1"
0.058659626900432,0.00422628859803539,0.844699479057104,0.0924146054444285,"SNORA8"
0.0217129299592869,0.416455031646274,0.25250869606384,0.309323342330599,"CARD11"
0.0328540345189765,0.0663541206417138,0.53794481218061,0.3628470326587,"TBX18"
0.00700227500887849,0.0312082078134059,0.580337139492095,0.381452377685621,"MSRB3"
0.0133031720296877,0.149888063464727,0.436274857506004,0.400533906999582,"C3orf70"
0.0565699493901831,0.142758148493127,0.457959666162662,0.342712235954028,"SYT4"
0.00429214507364257,0.172640696619062,0.577316590638204,0.245750567669091,"OSM"
0.00461861515834546,0.197216667337856,0.387758199649096,0.410406517854702,"IRAK3"
0.182488104470705,0.125294628701319,0.188174504591475,0.504042762236501,"VIP"
0.0510926420250657,0.480135904526982,0.199961555116191,0.268809898331762,"LINC00339"
0.0307023730316887,0.302938286515315,0.444410453545905,0.221948886907091,"IGKV3D-15"
0.0712917306165325,0.164531284316652,0.482630585578333,0.281546399488483,"KLF4"
0.0734030865120923,0.650778125043087,0.135678058447103,0.140140729997718,"PTK6"
0.183562412845219,0.214660316468505,0.193142953556667,0.408634317129609,"RAD51AP1"
0.00333660009225051,0.170440568659396,0.394428356827419,0.431794474420935,"FST"
0.0479395863330368,0.461114046372817,0.319651703548077,0.171294663746069,"TRABD2A"
0.0191020095291239,0.0627230754600669,0.44306214028964,0.47511277472117,"DDIT4"
0.121151264522829,0.377872507948899,0.181323630376949,0.319652597151322,"LOC105370092"
0.021313045516646,0.106946542836837,0.648626209426327,0.22311420222019,"CRYAB"
0.0485534843363808,0.356618345811109,0.285019630475892,0.309808539376618,"TRBV5-5"
0.0715129496654969,0.28423039886724,0.348501687234808,0.295754964232455,"AASS"
0.0548013090666784,0.490115383523194,0.0722995919182673,0.38278371549186,"CNKSR3"
0.0555938867815984,0.385670175358372,0.213616354975852,0.345119582884178,"WNT10A"
0.0755348236942909,0.295214201531897,0.168407468488285,0.460843506285527,"LIPH"
0.00513066881311602,0.0115749475585988,0.483728006725295,0.49956637690299,"CXCL2"
0.165042071091178,0.257507366389801,0.305750497587094,0.271700064931927,"CXCL10"
0.221178350049056,0.263805300775687,0.154931764294946,0.360084584880311,"H2AC12"
0.0429359369365529,0.34957527377715,0.34577060729475,0.261718181991547,"ISG15"
0.127701626844639,0.454814856664846,0.155255139733827,0.262228376756688,"GALE"
0.0200502746206773,0.364913298738024,0.453410633486041,0.161625793155258,"IGKV1D-33"
0.0315107895525684,0.0177221943398885,0.81111844158042,0.139648574527124,"LOC105379574"
0.00262245246485207,0.0219665188891241,0.60987234351163,0.365538685134394,"CES1"
0.0216415723017839,0.344604945927631,0.353378301969824,0.280375179800761,"GABRB3"
0.00943083139478619,0.129265120432073,0.540149908036526,0.321154140136615,"SNORA74D"
0.00621718712474059,0.121109227753315,0.586718179168437,0.285955405953507,"HLA-DQB1"
0.00098117394223844,0.139790736585686,0.486718110565365,0.37250997890671,"TREM1"
0.196810127161463,0.282941255961887,0.132738400465892,0.387510216410759,"INAVA"
0.0571842247462726,0.0594426842159149,0.492407431042379,0.390965659995434,"SIK1"
0.0125527160941236,0.294797780462491,0.398046725067701,0.294602778375685,"HAVCR1"
0.00242438776431155,0.0182950457306683,0.572644601712184,0.406635964792836,"S100A9"
0.0240809889510646,0.186110428318953,0.336155161549812,0.453653421180171,"LOC105372424"
0.00136450193274165,0.0873093074621053,0.631474921562553,0.2798512690426,"KLF2"
0.0324598737641916,0.468424307686801,0.267982779707783,0.231133038841224,"CAMK2N2"
0.127801180020496,0.153674868334484,0.150445703247036,0.568078248397984,"SLC9C1"
0.00102474917206767,0.0861653897004687,0.590397089534823,0.322412771592641,"JPH2"
0.0721159985665178,0.394709342186405,0.191658270690732,0.341516388556346,"CFAP97D2"
0.00206924003945038,4.73730187888452e-05,0.840350796454422,0.157532590487338,"SNORA84"
0.0145377322326343,0.0431604975888834,0.384029971280779,0.558271798897703,"PPP1R1B"
0.010118825519287,0.241526607228707,0.328208455158675,0.42014611209333,"ROS1"
0.00201862313671584,2.20077335491044e-05,0.839710572335069,0.158248796794666,"MIR3651"
0.00849826359098667,0.22625926446493,0.420972619583356,0.344269852360728,"KCNE3"
0.068188445835189,0.117419662959527,0.645009049927525,0.16938284127776,"283174"
0.0392524293182288,0.393438378568591,0.226866697260182,0.340442494852998,"CCDC172"
0.00234477016146271,0.131729800967477,0.251456243039939,0.614469185831121,"FOXA3"
0.289734216179822,0.03354446188667,0.360248099350464,0.316473222583044,"CIST1"
0.0057895563179812,0.000960347717484079,0.474087357982008,0.519162737982527,"AGAP11"
0.00516027241362246,0.317471283009809,0.35342280605545,0.323945638521119,"CHST11"
0.0380277321946914,0.0676136909152091,0.639805680719102,0.254552896170997,"IGSF9B"
0.0177117870402588,0.0268469819998892,0.366555687657001,0.588885543302851,"KCND2"
0.0130113880955333,0.0438725213664748,0.637873480721037,0.305242609816955,"CRISPLD2"
0.115146850325431,0.146639579819813,0.392246286090346,0.345967283764411,"PLCXD3"
0.0555918064609067,0.0298634865857464,0.688977520482845,0.225567186470502,"PAX8-AS1"
0.0213651498449645,0.27517816166208,0.186043980018895,0.51741270847406,"ACACB"
0.00130592733117655,0.324049220268611,0.345387166786212,0.329257685614001,"PEX6"
0.00848263508556698,0.0262108061226603,0.609535119369402,0.35577143942237,"C4A"
9.98844213303481e-05,0.0858148619938796,0.690908619953912,0.223176633630878,"ACAN"
0.0701168611731365,0.116146921322405,0.138929947689549,0.674806269814909,"NR0B2"
0.00234332717303445,0.27214605303608,0.445117069580014,0.280393550210872,"BCL2A1"
0.0290347296385398,0.240412609181726,0.250389834476798,0.480162826702936,"PLXNA2"
0.166702162590379,0.0866170522269789,0.411515983604106,0.335164801578536,"RNF128"
0.243786244646818,0.280160754293308,0.182895567069076,0.293157433990799,"ADTRP"
0.00266417090095259,0.107320543632672,0.60368347746986,0.286331807996516,"LYVE1"
0.0118189364102406,0.268799012697957,0.340294350021427,0.379087700870375,"IL7R"
0.0938780238537086,0.41678955024301,0.194972513691733,0.294359912211548,"CENPK"
0.0459285056428276,0.247745987449326,0.484277997312906,0.22204750959494,"CD74"
0.0269298677804187,0.209910879379848,0.179380304728483,0.58377894811125,"COL24A1"
0.0859239450926735,0.3214667619636,0.488256280170134,0.104353012773593,"SLC38A4"
0.0879814212526232,0.00128541149102057,0.592815562423995,0.317917604832361,"LMCD1"
1.44395817636681e-06,0.0116649119023633,0.582357250632535,0.405976393506926,"ACTC1"
0.0374495293680562,0.509479977719655,0.197601871130831,0.255468621781458,"TBC1D2"
0.000260615343972713,0.00699419331474892,0.529084113826851,0.463661077514427,"SGCD"
0.00257505646063948,0.252508557865839,0.305785168746345,0.439131216927177,"CTH"
0.06945947088584,0.338822835373708,0.336458388192459,0.255259305547993,"LOC107984018"
0.00052676190013178,0.296812580972683,0.421544066294332,0.281116590832853,"UBASH3B"
0.0073403160660045,0.00246391293607667,0.646150485088544,0.344045285909375,"PDZRN4"
0.000296756113223499,0.263750974129025,0.33831339143976,0.397638878317992,"C10orf55"
0.0320750788899042,0.0557085192669907,0.54168695855524,0.370529443287866,"ADAMTS15"
0.0228632788339932,0.00915813577372515,0.848365771009949,0.119612814382333,"SNORA16A"
0.000213344273657033,0.160682008197788,0.476432151915342,0.362672495613213,"HAVCR2"
0.0602832342053646,0.453492548649742,0.214307470293379,0.271916746851515,"CENPE"
0.0251043297893275,0.486887433240336,0.216659502750042,0.271348734220294,"LOC102723663"
0.104529848273396,0.121806713574923,0.584861593001615,0.188801845150066,"TNS1"
0.000900081180781143,0.00103637493976401,0.862031170082962,0.136032373796493,"RNU4-2"
0.144820772876925,0.17287034058893,0.369879634159788,0.312429252374357,"SYT16"
0.0258943343358818,0.0536240179501208,0.489494254061785,0.430987393652213,"ITGA8"
0.0251923423186842,0.131041624048051,0.498771937251677,0.344994096381587,"HLA-DQA1"
0.229817050791881,0.12965481234847,0.35666770102549,0.283860435834159,"SLC28A3"
0.0376626096558088,0.417249283534449,0.151238253799641,0.393849853010102,"BIK"
0.068132244624582,0.163467291515913,0.264590195118799,0.503810268740706,"SOX21"
0.164296619861073,0.238897151129205,0.321034550421942,0.27577167858778,"CFB"
0.0405185986681567,0.0151285863719113,0.532987087803466,0.411365727156466,"FRZB"
0.117922256782774,0.213748101412978,0.296414429125246,0.371915212679002,"FGF10"
0.00604296720933533,0.0948552311718625,0.441256706476021,0.457845095142781,"SPTSSB"
0.0147392554506081,0.0031217053103298,0.629807009189639,0.352332030049423,"SYNE3"
0.184654215331917,0.353912101292574,0.241825633345708,0.219608050029801,"S100A10"
0.000212461772245574,0.265204783484431,0.298113407959008,0.436469346784316,"SSR4"
0.0268831152128068,0.403531150273925,0.12161769468024,0.447968039833028,"FOXQ1"
0.0383692531661738,0.427999394686515,0.251512299881302,0.282119052266009,"HCN1"
0.00389371503524307,0.194621209125931,0.243715414829979,0.557769661008847,"PALLD"
0.00489108798620636,0.0347012434809178,0.487992235302293,0.472415433230582,"CDH6"
0.000375532506146111,0.477345906901043,0.147873593316368,0.374404967276443,"REEP1"
0.122576091139469,0.000516214085118323,0.496371168480364,0.380536526295049,"KCNE4"
0.034402036548958,0.259037018364833,0.150750951125932,0.555809993960277,"EPHX4"
0.20494225869163,0.0664597561291588,0.245382905317052,0.483215079862159,"SLC35G1"
0.0289496758531009,0.0444702782980116,0.427694901516638,0.49888514433225,"A4GNT"
0.0389285493726029,0.122637164396978,0.425111711698204,0.413322574532215,"PDZK1IP1"
0.0728855728140142,0.16435160984168,0.453381459472721,0.309381357871585,"FER1L6-AS1"
0.0147043685557687,0.163690081170549,0.4277687161952,0.393836834078483,"BASP1"
0.0060817475999652,0.00887197412942582,0.489998814171551,0.495047464099058,"FAT3"
0.0335859592204267,0.020095182913785,0.774526799228493,0.171792058637295,"LOC221946"
0.0766388581884019,0.389911728458318,0.221234024253979,0.312215389099302,"LOC105374598"
0.00970025048278891,0.458256789295515,0.0961693835255207,0.435873576696175,"IFRD1"
0.00631888581546715,0.00240636536317688,0.753813496552781,0.237461252268575,"SNORA24"
0.0543661383868259,0.0309763224037811,0.339666698281209,0.574990840928184,"HHIP"
0.0667022951138389,0.585746885737218,0.093573330721643,0.2539774884273,"LOC107986239"
0.0380023181095004,0.345717029628439,0.361052338840195,0.255228313421866,"IGLV1-40"
0.535300939224012,0.00402171014130052,0.0604492410988849,0.400228109535802,"G6PC1"
0.000674128664890853,0.0742224195158693,0.37125895250021,0.55384449931903,"PPARGC1A"
0.00638652243458441,0.002165099615409,0.733425214732166,0.258023163217841,"SNORA71A"
0.132748847351282,0.12124015287008,0.399927505348075,0.346083494430563,"NOL4"
0.0211468674726282,0.163771614897922,0.434249678825171,0.380831838804279,"PADI3"
0.00576551588425828,0.522539163126814,0.126410943221727,0.345284377767201,"BLACAT1"
0.0568161346468273,0.0376990720668603,0.512278265690803,0.39320652759551,"RASD1"
0.0147604140769069,0.0316842570135082,0.430586258872268,0.522969070037317,"PDPN"
0.00815232970347981,0.187345606077594,0.46929721679662,0.335204847422306,"C1QB"
0.0310048023158607,0.380985951228745,0.259532029756236,0.328477216699158,"TRBV6-6"
0.0214057392606288,0.376147658040542,0.404750374390916,0.197696228307913,"ATRNL1"
0.0055493900635721,0.364984958391946,0.170537910169951,0.458927741374531,"FBXO2"
0.06642551666521,0.435933869012677,0.200906671060213,0.2967339432619,"MYRIP"
0.020300018556424,0.00373723911912921,0.488583625508406,0.48737911681604,"SUSD5"
0.0795246074342207,0.500576660048605,0.165250197642668,0.254648534874506,"BACE1-AS"
0.210381433790151,0.0289711113317358,0.399050773903475,0.361596680974638,"PRR15L"
0.00532424038948168,0.1903758617082,0.246075783405509,0.558224114496809,"MMP10"
0.0250745884855034,0.0970999332208456,0.412420801261257,0.465404677032394,"COL4A1"
0.044923515378493,0.153780799353352,0.574949121296114,0.226346563972042,"CHST4"
0.036963098229576,0.311911823061654,0.292025327578227,0.359099751130544,"107987152"
0.0810837502593981,0.208386154092107,0.431010685302366,0.279519410346129,"MYT1L"
0.169962015180762,0.0320659993422694,0.64268303412335,0.155288951353619,"THBS4"
0.176508798376216,0.392903236452564,0.242209823958345,0.188378141212876,"ID1"
0.1481158846079,0.414837850699935,0.210327187301262,0.226719077390903,"ZNF488"
0.126561441014629,0.333343719999009,0.27219016287834,0.267904676108022,"SLC8A2"
0.247077785862238,0.0640319254491129,0.383799807403707,0.305090481284943,"CPE"
0.0903243608209933,0.00632110746825959,0.577707021722063,0.325647509988684,"NGFR"
0.285723205017976,0.266297071621771,0.165651157529155,0.282328565831098,"CKMT1A"
0.0160287821217798,0.130451097626313,0.567180480299802,0.286339639952105,"ANKRD22"
0.00162098260822608,0.290472583833785,0.445891309705957,0.262015123852032,"CXCL3"
0.0108784717696008,0.12437094686688,0.519536158695619,0.3452144226679,"COL4A2"
0.0499769994918423,0.0683139916861568,0.435342817440681,0.446366191381319,"MSMB"
0.00186235612678764,0.139881932175542,0.348184784121304,0.510070927576367,"COL4A6"
0.0354651308726404,0.144366804828595,0.36666079902981,0.453507265268954,"COL19A1"
0.0052264514065843,0.195053658509511,0.468539757593189,0.331180132490716,"ITGB2"
0.0276773979075042,0.00248320586875267,0.606470846019893,0.36336855020385,"EGR3"
0.135247170280419,0.0196068402021365,0.434527380657345,0.410618608860099,"NRK"
1.65954909112529e-05,0.376105772059244,0.320431889080124,0.30344574336972,"MIA-RAB4B"
0.0321845836945599,0.342084079683686,0.159310210424232,0.466421126197523,"ADGRF4"
0.193604245900097,0.00123177657339411,0.321826264938577,0.483337712587931,"CNTN1"
0.0340336752514311,0.00562594626203475,0.762214597491989,0.198125780994545,"CCN5"
0.0405163481774748,0.125265317251355,0.272465030618764,0.561753303952406,"TENM4"
0.0403142917191103,0.113443526358832,0.478331129194531,0.367911052727527,"TMEM119"
0.107554308386125,0.587202019796996,0.167176540265359,0.13806713155152,"PWRN2"
0.174291885861166,0.219273026649165,0.348681815668769,0.257753271820901,"SLC1A1"
0.0688021669711951,0.253357825328037,0.372624990822307,0.305215016878461,"ADCY5"
0.00396990549968573,0.00087839737186475,0.629957071743297,0.365194625385152,"CCN3"
0.504762335040823,0.000595206006871923,0.103219966416411,0.391422492535894,"OTOP3"
0.0477030936484679,0.0160160213854266,0.382900891817497,0.553379993148609,"SYTL5"
0.000319937279234244,0.19439470706679,0.316280677729856,0.489004677924119,"IGFBP1"
0.228027785427344,0.43310795135957,0.157324615708913,0.181539647504174,"FKBP1A-SDCBP2"
0.131283163904243,0.427908521922547,0.170810859288589,0.269997454884621,"LOC105377319"
0.0691682402225204,0.0214148187792648,0.389408142911775,0.52000879808644,"LOC107984131"
0.140125357669027,0.0493772657325489,0.371097550783372,0.439399825815051,"MYO15B"
0.184009662661206,0.340236165099472,0.192098077145024,0.283656095094297,"B2M"
0.0137724968188463,0.49829337081066,0.267475003760039,0.220459128610455,"STXBP6"
0.00337866826673973,0.0109617370195261,0.461744709186738,0.523914885526996,"CAV1"
0.0177810180274637,0.290050678318326,0.282773712481693,0.409394591172518,"SLC25A15"
0.000348738384477631,0.491878728647782,0.248718028932826,0.259054504034915,"PVT1"
0.0415906101284028,0.0436327179759392,0.592541679105525,0.322234992790133,"ZEB2"
1.5409761923197e-05,0.297313501592748,0.23438835801824,0.468282730627089,"HID1"
0.0589581421134433,0.396006027395175,0.318173492971489,0.226862337519892,"SLITRK1"
0.0582103739801521,0.36179589704282,0.157816056840555,0.422177672136472,"TMSB10"
3.17834419602917e-05,0.0129890423948906,0.771199552667037,0.215779621496112,"MIR6516"
3.19509216217834e-05,0.015500343990781,0.769831045577624,0.214636659509973,"SCARNA16"
0.000647306151908758,0.115090409391788,0.534449419364184,0.349812865092119,"SRGN"
0.0297667057632521,0.0217808914205407,0.384461098281341,0.563991304534866,"PCDH20"
0.231656852081286,0.143480570801371,0.241984837322617,0.382877739794727,"H3C13"
0.00973445327541738,0.210925809292105,0.414928752159422,0.364410985273055,"GLI2"
0.0153891940805179,0.332239679146399,0.219002394271418,0.433368732501664,"LOC101929007"
0.0855593900392237,0.434010049093196,0.168466421127927,0.311964139739653,"JADE1"
0.000150600281259342,0.000747502639809469,0.72458679171679,0.274515105362141,"EMP1"
0.131822684225548,0.000135059757149783,0.384778391727088,0.483263864290214,"PIP5K1B"
0.00737613543249563,0.00579726624461892,0.525194842228749,0.461631756094136,"LINC02688"
0.0959903460596386,0.315520007469161,0.292270831223053,0.296218815248147,"CNKSR2"
0.00180164439370907,7.42632392109392e-05,0.859280158101719,0.138843934265361,"SIRT4"
0.0329374398136688,0.0445677177860184,0.474617007403597,0.447877834996716,"ZDHHC11B"
0.00160362392659516,0.226766073957757,0.550561964102879,0.221068338012769,"PLEK"
0.145510985255702,8.1427753228017e-06,0.317761552653739,0.536719319315236,"CDX2"
0.311201916358947,0.134917426368514,0.307630952013028,0.246249705259511,"NHERF4"
0.109785414259635,0.114409634360144,0.506031748019033,0.269773203361188,"SCG5"
0.00753120033789716,0.222707458470241,0.63589662790145,0.133864713290412,"105371441"
0.0953092625978126,0.135748181255829,0.452398146547499,0.316544409598859,"PTPRQ"
0.0972695335817934,0.326490995690431,0.449017488276017,0.127221982451758,"IGLV2-28"
0.161264749189526,0.300398503768288,0.284748302502089,0.253588444540097,"LOC148696"
0.0138514586789832,0.0563716777896368,0.579185266920224,0.350591596611156,"MN1"
0.0419433464922944,0.375765656632064,0.172581252778753,0.409709744096888,"ERN1"
0.0933572219403743,0.0526238255316507,0.267087020889621,0.586931931638354,"DKK2"
0.125630248249602,0.00568085876774822,0.637335100301868,0.231353792680781,"CCDC144A"
0.0339985955784397,0.115729844414029,0.293288413238574,0.556983146768958,"LUZP2"
0.0528141114658584,0.364566110485705,0.253029718279557,0.329590059768879,"MIR216A"
0.0827155312765781,0.370439035942648,0.259327221024508,0.287518211756266,"LOC285097"
0.0833139116947953,0.454020899497062,0.21499342121022,0.247671767597923,"SCD5"
0.00800660683157832,0.11589592357062,0.321556643508245,0.554540826089556,"GJB1"
0.00278931267661159,0.145903628826513,0.421043335333677,0.430263723163198,"FPR3"
0.199150030245031,0.168488317022821,0.211146572914699,0.421215079817449,"MEI4"
0.0131482154275397,0.445899430828049,0.238175338483915,0.302777015260497,"P2RY2"
0.0617220548816991,0.305773713933108,0.277002195483491,0.355502035701702,"IDO1"
0.0422042660433719,0.359054319980616,0.241532184971705,0.357209229004307,"GBP5"
0.080652251460643,0.525613694058943,0.13855161124712,0.255182443233294,"LOC105379613"
0.00348518116792495,0.239660375850227,0.338480511538189,0.41837393144366,"PTPRC"
0.00140932900759121,0.086698389354415,0.452370924511992,0.459521357126002,"AVPR1A"
0.211406746068967,0.381655034208248,0.213144601976821,0.193793617745964,"MROH3P"
0.0626649421488115,0.108906519738079,0.218482462913781,0.609946075199329,"HOXB6"
0.0028037157241533,0.0903191313536242,0.723382387731126,0.183494765191097,"MT-TF"
0.0452292579963932,0.371456003933952,0.226787225474378,0.356527512595277,"TRBV5-7"
0.000453114471580905,0.599156612177078,0.0996838377458631,0.300706435605478,"TMEM154"
0.0539511419066223,0.0644078060674396,0.405320526751899,0.476320525274039,"CPLX2"
0.000307455308322941,0.207795087721715,0.382833801519106,0.409063655450856,"ALOX5AP"
0.0314492849521974,0.349816928101964,0.284773160212249,0.33396062673359,"PRKAR2B"
0.00372023885238134,0.189135158126686,0.617260974945598,0.189883628075335,"RND1"
0.0116324564537954,0.0727656054554481,0.713127821717101,0.202474116373656,"107984294"
0.0154146543120528,0.220860229984318,0.166826761710141,0.596898353993489,"SGK1"
0.0107635963839118,0.0235252780215213,0.471142812543002,0.494568313051565,"PLEKHS1"
0.00360616687895436,0.279002011965221,0.463648357877491,0.253743463278334,"LIPG"
0.0383788993114336,0.166121186345311,0.558269197421728,0.237230716921527,"RADIL"
0.0111393207538437,0.0727958303692585,0.440438027610697,0.475626821266201,"DNM3OS"
0.00795324670427644,0.21101845654226,0.386292793718636,0.394735503034828,"ADAMTS16"
0.00596812847461712,0.336507297599988,0.348083462670826,0.309441111254569,"LRP8"
0.00181677420571238,0.10741087397015,0.385842607408011,0.504929744416127,"TREM2"
0.0805569908372924,0.544065226028341,0.145297371922583,0.230080411211784,"GALNT17"
0.0418516209554894,0.210299284651145,0.363620648859315,0.384228445534051,"CLDN11"
0.0945423012732549,0.208664774747991,0.398899091588579,0.297893832390176,"SVEP1"
0.0951304528089912,0.407247625392528,0.154596352369507,0.343025569428974,"LOC107984215"
0.0120767823762687,0.0163232366277026,0.342743901612567,0.628856079383461,"TRNP1"
0.108364999556558,0.280656652783258,0.269602476024507,0.341375871635677,"HJURP"
0.119756769897965,0.36970523227607,0.300729097779768,0.209808900046196,"TUBA1C"
0.0314578814357763,0.448805622925326,0.367870574638764,0.151865921000134,"AFAP1-AS1"
0.0200935252332449,0.00268984845367617,0.496061606383933,0.481155019929146,"PROM2"
0.0288204506600641,0.272955827373482,0.483722625956786,0.214501096009668,"IRF4"
0.00207893805441379,0.438616425885018,0.295018560127825,0.264286075932744,"IGLV3-25"
0.0261940995707037,0.00254549176692111,0.439276968466117,0.531983440196259,"AQP7"
0.0645223537073274,0.109901918518039,0.446759896642356,0.378815831132278,"HR"
0.13044272957926,0.280032797593478,0.336512873484884,0.253011599342378,"NUSAP1"
0.000450297308071867,4.35504551689882e-06,0.607445147477111,0.3921002001693,"CASQ2"
0.0469209845949717,0.0573724248811427,0.490107212739985,0.405599377783901,"LOC102724428"
0.115879995078312,0.208583832864197,0.247625906948313,0.427910265109178,"CADPS"
0.134682069100037,0.097744565076259,0.394747694492392,0.372825671331311,"EPCAM"
0.0186046430835972,3.8549399753361e-05,0.77293531623972,0.208421491276929,"SNORA26"
0.0818681872043784,0.372751359821576,0.317710532715362,0.227669920258684,"MIR29B2CHG"
0.0506391007483479,0.214487263813173,0.255522224359159,0.47935141107932,"SNORD148"
0.0330877963473001,0.00873485025045143,0.679004445892093,0.279172907510156,"MMP19"
0.000546512830388044,0.0558760166906953,0.60580278865738,0.337774681821536,"ITGA5"
0.00207909883608904,0.15866388401019,0.264528597229272,0.574728419924449,"FRMD6"
0.0092461767680461,0.0179764564486337,0.444948496120211,0.527828870663109,"RAB3B"
0.0698066566002875,0.593462815082808,0.130152536974173,0.206577991342731,"KAAG1"
0.00363122471309941,0.273894767878343,0.493485253113883,0.228988754294675,"PTAFR"
4.73392250405843e-05,0.0472430795514656,0.579832680428358,0.372876900795136,"AKR1C1"
0.0131592074420383,0.094297863052834,0.581312823921114,0.311230105584013,"DNAJB1"
0.231503862426214,0.333723370075456,0.256052653585116,0.178720113913215,"GPAT3"
0.099850335392817,0.363871737601319,0.303573343360413,0.232704583645451,"NBL1"
0.391842681829708,0.00720906840331298,0.100791361556493,0.500156888210485,"ABCC2"
0.0567413128116719,0.0632140456621899,0.402036228069579,0.478008413456559,"RBP4"
7.18277694127483e-07,0.27316632968939,0.328692342110975,0.398140609921941,"PLA2G7"
0.00149375255484227,0.201577544668652,0.368379381317665,0.428549321458842,"VWA5B2"
0.000435273361429401,0.0942021613602297,0.530135309091189,0.375227256187152,"CSF3R"
0.00658739510241659,0.0939367441709023,0.524241594219952,0.375234266506729,"SLC9B2"
0.0081863258666194,0.447594637816257,0.140022542395143,0.40419649392198,"CRAT"
0.100964594025096,0.0172712414039981,0.467662149065357,0.414102015505549,"VGLL3"
0.0141667449569457,0.263024508173693,0.206143520567656,0.516665226301705,"NPSR1"
0.00504778639720315,0.009076191541376,0.911667052429203,0.0742089696322183,"TRY-GTA5-5"
0.0139201344902164,0.00939944334981103,0.520221341848672,0.456459080311301,"CCL28"
0.0670337865755048,0.32236266154676,0.309787759500447,0.300815792377288,"105379282"
0.0189337347863065,0.472154338303922,0.23074246485752,0.278169462052252,"MCOLN3"
0.128170423585894,0.0241805485230161,0.372069942243568,0.475579085647522,"SERPINF1"
0.0061636741386711,0.233672998961015,0.280066056423812,0.480097270476502,"HNF1B"
0.297602064310542,0.174831088036032,0.262707867968806,0.26485897968462,"SLC40A1"
0.270721639148489,0.224443128061537,0.284239325629043,0.220595907160931,"BICC1"
0.00016331523422537,0.00710804390165047,0.627945663323698,0.364782977540426,"ITGA7"
0.00357044301167499,0.238153056053162,0.253513120977773,0.50476337995739,"IL1RAP"
0.0658120721414542,0.414443289964974,0.235382524544561,0.28436211334901,"TRBV12-2"
0.638484155452193,0.0209259587882774,0.0273203510123032,0.313269534747227,"MS4A10"
0.045157499970449,0.369747541236325,0.243357784098794,0.341737174694432,"TRBV11-1"
0.0129288174375104,0.479462901435552,0.270873460014632,0.236734821112305,"OAS3"
0.0208237593684589,0.351481265484691,0.296145889657168,0.331549085489682,"KLHL6"
0.000171823699068994,0.198967527548796,0.549378790211078,0.251481858541057,"SIGLEC1"
0.0211730070906472,0.299211288477069,0.329895328852759,0.349720375579524,"IL2RA"
0.190213112208771,0.372401148130863,0.198319594942641,0.239066144717725,"SLAMF7"
0.00418872369526317,0.0211937401175083,0.883528400972574,0.0910891352146548,"TRL-CAG2-1"
0.0128305518987623,0.486961032321089,0.134554362694514,0.365654053085635,"RAMP1"
0.0224338634918261,0.276723503098689,0.14647883603741,0.554363797372074,"SIDT2"
0.185235262410229,0.000561243673166424,0.464710520157235,0.349492973759369,"EBF1"
0.180639543208025,0.184017870633066,0.385046091344321,0.250296494814588,"SNORD13"
0.0169739682138972,0.0489029539644758,0.580963232439115,0.353159845382512,"GEM"
0.0419420696244433,0.537728757099346,0.245515607143904,0.174813566132307,"BCL11B"
0.000363015235211758,0.0728527555030949,0.509626458644172,0.417157770617522,"SLC7A11-AS1"
0.00461530346654141,1.29080085304696e-06,0.501085689398255,0.494297716334351,"RNVU1-1"
0.0182391841019154,0.0105942590952265,0.572366382716631,0.398800174086227,"FSIP1"
0.0131568490244024,0.0103089344297402,0.551699170323662,0.424835046222195,"SNCG"
8.04183123395558e-05,0.451175778900997,0.233636278121319,0.315107524665344,"GSDMC"
0.000667242845047951,0.0769108238138114,0.546490757717156,0.375931175623984,"MPEG1"
0.0284209181611254,0.217511337515039,0.266539379023553,0.487528365300282,"CREG2"
0.018247135787405,9.09512380379218e-05,0.911327097187016,0.070334815787541,"TRH-GTG1-8"
0.0302859073586222,0.590747467922105,0.221428512688722,0.157538112030551,"RIC3"
2.66054516110408e-05,0.213255280425479,0.487173394725567,0.299544719397343,"BST2"
0.0225237120735139,0.477912997514163,0.183362055279927,0.316201235132396,"STON2"
0.00834337379102075,0.302849818629844,0.302695433539534,0.386111374039602,"USP2"
0.0930732141017885,0.0394619968330333,0.299669179718154,0.567795609347024,"HNF4A"
0.0158492066742221,0.0878598872385602,0.560090534594974,0.336200371492244,"TPM1-AS"
0.0271947053901617,0.286702163823082,0.325949507873008,0.360153622913749,"NMRAL2P"
0.0261548942226706,0.457010471169631,0.257183760151745,0.259650874455953,"ADHFE1"
0.00664333618050274,0.175658304735073,0.152156906388622,0.665541452695802,"PBLD"
0.0341386201644804,0.213514024798732,0.145448008101011,0.606899346935776,"ABCC6"
0.0716595594921901,0.131448218971054,0.595177539149488,0.201714682387268,"APOLD1"
0.0284030735229315,4.81291277100851e-05,0.521720733856164,0.449828063493194,"FIBIN"
0.0925471251141941,0.419668028846838,0.280298714153162,0.207486131885806,"SYT6"
0.0798278069265956,0.0223388022804862,0.848532828949831,0.0493005618430874,"SCARNA28"
0.0534123963231638,0.397901166071214,0.25627446940021,0.292411968205413,"PFKP"
0.157188537743,0.190926811505565,0.279055672225111,0.372828978526324,"PTGR1"
0.294169249183102,0.164214658034064,0.237231109478199,0.304384983304635,"CCDC68"
0.0533387828875566,0.47219859737227,0.163825010644099,0.310637609096074,"OR8D4"
0.261130177973699,0.338135088982149,0.148707545681572,0.25202718736258,"HCP5"
0.0797845474703033,0.139533784556231,0.351788899044906,0.428892768928561,"GOLM1"
3.28407247284912e-06,0.147969002549108,0.313346293558107,0.538681419820313,"LOC105377524"
0.0734220888218665,0.331848480505383,0.204016197964848,0.390713232707903,"PKM"
0.00174509223605477,0.183539560279725,0.472733618760622,0.341981728723598,"ABLIM3"
0.04508492282705,0.121640277964397,0.407937338738596,0.425337460469957,"PDGFRB"
0.127451784983691,0.031390463791095,0.323798686772652,0.517359064452562,"UNC5D"
0.00331703912279792,0.112852385926192,0.586268539463555,0.297562035487455,"C1QA"
0.0203072697300637,0.474898962186721,0.207196906450012,0.297596861633203,"LOC400682"
0.214613001054014,0.11148312441029,0.310021584848994,0.363882289686702,"KCNJ3"
0.243814217110025,0.344168474562903,0.245451291607735,0.166566016719337,"IGHV4-61"
0.137972433380593,0.185110808789451,0.154488492434423,0.522428265395533,"H2AC25"
0.120713579263738,0.246500861325152,0.370537403900799,0.262248155510311,"GJD2"
0.020611225363058,0.47101777867237,0.169855107219145,0.338515888745427,"LINC00673"
0.0606605011965847,0.0543175913225306,0.538956800178715,0.34606510730217,"C9orf152"
0.00250335784941683,0.0935333631433206,0.360145933820053,0.54381734518721,"SDK2"
0.0299047622112505,0.241521649041093,0.450199744695669,0.278373844051987,"SLC16A5"
0.0744986472539381,0.458073914516234,0.286052361408658,0.18137507682117,"TNFSF15"
0.000625110395529671,0.100739026579106,0.547357013797047,0.351278849228317,"SYNM"
0.0409479976598159,0.128053030366355,0.530047687235105,0.300951284738724,"KCNK16"
0.1497443434557,0.300536483943376,0.169885202145543,0.379833970455381,"H2BC9"
0.0430634931516686,0.342992645031224,0.363812389217017,0.25013147260009,"NLRC5"
0.0167237854588472,0.38912327918896,0.214102725928584,0.380050209423609,"RUNX2"
0.119363959319447,0.478569764361552,0.239050219230863,0.163016057088138,"VDR"
0.0393876432622097,0.0105431575483766,0.388712238530827,0.561356960658587,"EPHB3"
0.03335576077725,0.0715516227514449,0.419350581792659,0.475742034678646,"AQP3"
0.0509942733618286,0.103554425601318,0.340222590003957,0.505228711032896,"FMN2"
0.0829764773949495,0.358935805591014,0.193522627084619,0.364565089929417,"CKAP2L"
0.00237876291513857,0.0622066222067755,0.326573118660229,0.608841496217857,"TM4SF1"
0.0627348265218566,0.306059664234838,0.252610042206101,0.378595467037205,"ZNF710"
0.0010200610692427,0.0779381813279115,0.557497832202784,0.363543925400062,"ATP10A"
0.0379232984499676,0.298485386535493,0.268519854849405,0.395071460165135,"EPHA2"
0.0658720648686555,0.0744183729057045,0.501815066274208,0.357894495951432,"ARHGAP23"
0.0318014198424772,0.354644207604116,0.148594403758418,0.464959968794989,"STEAP1"
0.00718083462731087,0.134720041822585,0.424815134308009,0.433283989242096,"RELN"
0.104182862255693,0.363743762230457,0.139268576893316,0.392804798620534,"LOC105373225"
0.237350946087911,0.399497346740589,0.181478512690233,0.181673194481267,"DZIP1"
0.124941648075049,0.00772156435312631,0.532013501647395,0.33532328592443,"CCN1"
0.0498000606771114,0.266677007923966,0.185849216778573,0.49767371462035,"LOC105377352"
0.0192029598568726,0.469014404391402,0.247974938814277,0.263807696937448,"LOC102724687"
0.0681751020431112,0.428235183591807,0.123589739572702,0.379999974792381,"TMEM51-AS1"
0.00600994072182215,0.0949645202234212,0.579300116502776,0.31972542255198,"FCER1G"
0.000690193196225141,0.0879679893642019,0.537992393943217,0.373349423496356,"EMILIN1"
0.00737826156939098,0.306135948059016,0.180390507840969,0.506095282530624,"MYOF"
0.159452763069199,0.278745030282621,0.338186210104807,0.223615996543374,"GCNT1"
0.152837314602102,0.311650484614936,0.17985697847078,0.355655222312181,"GOLGA8A"
0.00100135793604735,0.183698411586903,0.340400253094461,0.474899977382589,"TWIST1"
0.0906989523196702,0.321903823028635,0.260499638329804,0.326897586321891,"PRR11"
0.162751674843508,0.237956142989324,0.276709609224776,0.322582572942392,"POF1B"
0.0989327626230606,0.209859836183423,0.406180205034143,0.285027196159374,"LTK"
0.000239566434681118,0.0194453256472551,0.599861476318735,0.380453631599329,"PLN"
0.0408354293319577,0.184524442728967,0.201410393137179,0.573229734801896,"HOXB7"
0.00257038180927689,0.374901981822856,0.168216472590615,0.454311163777252,"CCEPR"
6.24370177478741e-08,0.218816009189468,0.181001366643195,0.600182561730319,"COL4A5"
0.0775746919400391,0.442851675244784,0.191984949351551,0.287588683463627,"CBFA2T3"
0.0187114496843176,0.183682823719628,0.492208895718912,0.305396830877142,"MELTF"
0.000257528480468984,0.0406968027794437,0.526384838350164,0.432660830389923,"LTBP1"
0.00213557968221194,0.117061966565487,0.451629053025876,0.429173400726426,"ST6GALNAC5"
0.515953006497169,0.0593167055524029,0.0468031770425199,0.377927110907908,"CCL25"
0.0268029405081458,0.0241932175410703,0.576828197866235,0.372175644084549,"DDR2"
0.488765744554746,0.126956227368647,0.111658534668944,0.272619493407663,"TM6SF2"
0.00299564080303431,0.00016692290071737,0.459111338714239,0.537726097582009,"TMEM47"
0.115205053645962,0.279478657489073,0.188460921985764,0.416855366879201,"IFNE"
0.0564634221937142,0.0114457753792552,0.523131367729905,0.408959434697126,"VIM"
0.25891295289509,0.0981033205889291,0.233379496768968,0.409604229747013,"MIR194-2HG"
0.0143661964759915,0.0136242176864253,0.630432958559694,0.34157662727789,"RPS21"
0.0719600755830569,0.316061847713578,0.41807436205924,0.193903714644126,"IGHV5-51"
0.154368995530259,0.412026325210495,0.143967675178119,0.289637004081126,"GLRX"
0.051669457494972,0.502118836003363,0.242263799673677,0.203947906827989,"ELF4"
0.10807114687924,0.416641762471236,0.29730712659659,0.177979964052933,"ISG20"
0.0674693424492066,0.104669160033331,0.609108698459413,0.218752799058049,"SNORA50B"
0.00493110112191405,0.130106581072205,0.380738723545325,0.484223594260556,"ZNF521"
0.0103354776028498,0.289157216690844,0.373221268284751,0.327286037421555,"TNFSF11"
0.0248559894456918,0.281260670236979,0.289806872475961,0.404076467841368,"TRBV5-6"
0.0152668850507688,0.416578859782956,0.145815448977596,0.42233880618868,"XBP1"
0.0591196999088585,0.453549354095119,0.195551637480866,0.291779308515156,"ERVE-5"
0.0372037877864638,0.00676722541477522,0.569915099698068,0.386113887100693,"TIMP3"
0.000168763008501887,0.364130144980379,0.356065648871405,0.279635443139715,"MSMO1"
0.0125960488979314,0.129378429837184,0.356259100314992,0.501766420949893,"B4GALNT3"
0.0715220117378955,0.0303197193150555,0.611810882511215,0.286347386435834,"NHSL2"
0.00015341773584882,0.348042130386977,0.413631369929434,0.238173081947739,"LOC107986127"
0.007053671578101,0.387577634415553,0.246548351510514,0.358820342495833,"BSPRY"
0.143725618943601,0.00113417540618784,0.525014767958223,0.330125437691988,"MIR100HG"
0.0174498065039855,0.0372814988577637,0.576317920547892,0.368950774090359,"RGPD2"
0.0947658438061124,0.256297131269395,0.113143859659191,0.535793165265301,"ALDH1L1"
0.0171321168261616,0.447834533546255,0.187208291622677,0.347825058004907,"PSKH1"
0.0477538743791324,0.00216274375409244,0.385110148656193,0.564973233210582,"C4BPA"
0.00136842646864392,0.238168720584635,0.385766180519014,0.374696672427707,"WDFY4"
0.00387987337403365,0.280816510731887,0.37803768582204,0.33726593007204,"DOCK2"
0.147433100081001,0.353268469178269,0.205709752420297,0.293588678320433,"HMGA1"
0.00160928748792376,0.00294686333630612,0.553857719893816,0.441586129281954,"PLXNA4"
0.0273309403543705,0.0891211646905347,0.396989499178867,0.486558395776228,"PDX1"
0.1208387948766,0.252684736491571,0.332270058984057,0.294206409647772,"TMEM238L"
0.0195468515355474,0.12590655539896,0.477369717529092,0.3771768755364,"C16orf89"
0.0638003225657045,0.272086362513726,0.310185944093289,0.353927370827281,"IGHV3-49"
0.0464412837478186,0.0964443310312878,0.50952845159773,0.347585933623164,"ZFPM2"
0.0838988614112684,0.098271512397281,0.359625870347715,0.458203755843736,"STK32A-AS1"
0.25062226257306,0.341119555302064,0.248391878328556,0.15986630379632,"HTATIP2"
0.0307644375677352,0.30247630463263,0.359275538188666,0.307483719610969,"102724584"
0.00728105352968472,0.25383057681984,0.295633457926794,0.443254911723681,"LOC105374836"
0.00870619696935849,0.153155624019246,0.254513973620882,0.583624205390513,"AATK"
0.0593891739888268,0.293599655436007,0.302921361933227,0.344089808641939,"CPNE7"
0.00494131740431127,0.314207806177768,0.38919077631554,0.291660100102381,"TINAGL1"
4.89788344108062e-05,0.353280627701912,0.254100991144409,0.392569402319268,"LOC107984537"
0.0042902709683994,0.00655004183456297,0.896103609682339,0.093056077514699,"JUNB"
0.0839895147570729,0.415718823311634,0.266344166917521,0.233947495013772,"CDKN2B"
0.329085195537095,0.0861441213960732,0.447086029560929,0.137684653505903,"HLA-L"
0.117601690125436,0.210830742170425,0.27869848198841,0.392869085715729,"MAL2-AS1"
